text,department,section,priority,time_bucket
traction substation check on New Delhi-Ghaziabad stretch early morning this weekend,trd,NDLS-MTJ,medium,early_morning
"Can you schedule a 3h traction substation check on the Pandit Deen Dayal Upadhyaya Jn section tomorrow late at night, urgent",trd,ALD-MGS,critical,night
"schedule a quick feeder cable maintenance in 3 days during the afternoon on the Bhopal-Itarsi stretch, low priority",trd,BPL-ET,low,afternoon
"need overhead line repair on near Agra today in the morning, important",trd,AGC-CNB,high,morning
"optical fiber repair on AGC-CNB in the midnight window , non-urgent a 3h today",st,AGC-CNB,low,night
"schedule a 2h auto tensioning device check in 3 days late at night on the Agra-Kanpur stretch, high priority",trd,AGC-CNB,high,night
track geometry check on Kanpur Central section during the morning a 4h tomorrow,engg,AGC-CNB,medium,morning
"OHE wire tensioning on the Delhi-Mathura corridor before dawn , important a 2h next tuesday",trd,NDLS-MTJ,high,early_morning
"schedule a 2h feeder cable maintenance next tuesday overnight on near Bhopal, critical",trd,BPL-ET,critical,night
"Please schedule a 2h traction transformer check tonight on Agra to Kanpur, whenever convenient",trd,AGC-CNB,low,unspecified
Non-urgent insulator cleaning required near near Prayagraj tomorrow during the afternoon,trd,ALD-MGS,low,afternoon
Important broken rail repair required near NDLS-MTJ next friday,engg,NDLS-MTJ,high,unspecified
"circuit breaker testing on near Prayagraj , top priority a 3h next saturday",trd,ALD-MGS,critical,unspecified
"Please plan interlocking check on Kanpur Central section overnight next thursday, priority",st,AGC-CNB,high,night
"Can you schedule a quick track circuit fault on near Bhopal next thursday in the morning, important",engg,BPL-ET,high,morning
"Can you schedule a 1h traction motor check on CNB-ALD in the morning, an emergency",trd,CNB-ALD,critical,morning
"Kindly plan track patrolling on CNB-ALD next thursday, important",engg,CNB-ALD,high,unspecified
"We need to a 3h overhead line repair on the Mathura-Agra stretch next wednesday during the afternoon, as soon as possible",trd,MTJ-AGC,high,afternoon
"a 1h track tamping on near New Delhi next friday in the evening, asap",engg,NDLS-MTJ,critical,evening
"OHE wire tensioning on New Delhi to Mathura in the morning , urgent a 1h next thursday",trd,NDLS-MTJ,critical,morning
"axle counter testing on Allahabad to Mughalsarai during the afternoon , low priority tomorrow",st,ALD-MGS,low,afternoon
"Requesting to need telecom cable repair on Prayagraj section, routine",st,CNB-ALD,low,unspecified
"Please a 2 hour track tamping on Mathura to Agra day after tomorrow in the afternoon, low priority",engg,MTJ-AGC,low,afternoon
"Please schedule a quick signal failure attention today in the evening on ALD-MGS, top priority",st,ALD-MGS,critical,evening
Routine relay room maintenance required near Kanpur to Allahabad before dawn,st,CNB-ALD,low,early_morning
"signal cable inspection on the Bhopal-Itarsi stretch before dawn , low priority tomorrow",st,BPL-ET,low,early_morning
"Can you schedule schedule a quick OHE inspection next thursday during the evening on near Bhopal, urgent",trd,BPL-ET,critical,evening
"Can you schedule schedule sleeper replacement next tuesday late at night on New Delhi to Mathura, asap",engg,NDLS-MTJ,critical,night
"power supply inspection on the Delhi-Mathura corridor , immediately a 1h day after tomorrow",trd,NDLS-MTJ,critical,unspecified
As soon as possible axle counter testing required near Kanpur Central section in 3 days during the afternoon,st,AGC-CNB,high,afternoon
"Kindly need power supply inspection on NDLS-MTJ today before dawn, as soon as possible",trd,NDLS-MTJ,high,early_morning
"Please need rail welding repair on near Prayagraj next saturday during the evening, top priority",engg,ALD-MGS,critical,evening
"formation strengthening on New Delhi-Ghaziabad stretch in the morning , as soon as possible a 2h this weekend",engg,NDLS-MTJ,high,morning
"Kindly a 2 hour auto tensioning device check on the Agra-Kanpur stretch next saturday at night, minor",trd,AGC-CNB,low,night
"bridge inspection on near Mathura next thursday during the evening, priority",engg,MTJ-AGC,high,evening
Kindly a 2h catenary wire repair on ALD-MGS in the afternoon,trd,ALD-MGS,medium,afternoon
"Please schedule a 4h axle counter testing next friday during the evening on Bhopal to Itarsi, an emergency",st,BPL-ET,critical,evening
"broken rail repair on Agra Cantt section , critical a 2 hour in 3 days",engg,MTJ-AGC,critical,unspecified
"We need to need rail grinding on MTJ-AGC tomorrow in the afternoon, routine",engg,MTJ-AGC,low,afternoon
"need block section telephone repair on Mathura to Agra next monday before dawn, top priority",st,MTJ-AGC,critical,early_morning
Kindly a 3h signal circuit testing on the Pandit Deen Dayal Upadhyaya Jn section tonight overnight,st,ALD-MGS,medium,night
Please need deep screening on near Kanpur next tuesday in the evening,engg,CNB-ALD,medium,evening
"Can you schedule need track patrolling on CNB-ALD next saturday in the afternoon, as soon as possible",engg,CNB-ALD,high,afternoon
Requesting to need auto tensioning device check on New Delhi-Ghaziabad stretch next monday,trd,NDLS-MTJ,medium,unspecified
"need catenary wire repair on Agra Cantt section next tuesday during the evening, low priority",trd,MTJ-AGC,low,evening
axle counter testing required near the Kanpur-Prayagraj stretch next saturday during the afternoon,st,CNB-ALD,medium,afternoon
Please schedule a 2h catenary wire repair next saturday late at night on BPL-ET,trd,BPL-ET,medium,night
"Can you schedule schedule a 4h track inspection next tuesday in the midnight window on New Delhi to Mathura, non-urgent",engg,NDLS-MTJ,low,night
Low priority traction transformer check required near Prayagraj section this weekend in the pre-dawn hours,trd,CNB-ALD,low,early_morning
"We need to schedule ballast renewal in a week in the evening on the Bhopal-Itarsi stretch, routine",engg,BPL-ET,low,evening
We need to schedule a 3h signal circuit testing in a week during the evening on the Prayagraj-Mughalsarai stretch,st,ALD-MGS,medium,evening
auto tensioning device check required near Prayagraj section in 3 days,trd,CNB-ALD,medium,unspecified
"Kindly plan feeder cable maintenance on Kanpur Central section in the morning day after tomorrow, top priority",trd,AGC-CNB,critical,morning
"We need to need ballast renewal on Mathura to Agra today, low priority",engg,MTJ-AGC,low,unspecified
Priority circuit breaker testing required near CNB-ALD in a week in the afternoon,trd,CNB-ALD,high,afternoon
Whenever convenient signal maintenance required near near Agra next wednesday in the evening,st,AGC-CNB,low,evening
Low priority signal maintenance required near near Kanpur next friday in the afternoon,st,CNB-ALD,low,afternoon
"Please a 2 hour power supply inspection on BPL-ET in a week in the afternoon, top priority",trd,BPL-ET,critical,afternoon
"We need to need signal cable inspection on Agra to Kanpur day after tomorrow during the morning, minor",st,AGC-CNB,low,morning
"Requesting to a quick rail welding repair on New Delhi-Ghaziabad stretch today in the pre-dawn hours, an emergency",engg,NDLS-MTJ,critical,early_morning
"Can you schedule schedule track tamping next saturday before dawn on MTJ-AGC, important",engg,MTJ-AGC,high,early_morning
"need route relay interlocking check on near Agra today before dawn, high priority",st,AGC-CNB,high,early_morning
"OHE wire tensioning on Prayagraj section in the evening , high priority a 4h today",trd,CNB-ALD,high,evening
"plan OHE snag rectification on the Delhi-Mathura corridor during the evening next saturday, an emergency",trd,NDLS-MTJ,critical,evening
"traction motor check on Ghaziabad section during the afternoon , routine a quick next saturday",trd,NDLS-MTJ,low,afternoon
Can you schedule need track geometry check on the Mathura-Agra stretch in a week during the afternoon,engg,MTJ-AGC,medium,afternoon
block section telephone repair required near MTJ-AGC next friday before dawn,st,MTJ-AGC,medium,early_morning
"Kindly need signal maintenance on near Kanpur in 3 days before dawn, priority",st,CNB-ALD,high,early_morning
Asap traction transformer check required near the Agra-Kanpur stretch tomorrow early morning,trd,AGC-CNB,critical,early_morning
"OHE snag rectification on Agra Cantt section at night , whenever convenient a 1h day after tomorrow",trd,MTJ-AGC,low,night
Can you schedule need rail grinding on the Bhopal-Itarsi stretch next tuesday during the evening,engg,BPL-ET,medium,evening
Kindly a 1h route relay interlocking check on near Kanpur this weekend early morning,st,CNB-ALD,medium,early_morning
"Can you schedule plan insulator cleaning on Bhopal to Itarsi day after tomorrow, important",trd,BPL-ET,high,unspecified
Requesting to plan pantograph inspection on New Delhi to Mathura in the morning day after tomorrow,trd,NDLS-MTJ,medium,morning
plan rail grinding on NDLS-MTJ today,engg,NDLS-MTJ,medium,unspecified
a 2 hour relay room maintenance on Prayagraj section in a week overnight,st,CNB-ALD,medium,night
"Please relay room maintenance on the Delhi-Mathura corridor day after tomorrow in the pre-dawn hours, critical",st,NDLS-MTJ,critical,early_morning
Priority OHE snag rectification required near the Kanpur-Prayagraj stretch day after tomorrow during the afternoon,trd,CNB-ALD,high,afternoon
"schedule a 4h optical fiber repair day after tomorrow on ALD-MGS, critical",st,ALD-MGS,critical,unspecified
"We need to need ballast renewal on ALD-MGS this weekend during the afternoon, high priority",engg,ALD-MGS,high,afternoon
"Requesting to plan track tamping on near Agra day after tomorrow, routine",engg,AGC-CNB,low,unspecified
"Please a 2h OHE snag rectification on Agra Cantt section tonight in the pre-dawn hours, asap",trd,MTJ-AGC,critical,early_morning
ballast renewal required near the Agra-Kanpur stretch this weekend in the midnight window,engg,AGC-CNB,medium,night
"Kindly plan level crossing signal check on the Pandit Deen Dayal Upadhyaya Jn section in the evening next tuesday, routine",st,ALD-MGS,low,evening
Top priority signal maintenance required near New Delhi to Mathura in 3 days in the morning,st,NDLS-MTJ,critical,morning
Priority OHE wire tensioning required near near Kanpur today,trd,CNB-ALD,high,unspecified
"We need to plan telecom cable repair on BPL-ET during the afternoon day after tomorrow, as soon as possible",st,BPL-ET,high,afternoon
rail welding repair on near New Delhi in the midnight window a 3h in a week,engg,NDLS-MTJ,medium,night
"schedule a 2 hour circuit breaker testing next saturday during the evening on CNB-ALD, as soon as possible",trd,CNB-ALD,high,evening
"level crossing signal check on near Mathura at night , whenever convenient a 3h next saturday",st,MTJ-AGC,low,night
"Requesting to schedule rail grinding next wednesday early morning on ALD-MGS, routine",engg,ALD-MGS,low,early_morning
Can you schedule schedule a 2 hour route relay interlocking check tomorrow during the afternoon on the Agra-Kanpur stretch,st,AGC-CNB,medium,afternoon
"Can you schedule need axle counter testing on the Prayagraj-Mughalsarai stretch next monday during the morning, high priority",st,ALD-MGS,high,morning
"Can you schedule plan rail grinding on near Bhopal during the afternoon next monday, low priority",engg,BPL-ET,low,afternoon
Priority relay room maintenance required near Agra to Kanpur before dawn,st,AGC-CNB,high,early_morning
"Kindly a 3h OHE snag rectification on Prayagraj section next thursday late at night, priority",trd,CNB-ALD,high,night
"Please a 4h interlocking check on the Pandit Deen Dayal Upadhyaya Jn section in a week before dawn, top priority",st,ALD-MGS,critical,early_morning
Routine signal failure attention required near near Agra next monday during the morning,st,AGC-CNB,low,morning
"OHE inspection on ALD-MGS in the pre-dawn hours , as soon as possible a 2 hour today",trd,ALD-MGS,high,early_morning
"need auto tensioning device check on Ghaziabad section next monday at night, as soon as possible",trd,NDLS-MTJ,high,night
"plan telecom cable repair on Kanpur to Allahabad in the evening tonight, priority",st,CNB-ALD,high,evening
Non-urgent optical fiber repair required near Bhopal to Itarsi next wednesday early morning,st,BPL-ET,low,early_morning
signal circuit testing on Ghaziabad section in the midnight window a 3h next monday,st,NDLS-MTJ,medium,night
We need to plan route relay interlocking check on Kanpur Central section during the afternoon today,st,AGC-CNB,medium,afternoon
"optical fiber repair on near Agra during the afternoon , top priority a 3h",st,AGC-CNB,critical,afternoon
Please plan formation strengthening on the Pandit Deen Dayal Upadhyaya Jn section during the evening tomorrow,engg,ALD-MGS,medium,evening
"We need to a quick signal circuit testing on Bhopal to Itarsi day after tomorrow, top priority",st,BPL-ET,critical,unspecified
"Please plan traction motor check on Bhopal to Itarsi during the morning tonight, an emergency",trd,BPL-ET,critical,morning
"Kindly a quick level crossing signal check on near Prayagraj this weekend during the afternoon, as soon as possible",st,ALD-MGS,high,afternoon
"need interlocking check on Mathura to Agra in 3 days in the morning, non-urgent",st,MTJ-AGC,low,morning
traction substation check required near near Kanpur today,trd,CNB-ALD,medium,unspecified
High priority deep screening required near near Prayagraj this weekend,engg,ALD-MGS,high,unspecified
ballast renewal required near NDLS-MTJ tomorrow at night,engg,NDLS-MTJ,medium,night
Non-urgent telecom cable repair required near the Bhopal-Itarsi stretch next tuesday,st,BPL-ET,low,unspecified
Kindly a quick overhead line repair on AGC-CNB tomorrow during the afternoon,trd,AGC-CNB,medium,afternoon
"We need to a quick traction motor check on near Prayagraj today in the morning, immediately",trd,ALD-MGS,critical,morning
"Can you schedule schedule a quick feeder cable maintenance tonight in the morning on the Bhopal-Itarsi stretch, urgent",trd,BPL-ET,critical,morning
"need track circuit fault on Allahabad to Mughalsarai in 3 days in the morning, important",engg,ALD-MGS,high,morning
"Kindly schedule ballast renewal tonight on near Prayagraj, high priority",engg,ALD-MGS,high,unspecified
traction motor check on New Delhi to Mathura in the pre-dawn hours a 3h next tuesday,trd,NDLS-MTJ,medium,early_morning
"rail welding repair on near Kanpur in the evening , immediately next friday",engg,CNB-ALD,critical,evening
"pantograph inspection on CNB-ALD during the afternoon , immediately next saturday",trd,CNB-ALD,critical,afternoon
"Can you schedule plan interlocking check on near New Delhi before dawn next friday, high priority",st,NDLS-MTJ,high,early_morning
Requesting to a quick traction motor check on the Kanpur-Prayagraj stretch today during the evening,trd,CNB-ALD,medium,evening
Whenever convenient OHE wire tensioning required near Allahabad to Mughalsarai next monday before dawn,trd,ALD-MGS,low,early_morning
Minor route relay interlocking check required near near New Delhi next monday,st,NDLS-MTJ,low,unspecified
"Can you schedule a 1h rail fracture repair on NDLS-MTJ in 3 days, routine",engg,NDLS-MTJ,low,unspecified
"need insulator cleaning on near Prayagraj in a week during the morning, immediately",trd,ALD-MGS,critical,morning
"need pantograph inspection on AGC-CNB tomorrow, important",trd,AGC-CNB,high,unspecified
"Requesting to need traction motor check on near New Delhi next friday in the evening, priority",trd,NDLS-MTJ,high,evening
ballast renewal on near Agra late at night a 1h in a week,engg,AGC-CNB,medium,night
"We need to need interlocking check on MTJ-AGC next tuesday in the evening, top priority",st,MTJ-AGC,critical,evening
"bridge inspection on near Agra early morning , urgent a 3h in 3 days",engg,AGC-CNB,critical,early_morning
"Can you schedule a 1h rail grinding on Prayagraj section day after tomorrow during the afternoon, non-urgent",engg,CNB-ALD,low,afternoon
"We need to plan signal cable inspection on near New Delhi, non-urgent",st,NDLS-MTJ,low,unspecified
Important track inspection required near near Mathura next monday during the morning,engg,MTJ-AGC,high,morning
"Requesting to need overhead line repair on Mathura to Agra next thursday, non-urgent",trd,MTJ-AGC,low,unspecified
Routine track geometry check required near BPL-ET in a week in the afternoon,engg,BPL-ET,low,afternoon
overhead line repair required near Itarsi section next monday in the afternoon,trd,BPL-ET,medium,afternoon
"We need to need traction motor check on Ghaziabad section next thursday during the afternoon, critical",trd,NDLS-MTJ,critical,afternoon
"Please need traction motor check on near Mathura next thursday in the evening, high priority",trd,MTJ-AGC,high,evening
"Can you schedule schedule a 1h route relay interlocking check tomorrow before dawn on Bhopal to Itarsi, high priority",st,BPL-ET,high,early_morning
"traction substation check on Agra Cantt section during the evening , non-urgent a 3h next saturday",trd,MTJ-AGC,low,evening
"Kindly need traction motor check on near Bhopal next wednesday in the midnight window, priority",trd,BPL-ET,high,night
"Kindly need OHE inspection on the Agra-Kanpur stretch during the afternoon, an emergency",trd,AGC-CNB,critical,afternoon
"rail joint repair on the Delhi-Mathura corridor in the evening , whenever convenient a quick next wednesday",engg,NDLS-MTJ,low,evening
"bridge inspection on the Pandit Deen Dayal Upadhyaya Jn section in the afternoon , high priority a quick in 3 days",engg,ALD-MGS,high,afternoon
"Can you schedule plan sleeper replacement on Bhopal to Itarsi next wednesday, critical",engg,BPL-ET,critical,unspecified
"Requesting to need bridge inspection on near Agra in 3 days in the morning, whenever convenient",engg,AGC-CNB,low,morning
"bridge inspection on the Delhi-Mathura corridor in the morning , minor next monday",engg,NDLS-MTJ,low,morning
"formation strengthening on near Agra in the evening , low priority a 3h day after tomorrow",engg,AGC-CNB,low,evening
"need block section telephone repair on the Mathura-Agra stretch next thursday, top priority",st,MTJ-AGC,critical,unspecified
"Kindly point machine repair on near Mathura tonight early morning, low priority",st,MTJ-AGC,low,early_morning
"Please schedule a 2 hour OHE snag rectification next friday in the morning on the Prayagraj-Mughalsarai stretch, top priority",trd,ALD-MGS,critical,morning
"Requesting to schedule a 4h track circuit fault next monday in the midnight window on the Bhopal-Itarsi stretch, priority",engg,BPL-ET,high,night
"optical fiber repair on Kanpur Central section during the morning , important a 1h in a week",st,AGC-CNB,high,morning
"Please plan circuit breaker testing on near Kanpur during the evening tonight, non-urgent",trd,CNB-ALD,low,evening
"Can you schedule a quick track circuit fault on AGC-CNB this weekend in the evening, minor",engg,AGC-CNB,low,evening
"We need to need interlocking check on near Mathura today before dawn, non-urgent",st,MTJ-AGC,low,early_morning
need track geometry check on Ghaziabad section next monday in the afternoon,engg,NDLS-MTJ,medium,afternoon
"Requesting to schedule a 2 hour track circuit fault in a week overnight on near Bhopal, important",engg,BPL-ET,high,night
"Please plan circuit breaker testing on the Kanpur-Prayagraj stretch overnight tomorrow, urgent",trd,CNB-ALD,critical,night
An emergency power supply inspection required near the Pandit Deen Dayal Upadhyaya Jn section today before dawn,trd,ALD-MGS,critical,early_morning
"Can you schedule schedule a 3h OHE snag rectification next saturday in the afternoon on the Pandit Deen Dayal Upadhyaya Jn section, urgent",trd,ALD-MGS,critical,afternoon
"catenary wire repair on Kanpur Central section in the morning , asap a 2 hour next friday",trd,AGC-CNB,critical,morning
"We need to a quick traction substation check on near Prayagraj next tuesday in the evening, asap",trd,ALD-MGS,critical,evening
"overhead line repair on near Agra overnight , an emergency a 4h tomorrow",trd,AGC-CNB,critical,night
"broken rail repair on near Prayagraj during the morning , high priority a 4h in a week",engg,ALD-MGS,high,morning
"Please a 2h route relay interlocking check on Kanpur to Allahabad, high priority",st,CNB-ALD,high,unspecified
Requesting to schedule formation strengthening day after tomorrow during the evening on near New Delhi,engg,NDLS-MTJ,medium,evening
telecom cable repair required near New Delhi-Ghaziabad stretch next tuesday overnight,st,NDLS-MTJ,medium,night
Minor telecom cable repair required near Agra Cantt section in 3 days during the evening,st,MTJ-AGC,low,evening
Kindly need track geometry check on Allahabad to Mughalsarai next monday at night,engg,ALD-MGS,medium,night
"Kindly plan optical fiber repair on Itarsi section during the morning, priority",st,BPL-ET,high,morning
"block instrument check on BPL-ET , top priority a 3h next monday",st,BPL-ET,critical,unspecified
"Requesting to need track inspection on the Mathura-Agra stretch tomorrow early morning, routine",engg,MTJ-AGC,low,early_morning
"plan signal cable inspection on ALD-MGS during the morning next wednesday, priority",st,ALD-MGS,high,morning
sleeper replacement required near Kanpur Central section early morning,engg,AGC-CNB,medium,early_morning
overhead line repair on ALD-MGS a 3h tomorrow,trd,ALD-MGS,medium,unspecified
"Requesting to need axle counter testing on New Delhi to Mathura next wednesday in the pre-dawn hours, immediately",st,NDLS-MTJ,critical,early_morning
Requesting to schedule a 4h traction motor check this weekend in the pre-dawn hours on BPL-ET,trd,BPL-ET,medium,early_morning
"Can you schedule plan level crossing signal check on MTJ-AGC before dawn, important",st,MTJ-AGC,high,early_morning
"We need to plan relay room maintenance on Allahabad to Mughalsarai during the morning this weekend, urgent",st,ALD-MGS,critical,morning
"Requesting to plan signal failure attention on the Kanpur-Prayagraj stretch in the morning next wednesday, critical",st,CNB-ALD,critical,morning
"Can you schedule schedule point machine repair in a week in the afternoon on the Prayagraj-Mughalsarai stretch, important",st,ALD-MGS,high,afternoon
"Kindly schedule point machine repair in a week during the evening on near Mathura, as soon as possible",st,MTJ-AGC,high,evening
Please schedule a 3h insulator cleaning next friday in the evening on Agra to Kanpur,trd,AGC-CNB,medium,evening
Can you schedule need power supply inspection on the Bhopal-Itarsi stretch at night,trd,BPL-ET,medium,night
"We need to schedule a 2h feeder cable maintenance next saturday on the Pandit Deen Dayal Upadhyaya Jn section, immediately",trd,ALD-MGS,critical,unspecified
Top priority overhead line repair required near Kanpur Central section next wednesday late at night,trd,AGC-CNB,critical,night
Kindly plan bridge inspection on Allahabad to Mughalsarai next tuesday,engg,ALD-MGS,medium,unspecified
"a 1h traction substation check on Agra to Kanpur tomorrow during the morning, routine",trd,AGC-CNB,low,morning
Important signal cable inspection required near the Pandit Deen Dayal Upadhyaya Jn section tomorrow during the morning,st,ALD-MGS,high,morning
"Please schedule a 2 hour circuit breaker testing next thursday in the midnight window on near Kanpur, routine",trd,CNB-ALD,low,night
a 3h traction motor check on NDLS-MTJ day after tomorrow during the evening,trd,NDLS-MTJ,medium,evening
"Can you schedule schedule a 3h point machine repair in the midnight window on near Agra, minor",st,AGC-CNB,low,night
"Requesting to plan level crossing signal check on AGC-CNB during the afternoon in a week, non-urgent",st,AGC-CNB,low,afternoon
Please plan ballast renewal on Ghaziabad section during the evening in 3 days,engg,NDLS-MTJ,medium,evening
"We need to plan overhead line repair on ALD-MGS in the pre-dawn hours next monday, urgent",trd,ALD-MGS,critical,early_morning
"point machine repair on the Prayagraj-Mughalsarai stretch during the evening , as soon as possible a 2 hour tonight",st,ALD-MGS,high,evening
"Kindly need optical fiber repair on the Agra-Kanpur stretch in a week during the morning, non-urgent",st,AGC-CNB,low,morning
Can you schedule plan traction substation check on the Kanpur-Prayagraj stretch during the evening day after tomorrow,trd,CNB-ALD,medium,evening
"Requesting to schedule a quick track patrolling tonight during the evening on the Delhi-Mathura corridor, low priority",engg,NDLS-MTJ,low,evening
"deep screening on BPL-ET during the afternoon , high priority a 1h next tuesday",engg,BPL-ET,high,afternoon
"Can you schedule need track geometry check on the Prayagraj-Mughalsarai stretch next thursday, routine",engg,ALD-MGS,low,unspecified
circuit breaker testing on the Pandit Deen Dayal Upadhyaya Jn section during the afternoon a 2h next thursday,trd,ALD-MGS,medium,afternoon
"Please need OHE wire tensioning on near Bhopal next thursday before dawn, low priority",trd,BPL-ET,low,early_morning
route relay interlocking check on Agra Cantt section during the morning day after tomorrow,st,MTJ-AGC,medium,morning
As soon as possible overhead line repair required near near Kanpur this weekend overnight,trd,CNB-ALD,high,night
"Kindly schedule a 4h pantograph inspection next thursday during the evening on Itarsi section, important",trd,BPL-ET,high,evening
"a 1h deep screening on the Bhopal-Itarsi stretch next saturday late at night, important",engg,BPL-ET,high,night
"telecom cable repair on Itarsi section early morning , top priority a 1h next thursday",st,BPL-ET,critical,early_morning
Requesting to plan relay room maintenance on Bhopal to Itarsi in the morning in 3 days,st,BPL-ET,medium,morning
"We need to schedule a 2 hour sleeper replacement in a week early morning on BPL-ET, priority",engg,BPL-ET,high,early_morning
"auto tensioning device check on AGC-CNB in the evening , an emergency a 2h next monday",trd,AGC-CNB,critical,evening
Minor insulator cleaning required near Kanpur to Allahabad next monday early morning,trd,CNB-ALD,low,early_morning
"Please schedule a 4h pantograph inspection next friday during the morning on Bhopal to Itarsi, top priority",trd,BPL-ET,critical,morning
"schedule a 4h auto tensioning device check next tuesday in the morning on Itarsi section, non-urgent",trd,BPL-ET,low,morning
"Kindly need rail welding repair on Agra to Kanpur next wednesday in the afternoon, an emergency",engg,AGC-CNB,critical,afternoon
"optical fiber repair on the Bhopal-Itarsi stretch , an emergency a 1h this weekend",st,BPL-ET,critical,unspecified
"Requesting to need rail welding repair on Agra to Kanpur this weekend, non-urgent",engg,AGC-CNB,low,unspecified
Priority optical fiber repair required near Mathura to Agra this weekend before dawn,st,MTJ-AGC,high,early_morning
"insulator cleaning on the Kanpur-Prayagraj stretch , important a 2 hour next thursday",trd,CNB-ALD,high,unspecified
"Please schedule a 3h interlocking check next friday in the evening on ALD-MGS, asap",st,ALD-MGS,critical,evening
"plan block section telephone repair on the Pandit Deen Dayal Upadhyaya Jn section in the pre-dawn hours next friday, top priority",st,ALD-MGS,critical,early_morning
"Requesting to need signal failure attention on Ghaziabad section next thursday in the afternoon, priority",st,NDLS-MTJ,high,afternoon
"We need to need OHE inspection on near Kanpur today in the pre-dawn hours, top priority",trd,CNB-ALD,critical,early_morning
"traction substation check on ALD-MGS overnight , immediately a 1h next tuesday",trd,ALD-MGS,critical,night
"Requesting to plan OHE wire tensioning on near Kanpur during the afternoon today, whenever convenient",trd,CNB-ALD,low,afternoon
"a 1h rail joint repair on AGC-CNB this weekend in the evening, priority",engg,AGC-CNB,high,evening
"Kindly schedule a 2 hour relay room maintenance tomorrow in the afternoon on the Bhopal-Itarsi stretch, non-urgent",st,BPL-ET,low,afternoon
"a 1h axle counter testing on BPL-ET tomorrow in the afternoon, top priority",st,BPL-ET,critical,afternoon
"Please plan OHE inspection on the Kanpur-Prayagraj stretch next tuesday, critical",trd,CNB-ALD,critical,unspecified
Requesting to need broken rail repair on New Delhi to Mathura next friday,engg,NDLS-MTJ,medium,unspecified
"rail grinding on the Mathura-Agra stretch during the morning , priority a 3h",engg,MTJ-AGC,high,morning
"rail joint repair on Itarsi section during the morning , routine a 3h in 3 days",engg,BPL-ET,low,morning
"Please need signal cable inspection on near Mathura tomorrow during the evening, low priority",st,MTJ-AGC,low,evening
"Kindly schedule a 1h catenary wire repair next tuesday in the evening on CNB-ALD, whenever convenient",trd,CNB-ALD,low,evening
signal circuit testing on Ghaziabad section in the evening a 2h,st,NDLS-MTJ,medium,evening
"Kindly a 2h power supply inspection on NDLS-MTJ in a week in the afternoon, important",trd,NDLS-MTJ,high,afternoon
"Can you schedule need formation strengthening on MTJ-AGC next tuesday, low priority",engg,MTJ-AGC,low,unspecified
We need to a 2 hour signal cable inspection on the Kanpur-Prayagraj stretch next thursday during the morning,st,CNB-ALD,medium,morning
circuit breaker testing on Agra to Kanpur in the afternoon a quick next friday,trd,AGC-CNB,medium,afternoon
"We need to plan track inspection on the Agra-Kanpur stretch early morning next monday, minor",engg,AGC-CNB,low,early_morning
Requesting to need rail welding repair on near Prayagraj next wednesday,engg,ALD-MGS,medium,unspecified
"ballast renewal on the Bhopal-Itarsi stretch in the evening , low priority next thursday",engg,BPL-ET,low,evening
Important broken rail repair required near Ghaziabad section late at night,engg,NDLS-MTJ,high,night
"We need to a 3h signal maintenance on the Prayagraj-Mughalsarai stretch next thursday at night, whenever convenient",st,ALD-MGS,low,night
a 1h sleeper replacement on near Bhopal in 3 days during the evening,engg,BPL-ET,medium,evening
catenary wire repair required near Mathura to Agra today during the morning,trd,MTJ-AGC,medium,morning
feeder cable maintenance required near Bhopal to Itarsi today,trd,BPL-ET,medium,unspecified
"circuit breaker testing on New Delhi-Ghaziabad stretch early morning , top priority a quick next wednesday",trd,NDLS-MTJ,critical,early_morning
"Kindly a 2 hour optical fiber repair on the Delhi-Mathura corridor next friday in the pre-dawn hours, critical",st,NDLS-MTJ,critical,early_morning
"rail joint repair on the Agra-Kanpur stretch in the morning , critical a 3h tomorrow",engg,AGC-CNB,critical,morning
"Requesting to schedule a quick interlocking check next tuesday on Agra to Kanpur, priority",st,AGC-CNB,high,unspecified
need traction transformer check on the Delhi-Mathura corridor tomorrow in the midnight window,trd,NDLS-MTJ,medium,night
"We need to schedule a 2 hour OHE snag rectification in 3 days overnight on the Prayagraj-Mughalsarai stretch, minor",trd,ALD-MGS,low,night
"Requesting to a 1h level crossing signal check on Prayagraj section in 3 days overnight, priority",st,CNB-ALD,high,night
"need rail grinding on Agra Cantt section today during the morning, priority",engg,MTJ-AGC,high,morning
"Can you schedule plan telecom cable repair on AGC-CNB before dawn next wednesday, high priority",st,AGC-CNB,high,early_morning
need interlocking check on NDLS-MTJ in a week during the evening,st,NDLS-MTJ,medium,evening
"Kindly need signal cable inspection on New Delhi-Ghaziabad stretch tonight, important",st,NDLS-MTJ,high,unspecified
"need relay room maintenance on MTJ-AGC day after tomorrow during the morning, priority",st,MTJ-AGC,high,morning
"We need to need axle counter testing on Itarsi section day after tomorrow late at night, priority",st,BPL-ET,high,night
overhead line repair on Kanpur Central section a 2h day after tomorrow,trd,AGC-CNB,medium,unspecified
"Please need rail welding repair on Agra to Kanpur next friday during the morning, minor",engg,AGC-CNB,low,morning
"Requesting to plan block instrument check on near Kanpur in the pre-dawn hours next thursday, asap",st,CNB-ALD,critical,early_morning
"track patrolling on Kanpur to Allahabad , minor a quick in a week",engg,CNB-ALD,low,unspecified
"We need to a 2 hour point machine repair on near Bhopal this weekend, as soon as possible",st,BPL-ET,high,unspecified
"optical fiber repair on the Kanpur-Prayagraj stretch during the evening , non-urgent next thursday",st,CNB-ALD,low,evening
"Can you schedule a 4h power supply inspection on BPL-ET tonight, critical",trd,BPL-ET,critical,unspecified
Please plan OHE wire tensioning on Itarsi section at night today,trd,BPL-ET,medium,night
"Requesting to plan insulator cleaning on the Prayagraj-Mughalsarai stretch during the morning next wednesday, priority",trd,ALD-MGS,high,morning
"insulator cleaning on near Mathura overnight , immediately next tuesday",trd,MTJ-AGC,critical,night
Low priority bridge inspection required near near Agra next monday during the evening,engg,AGC-CNB,low,evening
"traction transformer check on near Kanpur at night , an emergency a quick",trd,CNB-ALD,critical,night
"rail joint repair on Mathura to Agra during the morning , important a 1h next wednesday",engg,MTJ-AGC,high,morning
Routine ballast renewal required near Itarsi section next wednesday,engg,BPL-ET,low,unspecified
Can you schedule schedule a quick track patrolling in 3 days in the evening on Mathura to Agra,engg,MTJ-AGC,medium,evening
"Kindly plan telecom cable repair on Agra Cantt section next thursday, an emergency",st,MTJ-AGC,critical,unspecified
"optical fiber repair on the Kanpur-Prayagraj stretch during the morning , an emergency a 1h next friday",st,CNB-ALD,critical,morning
"Please need optical fiber repair on ALD-MGS day after tomorrow late at night, as soon as possible",st,ALD-MGS,high,night
Non-urgent catenary wire repair required near the Pandit Deen Dayal Upadhyaya Jn section next tuesday in the pre-dawn hours,trd,ALD-MGS,low,early_morning
"We need to plan insulator cleaning on Bhopal to Itarsi in the morning tonight, priority",trd,BPL-ET,high,morning
Low priority track circuit fault required near AGC-CNB next thursday before dawn,engg,AGC-CNB,low,early_morning
"Please need signal circuit testing on Prayagraj section next friday early morning, whenever convenient",st,CNB-ALD,low,early_morning
plan rail grinding on the Mathura-Agra stretch during the afternoon next thursday,engg,MTJ-AGC,medium,afternoon
"rail grinding on near Prayagraj in the afternoon , top priority next tuesday",engg,ALD-MGS,critical,afternoon
Please schedule rail grinding in a week in the midnight window on Ghaziabad section,engg,NDLS-MTJ,medium,night
"Please a 1h power supply inspection on near Bhopal in 3 days in the evening, low priority",trd,BPL-ET,low,evening
"Kindly plan traction motor check on near Prayagraj day after tomorrow, as soon as possible",trd,ALD-MGS,high,unspecified
"Please schedule a quick auto tensioning device check this weekend in the morning on New Delhi to Mathura, routine",trd,NDLS-MTJ,low,morning
Whenever convenient track patrolling required near Agra to Kanpur next saturday in the pre-dawn hours,engg,AGC-CNB,low,early_morning
Immediately relay room maintenance required near New Delhi-Ghaziabad stretch this weekend during the evening,st,NDLS-MTJ,critical,evening
Top priority optical fiber repair required near New Delhi-Ghaziabad stretch in a week during the afternoon,st,NDLS-MTJ,critical,afternoon
Please plan track geometry check on Agra Cantt section during the morning next thursday,engg,MTJ-AGC,medium,morning
Urgent signal failure attention required near AGC-CNB,st,AGC-CNB,critical,unspecified
"Kindly need signal maintenance on Kanpur to Allahabad today before dawn, as soon as possible",st,CNB-ALD,high,early_morning
Immediately bridge inspection required near Bhopal to Itarsi this weekend,engg,BPL-ET,critical,unspecified
"Please plan traction substation check on BPL-ET in the afternoon tonight, critical",trd,BPL-ET,critical,afternoon
circuit breaker testing required near NDLS-MTJ next wednesday in the afternoon,trd,NDLS-MTJ,medium,afternoon
track patrolling on NDLS-MTJ in the morning a quick next tuesday,engg,NDLS-MTJ,medium,morning
"Requesting to schedule a 2h catenary wire repair next wednesday on the Delhi-Mathura corridor, asap",trd,NDLS-MTJ,critical,unspecified
"plan traction transformer check on Agra Cantt section at night tonight, low priority",trd,MTJ-AGC,low,night
Please plan overhead line repair on Kanpur Central section before dawn next saturday,trd,AGC-CNB,medium,early_morning
Can you schedule plan power supply inspection on the Bhopal-Itarsi stretch tomorrow,trd,BPL-ET,medium,unspecified
"track patrolling on near Kanpur during the afternoon , critical a 1h today",engg,CNB-ALD,critical,afternoon
traction substation check required near ALD-MGS in a week before dawn,trd,ALD-MGS,medium,early_morning
"Please a 2h level crossing signal check on Bhopal to Itarsi at night, routine",st,BPL-ET,low,night
Can you schedule plan broken rail repair on the Kanpur-Prayagraj stretch during the afternoon today,engg,CNB-ALD,medium,afternoon
Can you schedule need catenary wire repair on AGC-CNB in 3 days in the evening,trd,AGC-CNB,medium,evening
optical fiber repair required near BPL-ET,st,BPL-ET,medium,unspecified
"Requesting to schedule rail welding repair today on the Prayagraj-Mughalsarai stretch, an emergency",engg,ALD-MGS,critical,unspecified
OHE inspection on Agra Cantt section before dawn a 4h tonight,trd,MTJ-AGC,medium,early_morning
"broken rail repair on near New Delhi in the evening , minor a 4h day after tomorrow",engg,NDLS-MTJ,low,evening
Kindly a 1h rail welding repair on the Kanpur-Prayagraj stretch next monday in the afternoon,engg,CNB-ALD,medium,afternoon
"We need to need OHE wire tensioning on BPL-ET tomorrow at night, high priority",trd,BPL-ET,high,night
"Kindly need point machine repair on MTJ-AGC next tuesday in the morning, low priority",st,MTJ-AGC,low,morning
Critical deep screening required near AGC-CNB in the pre-dawn hours,engg,AGC-CNB,critical,early_morning
"Kindly plan signal failure attention on near Agra in the afternoon next monday, asap",st,AGC-CNB,critical,afternoon
"route relay interlocking check on Allahabad to Mughalsarai during the evening , minor a quick in 3 days",st,ALD-MGS,low,evening
"OHE snag rectification on Mathura to Agra late at night , immediately a 2h next thursday",trd,MTJ-AGC,critical,night
Minor bridge inspection required near New Delhi-Ghaziabad stretch next thursday late at night,engg,NDLS-MTJ,low,night
Urgent ballast renewal required near near Bhopal next tuesday in the pre-dawn hours,engg,BPL-ET,critical,early_morning
"Please schedule a 4h traction substation check next tuesday at night on ALD-MGS, priority",trd,ALD-MGS,high,night
Please schedule block instrument check tomorrow during the afternoon on Kanpur Central section,st,AGC-CNB,medium,afternoon
"Can you schedule need traction substation check on MTJ-AGC next tuesday during the afternoon, priority",trd,MTJ-AGC,high,afternoon
rail welding repair on Kanpur Central section late at night a 4h in 3 days,engg,AGC-CNB,medium,night
Can you schedule a 2 hour power supply inspection on New Delhi to Mathura next monday late at night,trd,NDLS-MTJ,medium,night
"schedule a 2 hour pantograph inspection today in the afternoon on Agra to Kanpur, immediately",trd,AGC-CNB,critical,afternoon
"Requesting to a 4h track inspection on New Delhi to Mathura next saturday during the afternoon, important",engg,NDLS-MTJ,high,afternoon
"Please a quick power supply inspection on AGC-CNB next wednesday in the pre-dawn hours, urgent",trd,AGC-CNB,critical,early_morning
Critical interlocking check required near Ghaziabad section in a week during the evening,st,NDLS-MTJ,critical,evening
"We need to schedule a 2h track geometry check day after tomorrow early morning on Itarsi section, as soon as possible",engg,BPL-ET,high,early_morning
"a 2 hour deep screening on the Prayagraj-Mughalsarai stretch next thursday during the afternoon, as soon as possible",engg,ALD-MGS,high,afternoon
"Requesting to need signal cable inspection on Agra Cantt section next tuesday, important",st,MTJ-AGC,high,unspecified
Can you schedule schedule a 2h level crossing signal check in the morning on near Kanpur,st,CNB-ALD,medium,morning
"formation strengthening on AGC-CNB in the morning , non-urgent tonight",engg,AGC-CNB,low,morning
"Can you schedule need rail grinding on ALD-MGS tonight in the morning, priority",engg,ALD-MGS,high,morning
"Please plan traction transformer check on the Agra-Kanpur stretch next friday, top priority",trd,AGC-CNB,critical,unspecified
Please plan track circuit fault on the Kanpur-Prayagraj stretch in the afternoon today,engg,CNB-ALD,medium,afternoon
"track inspection on the Pandit Deen Dayal Upadhyaya Jn section in the evening , an emergency a 1h in 3 days",engg,ALD-MGS,critical,evening
"Can you schedule need formation strengthening on AGC-CNB in 3 days in the evening, critical",engg,AGC-CNB,critical,evening
An emergency bridge inspection required near Itarsi section tonight during the morning,engg,BPL-ET,critical,morning
As soon as possible circuit breaker testing required near near Bhopal next friday in the pre-dawn hours,trd,BPL-ET,high,early_morning
"We need to plan route relay interlocking check on near Bhopal this weekend, important",st,BPL-ET,high,unspecified
"schedule a 4h ballast renewal next monday in the afternoon on near Prayagraj, high priority",engg,ALD-MGS,high,afternoon
Requesting to a 1h telecom cable repair on MTJ-AGC tomorrow overnight,st,MTJ-AGC,medium,night
Urgent block instrument check required near New Delhi-Ghaziabad stretch this weekend during the afternoon,st,NDLS-MTJ,critical,afternoon
"a 2 hour signal cable inspection on the Agra-Kanpur stretch tonight in the afternoon, routine",st,AGC-CNB,low,afternoon
"Requesting to a 1h signal maintenance on near Agra next tuesday in the morning, urgent",st,AGC-CNB,critical,morning
"Please a 2 hour traction substation check on the Agra-Kanpur stretch next friday in the afternoon, routine",trd,AGC-CNB,low,afternoon
"Kindly schedule a 2h bridge inspection next saturday on Mathura to Agra, non-urgent",engg,MTJ-AGC,low,unspecified
"need track inspection on the Kanpur-Prayagraj stretch overnight, low priority",engg,CNB-ALD,low,night
"Kindly a 4h OHE wire tensioning on the Pandit Deen Dayal Upadhyaya Jn section tonight late at night, high priority",trd,ALD-MGS,high,night
Whenever convenient block section telephone repair required near near New Delhi today during the afternoon,st,NDLS-MTJ,low,afternoon
"Kindly schedule a 2 hour bridge inspection next wednesday overnight on near Kanpur, priority",engg,CNB-ALD,high,night
"We need to plan optical fiber repair on New Delhi to Mathura in 3 days, urgent",st,NDLS-MTJ,critical,unspecified
"We need to need sleeper replacement on Ghaziabad section next friday, non-urgent",engg,NDLS-MTJ,low,unspecified
"Please schedule a 1h track geometry check tonight in the afternoon on BPL-ET, high priority",engg,BPL-ET,high,afternoon
"Kindly need track geometry check on New Delhi-Ghaziabad stretch in a week, low priority",engg,NDLS-MTJ,low,unspecified
Non-urgent OHE snag rectification required near NDLS-MTJ in a week during the afternoon,trd,NDLS-MTJ,low,afternoon
"Can you schedule plan broken rail repair on the Bhopal-Itarsi stretch in the afternoon tonight, routine",engg,BPL-ET,low,afternoon
"formation strengthening on the Delhi-Mathura corridor during the evening , an emergency a 2h next tuesday",engg,NDLS-MTJ,critical,evening
"optical fiber repair on the Pandit Deen Dayal Upadhyaya Jn section during the morning , critical a 3h tonight",st,ALD-MGS,critical,morning
need overhead line repair on Ghaziabad section day after tomorrow in the midnight window,trd,NDLS-MTJ,medium,night
"Kindly need block instrument check on Kanpur Central section this weekend before dawn, critical",st,AGC-CNB,critical,early_morning
"Can you schedule need overhead line repair on ALD-MGS this weekend before dawn, priority",trd,ALD-MGS,high,early_morning
Please schedule sleeper replacement next friday in the pre-dawn hours on MTJ-AGC,engg,MTJ-AGC,medium,early_morning
"Kindly need track circuit fault on New Delhi to Mathura this weekend overnight, immediately",engg,NDLS-MTJ,critical,night
Critical level crossing signal check required near CNB-ALD next friday during the morning,st,CNB-ALD,critical,morning
"We need to insulator cleaning on near Agra day after tomorrow, as soon as possible",trd,AGC-CNB,high,unspecified
"We need to plan track circuit fault on Allahabad to Mughalsarai day after tomorrow, important",engg,ALD-MGS,high,unspecified
"schedule a quick track circuit fault next friday on BPL-ET, low priority",engg,BPL-ET,low,unspecified
"We need to need optical fiber repair on near Agra day after tomorrow during the morning, whenever convenient",st,AGC-CNB,low,morning
"Can you schedule plan insulator cleaning on the Pandit Deen Dayal Upadhyaya Jn section during the evening next thursday, urgent",trd,ALD-MGS,critical,evening
"Kindly need block instrument check on BPL-ET next saturday during the morning, routine",st,BPL-ET,low,morning
Important traction transformer check required near near Bhopal in the evening,trd,BPL-ET,high,evening
Top priority traction motor check required near Bhopal to Itarsi day after tomorrow during the afternoon,trd,BPL-ET,critical,afternoon
As soon as possible OHE inspection required near the Prayagraj-Mughalsarai stretch next saturday,trd,ALD-MGS,high,unspecified
"Requesting to need traction motor check on near Prayagraj next wednesday in the morning, important",trd,ALD-MGS,high,morning
OHE snag rectification required near Allahabad to Mughalsarai tomorrow before dawn,trd,ALD-MGS,medium,early_morning
Requesting to plan telecom cable repair on the Agra-Kanpur stretch in the midnight window,st,AGC-CNB,medium,night
"We need to a 2h power supply inspection on Ghaziabad section next thursday, high priority",trd,NDLS-MTJ,high,unspecified
"Requesting to schedule a quick ballast renewal next monday in the afternoon on near Mathura, non-urgent",engg,MTJ-AGC,low,afternoon
Please plan rail welding repair on Agra to Kanpur in the midnight window day after tomorrow,engg,AGC-CNB,medium,night
"a 2 hour rail welding repair on New Delhi to Mathura next wednesday during the afternoon, whenever convenient",engg,NDLS-MTJ,low,afternoon
"feeder cable maintenance on near Bhopal in the evening , an emergency a 4h",trd,BPL-ET,critical,evening
Kindly schedule a 3h feeder cable maintenance next thursday in the midnight window on near Mathura,trd,MTJ-AGC,medium,night
Please need track circuit fault on near New Delhi next tuesday,engg,NDLS-MTJ,medium,unspecified
"telecom cable repair on Mathura to Agra early morning , routine a 1h this weekend",st,MTJ-AGC,low,early_morning
"Kindly plan deep screening on Allahabad to Mughalsarai next tuesday, an emergency",engg,ALD-MGS,critical,unspecified
Top priority OHE inspection required near ALD-MGS this weekend at night,trd,ALD-MGS,critical,night
"need interlocking check on near Prayagraj next saturday in the pre-dawn hours, low priority",st,ALD-MGS,low,early_morning
Can you schedule a 4h signal circuit testing on New Delhi-Ghaziabad stretch next thursday in the afternoon,st,NDLS-MTJ,medium,afternoon
"We need to need interlocking check on Ghaziabad section next monday in the morning, important",st,NDLS-MTJ,high,morning
"Requesting to track inspection on the Pandit Deen Dayal Upadhyaya Jn section in the morning, priority",engg,ALD-MGS,high,morning
"need track circuit fault on the Pandit Deen Dayal Upadhyaya Jn section this weekend in the evening, high priority",engg,ALD-MGS,high,evening
need feeder cable maintenance on near Kanpur in a week at night,trd,CNB-ALD,medium,night
"signal failure attention on near Bhopal at night , routine a quick",st,BPL-ET,low,night
"Kindly schedule a quick catenary wire repair next monday in the morning on near Agra, non-urgent",trd,AGC-CNB,low,morning
Requesting to schedule a 2 hour track geometry check in 3 days on Prayagraj section,engg,CNB-ALD,medium,unspecified
High priority ballast renewal required near BPL-ET in 3 days during the afternoon,engg,BPL-ET,high,afternoon
Top priority deep screening required near near Kanpur next wednesday,engg,CNB-ALD,critical,unspecified
Kindly plan signal maintenance on near New Delhi next saturday,st,NDLS-MTJ,medium,unspecified
"traction transformer check on the Bhopal-Itarsi stretch , immediately a 2h next wednesday",trd,BPL-ET,critical,unspecified
Urgent overhead line repair required near the Mathura-Agra stretch next thursday,trd,MTJ-AGC,critical,unspecified
"rail fracture repair on near Kanpur in the morning , as soon as possible a 1h next thursday",engg,CNB-ALD,high,morning
Whenever convenient signal cable inspection required near MTJ-AGC today during the evening,st,MTJ-AGC,low,evening
"a 3h interlocking check on CNB-ALD next thursday in the afternoon, immediately",st,CNB-ALD,critical,afternoon
Priority power supply inspection required near near Bhopal in a week during the morning,trd,BPL-ET,high,morning
"Requesting to schedule level crossing signal check today on the Prayagraj-Mughalsarai stretch, minor",st,ALD-MGS,low,unspecified
bridge inspection on near Agra late at night a 1h next wednesday,engg,AGC-CNB,medium,night
"overhead line repair on near New Delhi in the midnight window , important a 2 hour tomorrow",trd,NDLS-MTJ,high,night
"interlocking check on CNB-ALD in the afternoon , immediately next wednesday",st,CNB-ALD,critical,afternoon
"Requesting to schedule a 1h sleeper replacement next friday in the pre-dawn hours on the Kanpur-Prayagraj stretch, non-urgent",engg,CNB-ALD,low,early_morning
Kindly need track geometry check on the Bhopal-Itarsi stretch day after tomorrow in the afternoon,engg,BPL-ET,medium,afternoon
"Can you schedule need signal failure attention on Mathura to Agra in a week, non-urgent",st,MTJ-AGC,low,unspecified
"Requesting to schedule a 2h traction transformer check next saturday during the evening on Allahabad to Mughalsarai, important",trd,ALD-MGS,high,evening
OHE wire tensioning on the Mathura-Agra stretch during the morning a 3h next friday,trd,MTJ-AGC,medium,morning
Please a 2 hour signal circuit testing on the Bhopal-Itarsi stretch at night,st,BPL-ET,medium,night
"OHE inspection on near Mathura , as soon as possible a quick tonight",trd,MTJ-AGC,high,unspecified
axle counter testing required near ALD-MGS this weekend late at night,st,ALD-MGS,medium,night
"Kindly plan sleeper replacement on near Bhopal during the afternoon in 3 days, immediately",engg,BPL-ET,critical,afternoon
"Requesting to need track inspection on near Bhopal this weekend in the pre-dawn hours, priority",engg,BPL-ET,high,early_morning
"schedule a 4h insulator cleaning tonight during the morning on the Bhopal-Itarsi stretch, important",trd,BPL-ET,high,morning
"Please schedule a 2h track patrolling next thursday during the afternoon on ALD-MGS, routine",engg,ALD-MGS,low,afternoon
Kindly plan auto tensioning device check on AGC-CNB,trd,AGC-CNB,medium,unspecified
Requesting to need broken rail repair on the Bhopal-Itarsi stretch today during the evening,engg,BPL-ET,medium,evening
"We need to a 3h feeder cable maintenance on the Mathura-Agra stretch next thursday before dawn, asap",trd,MTJ-AGC,critical,early_morning
axle counter testing required near near Mathura in 3 days in the morning,st,MTJ-AGC,medium,morning
"Can you schedule plan auto tensioning device check on BPL-ET during the morning tomorrow, top priority",trd,BPL-ET,critical,morning
"Kindly a 4h track inspection on near Bhopal next thursday during the afternoon, routine",engg,BPL-ET,low,afternoon
"Kindly plan auto tensioning device check on the Agra-Kanpur stretch overnight next saturday, whenever convenient",trd,AGC-CNB,low,night
"rail fracture repair on the Mathura-Agra stretch late at night , top priority a 4h next saturday",engg,MTJ-AGC,critical,night
"Requesting to need block section telephone repair on New Delhi to Mathura, routine",st,NDLS-MTJ,low,unspecified
"Please need rail fracture repair on NDLS-MTJ next friday in the evening, as soon as possible",engg,NDLS-MTJ,high,evening
"Can you schedule signal cable inspection on Prayagraj section next saturday in the midnight window, minor",st,CNB-ALD,low,night
"traction transformer check on ALD-MGS overnight , top priority next thursday",trd,ALD-MGS,critical,night
"Can you schedule schedule a 1h optical fiber repair next wednesday in the afternoon on near New Delhi, whenever convenient",st,NDLS-MTJ,low,afternoon
Can you schedule schedule a 3h track patrolling during the morning on the Kanpur-Prayagraj stretch,engg,CNB-ALD,medium,morning
"track inspection on the Delhi-Mathura corridor in the evening , non-urgent a 1h day after tomorrow",engg,NDLS-MTJ,low,evening
"Kindly schedule a quick traction motor check next friday early morning on Agra Cantt section, important",trd,MTJ-AGC,high,early_morning
"need ballast renewal on the Bhopal-Itarsi stretch day after tomorrow in the afternoon, asap",engg,BPL-ET,critical,afternoon
"Please a 4h track tamping on the Bhopal-Itarsi stretch next saturday in the morning, minor",engg,BPL-ET,low,morning
optical fiber repair on New Delhi to Mathura during the afternoon a 4h next friday,st,NDLS-MTJ,medium,afternoon
Please schedule a 2h catenary wire repair in the afternoon on the Prayagraj-Mughalsarai stretch,trd,ALD-MGS,medium,afternoon
traction transformer check required near Itarsi section this weekend in the pre-dawn hours,trd,BPL-ET,medium,early_morning
"Please plan telecom cable repair on Kanpur Central section in a week, critical",st,AGC-CNB,critical,unspecified
Urgent rail grinding required near BPL-ET in a week in the evening,engg,BPL-ET,critical,evening
Please plan feeder cable maintenance on the Delhi-Mathura corridor next monday,trd,NDLS-MTJ,medium,unspecified
"Can you schedule a 2h auto tensioning device check on Agra to Kanpur next tuesday in the evening, non-urgent",trd,AGC-CNB,low,evening
"Requesting to schedule a 3h feeder cable maintenance next friday early morning on Allahabad to Mughalsarai, priority",trd,ALD-MGS,high,early_morning
"Kindly schedule a 2h traction transformer check today in the afternoon on near Kanpur, critical",trd,CNB-ALD,critical,afternoon
Requesting to need rail joint repair on the Mathura-Agra stretch during the afternoon,engg,MTJ-AGC,medium,afternoon
Requesting to a 3h track patrolling on near Prayagraj next monday during the afternoon,engg,ALD-MGS,medium,afternoon
"Can you schedule a 2 hour pantograph inspection on Kanpur to Allahabad in 3 days during the morning, minor",trd,CNB-ALD,low,morning
"Please schedule a 1h catenary wire repair tomorrow during the evening on Kanpur to Allahabad, high priority",trd,CNB-ALD,high,evening
Priority optical fiber repair required near BPL-ET next wednesday in the morning,st,BPL-ET,high,morning
"Please schedule a 3h deep screening next friday late at night on Agra Cantt section, critical",engg,MTJ-AGC,critical,night
"We need to plan insulator cleaning on the Delhi-Mathura corridor before dawn tonight, high priority",trd,NDLS-MTJ,high,early_morning
We need to schedule a 2 hour OHE wire tensioning next friday before dawn on New Delhi-Ghaziabad stretch,trd,NDLS-MTJ,medium,early_morning
"Requesting to need track circuit fault on the Kanpur-Prayagraj stretch tonight during the evening, important",engg,CNB-ALD,high,evening
"Please plan optical fiber repair on ALD-MGS in the afternoon today, priority",st,ALD-MGS,high,afternoon
"Can you schedule a 3h OHE wire tensioning on Kanpur to Allahabad in 3 days in the afternoon, critical",trd,CNB-ALD,critical,afternoon
"Kindly a 2 hour rail welding repair on Bhopal to Itarsi next thursday, top priority",engg,BPL-ET,critical,unspecified
Whenever convenient insulator cleaning required near Kanpur to Allahabad next tuesday in the morning,trd,CNB-ALD,low,morning
"plan formation strengthening on near New Delhi early morning this weekend, minor",engg,NDLS-MTJ,low,early_morning
"schedule a 2h traction substation check next tuesday on ALD-MGS, low priority",trd,ALD-MGS,low,unspecified
signal circuit testing required near near Prayagraj next friday during the evening,st,ALD-MGS,medium,evening
"Can you schedule need track geometry check on the Prayagraj-Mughalsarai stretch day after tomorrow during the morning, low priority",engg,ALD-MGS,low,morning
"Please a 4h overhead line repair on Bhopal to Itarsi in 3 days before dawn, top priority",trd,BPL-ET,critical,early_morning
Critical sleeper replacement required near near Kanpur in 3 days in the afternoon,engg,CNB-ALD,critical,afternoon
overhead line repair required near NDLS-MTJ next friday in the morning,trd,NDLS-MTJ,medium,morning
schedule a 2 hour optical fiber repair next wednesday in the pre-dawn hours on the Bhopal-Itarsi stretch,st,BPL-ET,medium,early_morning
"Requesting to a 1h OHE snag rectification on near Prayagraj next friday in the evening, high priority",trd,ALD-MGS,high,evening
High priority axle counter testing required near BPL-ET next monday during the morning,st,BPL-ET,high,morning
"Can you schedule plan feeder cable maintenance on ALD-MGS during the evening this weekend, urgent",trd,ALD-MGS,critical,evening
"We need to plan telecom cable repair on Agra to Kanpur in the afternoon day after tomorrow, priority",st,AGC-CNB,high,afternoon
Can you schedule need sleeper replacement on the Delhi-Mathura corridor next thursday overnight,engg,NDLS-MTJ,medium,night
"Can you schedule a 2 hour circuit breaker testing on the Kanpur-Prayagraj stretch next saturday during the morning, low priority",trd,CNB-ALD,low,morning
"We need to need interlocking check on AGC-CNB in 3 days, low priority",st,AGC-CNB,low,unspecified
Requesting to need insulator cleaning on New Delhi-Ghaziabad stretch next tuesday in the morning,trd,NDLS-MTJ,medium,morning
sleeper replacement on Agra Cantt section in the pre-dawn hours a 1h day after tomorrow,engg,MTJ-AGC,medium,early_morning
"Please plan rail welding repair on Bhopal to Itarsi in the morning tomorrow, important",engg,BPL-ET,high,morning
"Can you schedule point machine repair on NDLS-MTJ next friday, top priority",st,NDLS-MTJ,critical,unspecified
"Can you schedule need telecom cable repair on near Prayagraj tonight during the morning, non-urgent",st,ALD-MGS,low,morning
"Can you schedule need axle counter testing on Allahabad to Mughalsarai next thursday during the afternoon, asap",st,ALD-MGS,critical,afternoon
"a 4h block section telephone repair on Bhopal to Itarsi next monday, routine",st,BPL-ET,low,unspecified
"Kindly schedule a 3h feeder cable maintenance tonight during the morning on the Kanpur-Prayagraj stretch, an emergency",trd,CNB-ALD,critical,morning
Requesting to need relay room maintenance on near Prayagraj tomorrow during the afternoon,st,ALD-MGS,medium,afternoon
"Please a 4h block section telephone repair on near Kanpur next friday in the evening, low priority",st,CNB-ALD,low,evening
Whenever convenient pantograph inspection required near the Mathura-Agra stretch in 3 days early morning,trd,MTJ-AGC,low,early_morning
"Can you schedule a 3h ballast renewal on Prayagraj section day after tomorrow during the afternoon, as soon as possible",engg,CNB-ALD,high,afternoon
Critical interlocking check required near Bhopal to Itarsi in a week during the morning,st,BPL-ET,critical,morning
traction motor check on near Agra in the morning next tuesday,trd,AGC-CNB,medium,morning
"feeder cable maintenance on the Prayagraj-Mughalsarai stretch during the morning , as soon as possible a 3h next saturday",trd,ALD-MGS,high,morning
Requesting to need interlocking check on the Kanpur-Prayagraj stretch in a week,st,CNB-ALD,medium,unspecified
"Kindly need signal circuit testing on the Prayagraj-Mughalsarai stretch next monday late at night, routine",st,ALD-MGS,low,night
Minor pantograph inspection required near near Bhopal this weekend during the afternoon,trd,BPL-ET,low,afternoon
"Requesting to a 4h point machine repair on MTJ-AGC this weekend, important",st,MTJ-AGC,high,unspecified
"We need to plan ballast renewal on CNB-ALD in the afternoon, urgent",engg,CNB-ALD,critical,afternoon
"rail fracture repair on the Agra-Kanpur stretch , high priority a 1h day after tomorrow",engg,AGC-CNB,high,unspecified
Important relay room maintenance required near Bhopal to Itarsi next saturday at night,st,BPL-ET,high,night
"block section telephone repair on near Prayagraj , low priority a 3h next friday",st,ALD-MGS,low,unspecified
We need to need OHE wire tensioning on the Pandit Deen Dayal Upadhyaya Jn section in 3 days in the afternoon,trd,ALD-MGS,medium,afternoon
We need to plan signal cable inspection on Agra to Kanpur late at night next monday,st,AGC-CNB,medium,night
plan track patrolling on Prayagraj section during the afternoon next friday,engg,CNB-ALD,medium,afternoon
Whenever convenient axle counter testing required near the Kanpur-Prayagraj stretch this weekend early morning,st,CNB-ALD,low,early_morning
"Requesting to plan axle counter testing on AGC-CNB during the evening day after tomorrow, low priority",st,AGC-CNB,low,evening
Important signal cable inspection required near MTJ-AGC next saturday in the morning,st,MTJ-AGC,high,morning
"schedule a 3h route relay interlocking check late at night on the Pandit Deen Dayal Upadhyaya Jn section, as soon as possible",st,ALD-MGS,high,night
"We need to schedule rail grinding tonight early morning on Agra to Kanpur, routine",engg,AGC-CNB,low,early_morning
Please signal cable inspection on Kanpur Central section next monday,st,AGC-CNB,medium,unspecified
"a 2 hour signal failure attention on CNB-ALD in a week before dawn, low priority",st,CNB-ALD,low,early_morning
"plan feeder cable maintenance on Prayagraj section before dawn this weekend, high priority",trd,CNB-ALD,high,early_morning
Requesting to plan feeder cable maintenance on Prayagraj section in the pre-dawn hours this weekend,trd,CNB-ALD,medium,early_morning
Please a 4h traction substation check on Kanpur Central section in a week in the morning,trd,AGC-CNB,medium,morning
"Please a quick rail joint repair on near Kanpur next tuesday in the morning, critical",engg,CNB-ALD,critical,morning
"deep screening on Itarsi section late at night , as soon as possible a 2 hour tonight",engg,BPL-ET,high,night
"schedule a 3h traction motor check this weekend on BPL-ET, an emergency",trd,BPL-ET,critical,unspecified
We need to need axle counter testing on the Agra-Kanpur stretch,st,AGC-CNB,medium,unspecified
"We need to schedule a 4h catenary wire repair next thursday during the evening on AGC-CNB, whenever convenient",trd,AGC-CNB,low,evening
catenary wire repair required near near Prayagraj today in the morning,trd,ALD-MGS,medium,morning
plan block section telephone repair on the Agra-Kanpur stretch in the midnight window this weekend,st,AGC-CNB,medium,night
signal failure attention required near Allahabad to Mughalsarai tomorrow,st,ALD-MGS,medium,unspecified
catenary wire repair on near Prayagraj today,trd,ALD-MGS,medium,unspecified
"plan track inspection on Mathura to Agra in the midnight window tomorrow, critical",engg,MTJ-AGC,critical,night
a 4h auto tensioning device check on Prayagraj section next friday in the morning,trd,CNB-ALD,medium,morning
"Requesting to a 2h rail joint repair on CNB-ALD in a week during the morning, routine",engg,CNB-ALD,low,morning
"pantograph inspection on ALD-MGS late at night , an emergency next thursday",trd,ALD-MGS,critical,night
Important sleeper replacement required near Kanpur to Allahabad next thursday in the evening,engg,CNB-ALD,high,evening
Please plan traction substation check on the Bhopal-Itarsi stretch today,trd,BPL-ET,medium,unspecified
"level crossing signal check on Agra to Kanpur during the morning , minor a 2h in a week",st,AGC-CNB,low,morning
Important block section telephone repair required near near Bhopal next monday during the afternoon,st,BPL-ET,high,afternoon
"Please schedule a 2h track patrolling before dawn on near New Delhi, asap",engg,NDLS-MTJ,critical,early_morning
"Please need signal maintenance on near Bhopal next monday in the midnight window, high priority",st,BPL-ET,high,night
Requesting to a 1h optical fiber repair on Mathura to Agra next friday in the midnight window,st,MTJ-AGC,medium,night
Non-urgent traction motor check required near Kanpur to Allahabad overnight,trd,CNB-ALD,low,night
broken rail repair on near New Delhi in the afternoon a quick in a week,engg,NDLS-MTJ,medium,afternoon
"Can you schedule schedule a 3h auto tensioning device check next monday in the morning on ALD-MGS, routine",trd,ALD-MGS,low,morning
"Can you schedule plan level crossing signal check on Bhopal to Itarsi next wednesday, high priority",st,BPL-ET,high,unspecified
We need to plan traction substation check on Agra Cantt section early morning next monday,trd,MTJ-AGC,medium,early_morning
Please schedule a 4h OHE inspection in 3 days during the afternoon on the Pandit Deen Dayal Upadhyaya Jn section,trd,ALD-MGS,medium,afternoon
"Can you schedule schedule a 4h level crossing signal check next friday in the pre-dawn hours on Agra Cantt section, non-urgent",st,MTJ-AGC,low,early_morning
Kindly schedule a 2h rail fracture repair next tuesday in the midnight window on Kanpur Central section,engg,AGC-CNB,medium,night
We need to a 1h telecom cable repair on ALD-MGS next friday during the morning,st,ALD-MGS,medium,morning
"Please need track tamping on near Bhopal tomorrow at night, high priority",engg,BPL-ET,high,night
Requesting to plan bridge inspection on BPL-ET in the afternoon next monday,engg,BPL-ET,medium,afternoon
Requesting to a 4h track tamping on the Prayagraj-Mughalsarai stretch this weekend in the evening,engg,ALD-MGS,medium,evening
"Requesting to plan optical fiber repair on the Bhopal-Itarsi stretch early morning day after tomorrow, an emergency",st,BPL-ET,critical,early_morning
"Requesting to need signal maintenance on CNB-ALD next saturday, immediately",st,CNB-ALD,critical,unspecified
"Can you schedule plan track inspection on Kanpur Central section in the evening next monday, priority",engg,AGC-CNB,high,evening
"Can you schedule need ballast renewal on the Mathura-Agra stretch, non-urgent",engg,MTJ-AGC,low,unspecified
"Kindly schedule a 4h relay room maintenance next monday on Kanpur to Allahabad, an emergency",st,CNB-ALD,critical,unspecified
pantograph inspection required near New Delhi-Ghaziabad stretch tomorrow overnight,trd,NDLS-MTJ,medium,night
"Can you schedule schedule a 1h catenary wire repair next tuesday on New Delhi-Ghaziabad stretch, non-urgent",trd,NDLS-MTJ,low,unspecified
"Can you schedule plan block instrument check on near Prayagraj early morning next saturday, non-urgent",st,ALD-MGS,low,early_morning
Please need OHE snag rectification on Mathura to Agra next saturday in the afternoon,trd,MTJ-AGC,medium,afternoon
As soon as possible sleeper replacement required near ALD-MGS in the pre-dawn hours,engg,ALD-MGS,high,early_morning
"Can you schedule plan block instrument check on near Kanpur late at night tonight, important",st,CNB-ALD,high,night
"optical fiber repair on the Prayagraj-Mughalsarai stretch in the pre-dawn hours , important a 2h",st,ALD-MGS,high,early_morning
"Please schedule a 2 hour point machine repair next wednesday before dawn on the Prayagraj-Mughalsarai stretch, minor",st,ALD-MGS,low,early_morning
"Please schedule a 4h track tamping this weekend in the afternoon on Ghaziabad section, an emergency",engg,NDLS-MTJ,critical,afternoon
"plan ballast renewal on the Kanpur-Prayagraj stretch in the afternoon next tuesday, minor",engg,CNB-ALD,low,afternoon
Non-urgent auto tensioning device check required near near Kanpur next thursday,trd,CNB-ALD,low,unspecified
"Requesting to a quick formation strengthening on the Mathura-Agra stretch next thursday during the evening, routine",engg,MTJ-AGC,low,evening
Can you schedule a 2h rail grinding on Prayagraj section next tuesday in the afternoon,engg,CNB-ALD,medium,afternoon
"insulator cleaning on Agra Cantt section , routine a quick tonight",trd,MTJ-AGC,low,unspecified
Requesting to schedule a 3h catenary wire repair next wednesday late at night on Prayagraj section,trd,CNB-ALD,medium,night
"Requesting to need interlocking check on near Agra this weekend at night, high priority",st,AGC-CNB,high,night
"Please need sleeper replacement on Itarsi section during the evening, priority",engg,BPL-ET,high,evening
"Kindly need auto tensioning device check on Bhopal to Itarsi in the pre-dawn hours, important",trd,BPL-ET,high,early_morning
"Kindly a 3h OHE snag rectification on near Kanpur early morning, high priority",trd,CNB-ALD,high,early_morning
Asap relay room maintenance required near the Kanpur-Prayagraj stretch tomorrow in the afternoon,st,CNB-ALD,critical,afternoon
"Can you schedule schedule a 4h signal cable inspection next friday during the evening on CNB-ALD, critical",st,CNB-ALD,critical,evening
Can you schedule need ballast renewal on MTJ-AGC next saturday early morning,engg,MTJ-AGC,medium,early_morning
"interlocking check on NDLS-MTJ in the pre-dawn hours , low priority a 3h day after tomorrow",st,NDLS-MTJ,low,early_morning
"Kindly need power supply inspection on the Prayagraj-Mughalsarai stretch, priority",trd,ALD-MGS,high,unspecified
"Kindly need signal cable inspection on Ghaziabad section today in the afternoon, an emergency",st,NDLS-MTJ,critical,afternoon
"Requesting to plan overhead line repair on Allahabad to Mughalsarai at night next wednesday, high priority",trd,ALD-MGS,high,night
pantograph inspection required near the Kanpur-Prayagraj stretch tonight during the evening,trd,CNB-ALD,medium,evening
"Please a 2h traction transformer check on Itarsi section this weekend in the evening, low priority",trd,BPL-ET,low,evening
"track inspection on CNB-ALD in the afternoon , priority a 2h next monday",engg,CNB-ALD,high,afternoon
Can you schedule need track inspection on Bhopal to Itarsi day after tomorrow overnight,engg,BPL-ET,medium,night
Please need rail fracture repair on near Bhopal in a week,engg,BPL-ET,medium,unspecified
"We need to plan signal circuit testing on Prayagraj section before dawn tonight, top priority",st,CNB-ALD,critical,early_morning
Requesting to need relay room maintenance on CNB-ALD tomorrow in the evening,st,CNB-ALD,medium,evening
"We need to schedule a 3h interlocking check next friday in the afternoon on near Mathura, an emergency",st,MTJ-AGC,critical,afternoon
An emergency traction substation check required near near Agra next wednesday in the afternoon,trd,AGC-CNB,critical,afternoon
High priority axle counter testing required near near Prayagraj in 3 days in the morning,st,ALD-MGS,high,morning
"Can you schedule need OHE inspection on the Kanpur-Prayagraj stretch this weekend during the morning, important",trd,CNB-ALD,high,morning
"Requesting to plan point machine repair on the Delhi-Mathura corridor next wednesday, important",st,NDLS-MTJ,high,unspecified
"track inspection on AGC-CNB in the afternoon , an emergency a 3h today",engg,AGC-CNB,critical,afternoon
"Can you schedule need signal maintenance on near Prayagraj day after tomorrow early morning, as soon as possible",st,ALD-MGS,high,early_morning
"Can you schedule plan signal circuit testing on near New Delhi in the morning, important",st,NDLS-MTJ,high,morning
Can you schedule schedule a 2h track tamping in 3 days in the pre-dawn hours on near Prayagraj,engg,ALD-MGS,medium,early_morning
Requesting to a 2 hour rail fracture repair on the Agra-Kanpur stretch late at night,engg,AGC-CNB,medium,night
"track geometry check on NDLS-MTJ in the pre-dawn hours , whenever convenient a 3h next friday",engg,NDLS-MTJ,low,early_morning
Can you schedule a 4h circuit breaker testing on near Prayagraj in 3 days in the pre-dawn hours,trd,ALD-MGS,medium,early_morning
Routine optical fiber repair required near MTJ-AGC next saturday during the afternoon,st,MTJ-AGC,low,afternoon
Kindly need axle counter testing on Mathura to Agra this weekend in the afternoon,st,MTJ-AGC,medium,afternoon
"Please need relay room maintenance on NDLS-MTJ next wednesday during the morning, routine",st,NDLS-MTJ,low,morning
"Requesting to a 3h optical fiber repair on Allahabad to Mughalsarai next monday, immediately",st,ALD-MGS,critical,unspecified
Low priority level crossing signal check required near Prayagraj section next thursday in the evening,st,CNB-ALD,low,evening
"Please schedule a 4h bridge inspection next thursday during the evening on the Mathura-Agra stretch, whenever convenient",engg,MTJ-AGC,low,evening
Routine OHE wire tensioning required near New Delhi-Ghaziabad stretch next monday during the evening,trd,NDLS-MTJ,low,evening
"rail grinding on CNB-ALD during the evening , top priority a 2 hour next monday",engg,CNB-ALD,critical,evening
Critical rail fracture repair required near Mathura to Agra next wednesday,engg,MTJ-AGC,critical,unspecified
"Kindly a 4h power supply inspection on Kanpur to Allahabad next tuesday during the morning, as soon as possible",trd,CNB-ALD,high,morning
"a 3h OHE inspection on the Prayagraj-Mughalsarai stretch next monday in the morning, low priority",trd,ALD-MGS,low,morning
insulator cleaning on AGC-CNB before dawn a 3h this weekend,trd,AGC-CNB,medium,early_morning
"We need to schedule a 1h route relay interlocking check next saturday in the evening on Prayagraj section, whenever convenient",st,CNB-ALD,low,evening
"sleeper replacement on near Kanpur in the morning , low priority tonight",engg,CNB-ALD,low,morning
Low priority ballast renewal required near Itarsi section next saturday late at night,engg,BPL-ET,low,night
Priority power supply inspection required near the Kanpur-Prayagraj stretch next thursday during the evening,trd,CNB-ALD,high,evening
Asap axle counter testing required near Agra Cantt section this weekend in the afternoon,st,MTJ-AGC,critical,afternoon
"power supply inspection on AGC-CNB during the afternoon , asap a 3h today",trd,AGC-CNB,critical,afternoon
schedule a 3h ballast renewal next thursday in the evening on the Bhopal-Itarsi stretch,engg,BPL-ET,medium,evening
signal circuit testing required near BPL-ET next wednesday in the morning,st,BPL-ET,medium,morning
traction transformer check on Kanpur Central section in the morning a 4h,trd,AGC-CNB,medium,morning
"Requesting to need route relay interlocking check on near Prayagraj next friday in the afternoon, top priority",st,ALD-MGS,critical,afternoon
"Kindly need power supply inspection on near New Delhi today in the pre-dawn hours, routine",trd,NDLS-MTJ,low,early_morning
deep screening on near Agra a 1h next friday,engg,AGC-CNB,medium,unspecified
"Can you schedule a 1h rail joint repair on near Kanpur next wednesday, as soon as possible",engg,CNB-ALD,high,unspecified
"interlocking check on the Mathura-Agra stretch during the afternoon , priority a 4h tomorrow",st,MTJ-AGC,high,afternoon
a quick catenary wire repair on the Mathura-Agra stretch in 3 days,trd,MTJ-AGC,medium,unspecified
rail welding repair required near Prayagraj section next tuesday,engg,CNB-ALD,medium,unspecified
"Kindly plan block instrument check on the Mathura-Agra stretch during the morning next tuesday, routine",st,MTJ-AGC,low,morning
Kindly a 2h OHE inspection on the Delhi-Mathura corridor next monday during the evening,trd,NDLS-MTJ,medium,evening
"signal circuit testing on the Pandit Deen Dayal Upadhyaya Jn section , low priority a 2h next thursday",st,ALD-MGS,low,unspecified
"bridge inspection on ALD-MGS in the midnight window , urgent a 3h today",engg,ALD-MGS,critical,night
plan telecom cable repair on near Mathura at night next friday,st,MTJ-AGC,medium,night
Top priority auto tensioning device check required near the Mathura-Agra stretch in a week at night,trd,MTJ-AGC,critical,night
"OHE snag rectification on the Bhopal-Itarsi stretch , high priority a 2h day after tomorrow",trd,BPL-ET,high,unspecified
"Kindly rail joint repair on near Kanpur in 3 days in the morning, minor",engg,CNB-ALD,low,morning
Please plan signal cable inspection on AGC-CNB before dawn today,st,AGC-CNB,medium,early_morning
"Requesting to a 3h point machine repair on Itarsi section tomorrow during the evening, critical",st,BPL-ET,critical,evening
Urgent route relay interlocking check required near AGC-CNB in 3 days overnight,st,AGC-CNB,critical,night
Top priority rail joint repair required near BPL-ET tonight during the afternoon,engg,BPL-ET,critical,afternoon
Whenever convenient OHE inspection required near the Pandit Deen Dayal Upadhyaya Jn section next thursday in the afternoon,trd,ALD-MGS,low,afternoon
auto tensioning device check on CNB-ALD next tuesday,trd,CNB-ALD,medium,unspecified
Immediately bridge inspection required near near Prayagraj tonight in the morning,engg,ALD-MGS,critical,morning
Top priority feeder cable maintenance required near Kanpur Central section next wednesday,trd,AGC-CNB,critical,unspecified
"plan feeder cable maintenance on MTJ-AGC next wednesday, high priority",trd,MTJ-AGC,high,unspecified
"Requesting to a 2h pantograph inspection on the Kanpur-Prayagraj stretch overnight, routine",trd,CNB-ALD,low,night
"a 1h interlocking check on the Mathura-Agra stretch next friday in the pre-dawn hours, non-urgent",st,MTJ-AGC,low,early_morning
"Please a 4h catenary wire repair on CNB-ALD this weekend late at night, non-urgent",trd,CNB-ALD,low,night
"a 3h rail joint repair on near New Delhi in a week in the evening, immediately",engg,NDLS-MTJ,critical,evening
"rail welding repair on the Prayagraj-Mughalsarai stretch before dawn , high priority a quick next monday",engg,ALD-MGS,high,early_morning
"Kindly a 1h telecom cable repair on New Delhi-Ghaziabad stretch next friday early morning, as soon as possible",st,NDLS-MTJ,high,early_morning
"Can you schedule a 1h rail grinding on Agra Cantt section next wednesday in the evening, as soon as possible",engg,MTJ-AGC,high,evening
"schedule rail fracture repair today in the midnight window on the Bhopal-Itarsi stretch, low priority",engg,BPL-ET,low,night
Please schedule a 1h track patrolling this weekend on the Bhopal-Itarsi stretch,engg,BPL-ET,medium,unspecified
"Can you schedule schedule pantograph inspection this weekend in the pre-dawn hours on the Pandit Deen Dayal Upadhyaya Jn section, low priority",trd,ALD-MGS,low,early_morning
Please a 1h circuit breaker testing on ALD-MGS next thursday in the afternoon,trd,ALD-MGS,medium,afternoon
"Please traction substation check on near Prayagraj day after tomorrow, priority",trd,ALD-MGS,high,unspecified
"Kindly need rail joint repair on Prayagraj section, important",engg,CNB-ALD,high,unspecified
"Please a 1h track geometry check on near Agra next thursday at night, routine",engg,AGC-CNB,low,night
"level crossing signal check on NDLS-MTJ during the evening , priority a 1h next tuesday",st,NDLS-MTJ,high,evening
High priority axle counter testing required near near New Delhi next tuesday in the pre-dawn hours,st,NDLS-MTJ,high,early_morning
"We need to schedule a 3h rail fracture repair tomorrow in the afternoon on the Kanpur-Prayagraj stretch, routine",engg,CNB-ALD,low,afternoon
"telecom cable repair on Agra Cantt section in the morning , as soon as possible a 1h next monday",st,MTJ-AGC,high,morning
"Kindly schedule a quick OHE inspection tonight during the afternoon on Agra to Kanpur, immediately",trd,AGC-CNB,critical,afternoon
"We need to schedule a 3h optical fiber repair in a week in the midnight window on the Mathura-Agra stretch, important",st,MTJ-AGC,high,night
"We need to plan circuit breaker testing on near Kanpur in the afternoon tomorrow, top priority",trd,CNB-ALD,critical,afternoon
"Can you schedule a 4h formation strengthening on Allahabad to Mughalsarai next wednesday at night, immediately",engg,ALD-MGS,critical,night
"level crossing signal check on Prayagraj section in the afternoon , immediately a 3h today",st,CNB-ALD,critical,afternoon
overhead line repair on Mathura to Agra in the pre-dawn hours today,trd,MTJ-AGC,medium,early_morning
"We need to schedule a 4h point machine repair in a week in the afternoon on Itarsi section, immediately",st,BPL-ET,critical,afternoon
Immediately signal circuit testing required near CNB-ALD next thursday,st,CNB-ALD,critical,unspecified
"route relay interlocking check on the Prayagraj-Mughalsarai stretch during the evening , high priority this weekend",st,ALD-MGS,high,evening
signal maintenance on Ghaziabad section in the evening a 2h next monday,st,NDLS-MTJ,medium,evening
Important traction transformer check required near the Delhi-Mathura corridor next thursday in the morning,trd,NDLS-MTJ,high,morning
"We need to need OHE snag rectification on Allahabad to Mughalsarai next thursday during the morning, as soon as possible",trd,ALD-MGS,high,morning
"rail fracture repair on near Agra in the evening , whenever convenient a 4h next wednesday",engg,AGC-CNB,low,evening
We need to schedule pantograph inspection today before dawn on the Kanpur-Prayagraj stretch,trd,CNB-ALD,medium,early_morning
Please plan interlocking check on New Delhi to Mathura next wednesday,st,NDLS-MTJ,medium,unspecified
"Requesting to a 4h OHE inspection on Kanpur Central section next wednesday during the morning, priority",trd,AGC-CNB,high,morning
As soon as possible axle counter testing required near NDLS-MTJ next saturday during the afternoon,st,NDLS-MTJ,high,afternoon
"Please need OHE wire tensioning on the Bhopal-Itarsi stretch in 3 days in the morning, whenever convenient",trd,BPL-ET,low,morning
"Can you schedule schedule a 1h rail welding repair next wednesday during the morning on near Agra, critical",engg,AGC-CNB,critical,morning
"Kindly plan insulator cleaning on Agra to Kanpur early morning today, important",trd,AGC-CNB,high,early_morning
"Kindly schedule a 2h rail welding repair next saturday in the evening on near Agra, important",engg,AGC-CNB,high,evening
relay room maintenance required near Allahabad to Mughalsarai next wednesday in the midnight window,st,ALD-MGS,medium,night
Requesting to schedule a 3h point machine repair in 3 days during the afternoon on New Delhi-Ghaziabad stretch,st,NDLS-MTJ,medium,afternoon
"Can you schedule a 4h traction transformer check on near Kanpur tonight in the afternoon, top priority",trd,CNB-ALD,critical,afternoon
"signal maintenance on the Kanpur-Prayagraj stretch in the morning , priority next monday",st,CNB-ALD,high,morning
deep screening on Allahabad to Mughalsarai at night a quick next thursday,engg,ALD-MGS,medium,night
"We need to schedule a 2h traction substation check next saturday in the morning on the Pandit Deen Dayal Upadhyaya Jn section, priority",trd,ALD-MGS,high,morning
Minor auto tensioning device check required near near Kanpur next monday overnight,trd,CNB-ALD,low,night
"traction substation check on Agra Cantt section in the morning , whenever convenient a 4h in 3 days",trd,MTJ-AGC,low,morning
"Can you schedule need point machine repair on the Prayagraj-Mughalsarai stretch next wednesday before dawn, critical",st,ALD-MGS,critical,early_morning
Urgent formation strengthening required near the Pandit Deen Dayal Upadhyaya Jn section next tuesday during the afternoon,engg,ALD-MGS,critical,afternoon
"Kindly plan power supply inspection on Mathura to Agra during the morning, priority",trd,MTJ-AGC,high,morning
"relay room maintenance on the Pandit Deen Dayal Upadhyaya Jn section late at night , high priority a 2h day after tomorrow",st,ALD-MGS,high,night
Low priority interlocking check required near near Bhopal in the afternoon,st,BPL-ET,low,afternoon
"deep screening on near Bhopal during the afternoon , non-urgent a 4h next saturday",engg,BPL-ET,low,afternoon
An emergency bridge inspection required near the Prayagraj-Mughalsarai stretch in the pre-dawn hours,engg,ALD-MGS,critical,early_morning
"need catenary wire repair on Agra to Kanpur next saturday during the morning, an emergency",trd,AGC-CNB,critical,morning
"level crossing signal check on BPL-ET late at night , important a 2h next thursday",st,BPL-ET,high,night
"schedule a 1h block instrument check in a week during the evening on near Bhopal, asap",st,BPL-ET,critical,evening
"Can you schedule schedule a 1h pantograph inspection tomorrow early morning on Kanpur Central section, minor",trd,AGC-CNB,low,early_morning
"Please a quick broken rail repair on the Prayagraj-Mughalsarai stretch today in the afternoon, immediately",engg,ALD-MGS,critical,afternoon
"Kindly a 4h telecom cable repair on near Agra tonight during the evening, priority",st,AGC-CNB,high,evening
"Please schedule a 1h auto tensioning device check day after tomorrow on New Delhi to Mathura, important",trd,NDLS-MTJ,high,unspecified
"a 1h track geometry check on BPL-ET during the afternoon, urgent",engg,BPL-ET,critical,afternoon
"Requesting to a 2h insulator cleaning on ALD-MGS today in the morning, routine",trd,ALD-MGS,low,morning
"schedule broken rail repair next monday in the pre-dawn hours on the Delhi-Mathura corridor, important",engg,NDLS-MTJ,high,early_morning
a 3h pantograph inspection on near Prayagraj next thursday in the evening,trd,ALD-MGS,medium,evening
"OHE snag rectification on the Delhi-Mathura corridor in the morning , important a 3h in 3 days",trd,NDLS-MTJ,high,morning
"schedule a 4h formation strengthening next wednesday on the Mathura-Agra stretch, minor",engg,MTJ-AGC,low,unspecified
"plan signal cable inspection on Kanpur to Allahabad overnight today, priority",st,CNB-ALD,high,night
Urgent rail welding repair required near near Agra today during the morning,engg,AGC-CNB,critical,morning
Priority traction transformer check required near Kanpur Central section tomorrow during the morning,trd,AGC-CNB,high,morning
"Requesting to a 4h traction motor check on MTJ-AGC next thursday during the afternoon, routine",trd,MTJ-AGC,low,afternoon
"Kindly schedule a 1h ballast renewal next monday early morning on Prayagraj section, top priority",engg,CNB-ALD,critical,early_morning
"Requesting to plan auto tensioning device check on CNB-ALD day after tomorrow, priority",trd,CNB-ALD,high,unspecified
Kindly schedule a 3h pantograph inspection next wednesday on Itarsi section,trd,BPL-ET,medium,unspecified
"interlocking check on near New Delhi in the pre-dawn hours , whenever convenient tonight",st,NDLS-MTJ,low,early_morning
"Can you schedule plan track circuit fault on Ghaziabad section during the afternoon tonight, critical",engg,NDLS-MTJ,critical,afternoon
"We need to plan broken rail repair on New Delhi-Ghaziabad stretch before dawn next saturday, whenever convenient",engg,NDLS-MTJ,low,early_morning
Urgent level crossing signal check required near the Agra-Kanpur stretch next tuesday in the afternoon,st,AGC-CNB,critical,afternoon
"Please need relay room maintenance on NDLS-MTJ next wednesday, as soon as possible",st,NDLS-MTJ,high,unspecified
"Please plan overhead line repair on CNB-ALD next wednesday, non-urgent",trd,CNB-ALD,low,unspecified
"Kindly a 2h track geometry check on Kanpur Central section in 3 days, non-urgent",engg,AGC-CNB,low,unspecified
deep screening required near New Delhi to Mathura in 3 days,engg,NDLS-MTJ,medium,unspecified
"Requesting to need track geometry check on near Agra tomorrow late at night, minor",engg,AGC-CNB,low,night
Kindly a 3h traction substation check on BPL-ET in the morning,trd,BPL-ET,medium,morning
Minor signal circuit testing required near the Kanpur-Prayagraj stretch next friday in the midnight window,st,CNB-ALD,low,night
"overhead line repair on the Agra-Kanpur stretch late at night , immediately a 2 hour next monday",trd,AGC-CNB,critical,night
plan point machine repair on near Prayagraj before dawn next saturday,st,ALD-MGS,medium,early_morning
Requesting to plan rail grinding on AGC-CNB in the pre-dawn hours this weekend,engg,AGC-CNB,medium,early_morning
"Kindly a 1h deep screening on near Agra next tuesday during the evening, asap",engg,AGC-CNB,critical,evening
We need to need auto tensioning device check on the Agra-Kanpur stretch tomorrow,trd,AGC-CNB,medium,unspecified
"insulator cleaning on the Kanpur-Prayagraj stretch , high priority a 2 hour next friday",trd,CNB-ALD,high,unspecified
Non-urgent circuit breaker testing required near the Agra-Kanpur stretch next thursday,trd,AGC-CNB,low,unspecified
"We need to need track tamping on near Mathura next saturday in the morning, whenever convenient",engg,MTJ-AGC,low,morning
"schedule a 1h signal circuit testing tonight early morning on near Mathura, priority",st,MTJ-AGC,high,early_morning
"Kindly schedule a 1h relay room maintenance tomorrow on the Kanpur-Prayagraj stretch, whenever convenient",st,CNB-ALD,low,unspecified
"rail grinding on the Agra-Kanpur stretch in 3 days, high priority",engg,AGC-CNB,high,unspecified
"Requesting to schedule a quick optical fiber repair next tuesday on AGC-CNB, minor",st,AGC-CNB,low,unspecified
"Please plan rail fracture repair on the Prayagraj-Mughalsarai stretch next wednesday, asap",engg,ALD-MGS,critical,unspecified
"Please schedule broken rail repair tonight in the afternoon on near Agra, low priority",engg,AGC-CNB,low,afternoon
"Kindly plan relay room maintenance on near Kanpur during the evening this weekend, immediately",st,CNB-ALD,critical,evening
Kindly a 2h relay room maintenance on Bhopal to Itarsi this weekend during the morning,st,BPL-ET,medium,morning
"We need to need power supply inspection on New Delhi-Ghaziabad stretch day after tomorrow, top priority",trd,NDLS-MTJ,critical,unspecified
"Kindly a 2h traction transformer check on AGC-CNB next tuesday in the afternoon, priority",trd,AGC-CNB,high,afternoon
"Kindly rail grinding on Mathura to Agra in 3 days, minor",engg,MTJ-AGC,low,unspecified
Can you schedule a 2h relay room maintenance on Itarsi section this weekend late at night,st,BPL-ET,medium,night
signal cable inspection on the Prayagraj-Mughalsarai stretch in 3 days,st,ALD-MGS,medium,unspecified
"Can you schedule a 2h rail joint repair on Kanpur to Allahabad day after tomorrow in the pre-dawn hours, immediately",engg,CNB-ALD,critical,early_morning
"Requesting to schedule a quick ballast renewal next wednesday during the morning on the Mathura-Agra stretch, priority",engg,MTJ-AGC,high,morning
point machine repair required near the Bhopal-Itarsi stretch next tuesday early morning,st,BPL-ET,medium,early_morning
"Please need block section telephone repair on Allahabad to Mughalsarai today in the evening, urgent",st,ALD-MGS,critical,evening
"Kindly schedule auto tensioning device check tonight during the afternoon on MTJ-AGC, non-urgent",trd,MTJ-AGC,low,afternoon
"Requesting to schedule a 1h traction substation check today on New Delhi-Ghaziabad stretch, whenever convenient",trd,NDLS-MTJ,low,unspecified
"Can you schedule schedule a 1h track circuit fault in a week before dawn on near Agra, whenever convenient",engg,AGC-CNB,low,early_morning
"Kindly schedule a 2h route relay interlocking check in the afternoon on Bhopal to Itarsi, low priority",st,BPL-ET,low,afternoon
"circuit breaker testing on near Mathura in the midnight window , routine a quick tonight",trd,MTJ-AGC,low,night
"a 3h signal circuit testing on Agra Cantt section today in the morning, non-urgent",st,MTJ-AGC,low,morning
"Requesting to need axle counter testing on near Kanpur day after tomorrow during the morning, urgent",st,CNB-ALD,critical,morning
"We need to schedule a 2h formation strengthening next wednesday in the pre-dawn hours on ALD-MGS, as soon as possible",engg,ALD-MGS,high,early_morning
Low priority bridge inspection required near the Bhopal-Itarsi stretch next monday in the morning,engg,BPL-ET,low,morning
We need to schedule a 2h route relay interlocking check next thursday during the evening on Kanpur Central section,st,AGC-CNB,medium,evening
"Please a 1h route relay interlocking check on Kanpur to Allahabad early morning, routine",st,CNB-ALD,low,early_morning
"Requesting to plan block instrument check on Agra Cantt section in the afternoon next wednesday, routine",st,MTJ-AGC,low,afternoon
"Kindly schedule a quick relay room maintenance tomorrow in the morning on CNB-ALD, high priority",st,CNB-ALD,high,morning
High priority track patrolling required near near Prayagraj next tuesday in the evening,engg,ALD-MGS,high,evening
Kindly schedule traction substation check next friday during the afternoon on AGC-CNB,trd,AGC-CNB,medium,afternoon
"Requesting to plan rail fracture repair on Prayagraj section in the evening next monday, minor",engg,CNB-ALD,low,evening
"telecom cable repair on the Bhopal-Itarsi stretch overnight , important a quick next monday",st,BPL-ET,high,night
"We need to a quick sleeper replacement on the Pandit Deen Dayal Upadhyaya Jn section tomorrow in the morning, immediately",engg,ALD-MGS,critical,morning
Whenever convenient track circuit fault required near Mathura to Agra today in the morning,engg,MTJ-AGC,low,morning
"Can you schedule schedule a 2h OHE snag rectification in a week on the Agra-Kanpur stretch, as soon as possible",trd,AGC-CNB,high,unspecified
Can you schedule schedule a 2h relay room maintenance in 3 days in the midnight window on Prayagraj section,st,CNB-ALD,medium,night
"signal circuit testing on CNB-ALD during the morning , asap a 1h next saturday",st,CNB-ALD,critical,morning
"We need to need catenary wire repair on the Kanpur-Prayagraj stretch today during the afternoon, an emergency",trd,CNB-ALD,critical,afternoon
"plan ballast renewal on near Bhopal in the morning next thursday, priority",engg,BPL-ET,high,morning
"Can you schedule a 2h sleeper replacement on Prayagraj section next monday, immediately",engg,CNB-ALD,critical,unspecified
"OHE inspection on New Delhi-Ghaziabad stretch before dawn , low priority",trd,NDLS-MTJ,low,early_morning
"Please schedule a quick telecom cable repair in a week during the morning on the Pandit Deen Dayal Upadhyaya Jn section, non-urgent",st,ALD-MGS,low,morning
a 2 hour rail fracture repair on the Bhopal-Itarsi stretch in the afternoon,engg,BPL-ET,medium,afternoon
"Can you schedule need rail joint repair on Prayagraj section day after tomorrow, non-urgent",engg,CNB-ALD,low,unspecified
a 1h OHE wire tensioning on Itarsi section early morning,trd,BPL-ET,medium,early_morning
"Requesting to plan feeder cable maintenance on New Delhi to Mathura next tuesday, low priority",trd,NDLS-MTJ,low,unspecified
"rail fracture repair on Kanpur Central section in the afternoon , priority a 1h today",engg,AGC-CNB,high,afternoon
Immediately circuit breaker testing required near Prayagraj section tomorrow in the evening,trd,CNB-ALD,critical,evening
Whenever convenient bridge inspection required near NDLS-MTJ during the afternoon,engg,NDLS-MTJ,low,afternoon
"We need to plan power supply inspection on the Bhopal-Itarsi stretch next thursday, low priority",trd,BPL-ET,low,unspecified
Whenever convenient level crossing signal check required near near New Delhi next friday in the midnight window,st,NDLS-MTJ,low,night
Can you schedule schedule a 1h overhead line repair next wednesday during the afternoon on New Delhi to Mathura,trd,NDLS-MTJ,medium,afternoon
"OHE wire tensioning on the Agra-Kanpur stretch during the morning , low priority a quick next tuesday",trd,AGC-CNB,low,morning
"Please schedule a 2 hour traction motor check next saturday on Kanpur to Allahabad, as soon as possible",trd,CNB-ALD,high,unspecified
"Can you schedule a 1h ballast renewal on the Pandit Deen Dayal Upadhyaya Jn section tomorrow during the afternoon, immediately",engg,ALD-MGS,critical,afternoon
Important bridge inspection required near near Agra in 3 days in the evening,engg,AGC-CNB,high,evening
"plan deep screening on MTJ-AGC during the morning in 3 days, priority",engg,MTJ-AGC,high,morning
"a 2 hour point machine repair on the Bhopal-Itarsi stretch in 3 days in the midnight window, top priority",st,BPL-ET,critical,night
"Please need power supply inspection on the Delhi-Mathura corridor next saturday late at night, asap",trd,NDLS-MTJ,critical,night
"Please a 2h track patrolling on Kanpur Central section next monday in the pre-dawn hours, routine",engg,AGC-CNB,low,early_morning
"need rail welding repair on CNB-ALD next thursday during the morning, priority",engg,CNB-ALD,high,morning
Important route relay interlocking check required near near Kanpur in 3 days during the evening,st,CNB-ALD,high,evening
Requesting to plan signal cable inspection on the Kanpur-Prayagraj stretch in the afternoon in 3 days,st,CNB-ALD,medium,afternoon
"rail fracture repair on near Agra in the afternoon , low priority a quick next tuesday",engg,AGC-CNB,low,afternoon
Kindly need catenary wire repair on ALD-MGS this weekend during the afternoon,trd,ALD-MGS,medium,afternoon
"track circuit fault on the Agra-Kanpur stretch in the afternoon , priority a 3h next thursday",engg,AGC-CNB,high,afternoon
"route relay interlocking check on Kanpur Central section at night , as soon as possible a 2h next thursday",st,AGC-CNB,high,night
Requesting to schedule a 2h traction transformer check next thursday overnight on the Mathura-Agra stretch,trd,MTJ-AGC,medium,night
Requesting to track inspection on the Prayagraj-Mughalsarai stretch next thursday during the morning,engg,ALD-MGS,medium,morning
block instrument check on the Bhopal-Itarsi stretch at night a 2h next wednesday,st,BPL-ET,medium,night
"Requesting to plan rail welding repair on Agra to Kanpur during the morning next saturday, as soon as possible",engg,AGC-CNB,high,morning
High priority catenary wire repair required near Itarsi section in a week in the morning,trd,BPL-ET,high,morning
"We need to schedule a 1h ballast renewal next tuesday at night on Itarsi section, routine",engg,BPL-ET,low,night
Non-urgent interlocking check required near the Agra-Kanpur stretch in a week during the evening,st,AGC-CNB,low,evening
Low priority overhead line repair required near Prayagraj section tonight in the pre-dawn hours,trd,CNB-ALD,low,early_morning
"Requesting to schedule track patrolling next wednesday before dawn on the Prayagraj-Mughalsarai stretch, top priority",engg,ALD-MGS,critical,early_morning
"plan traction motor check on the Delhi-Mathura corridor overnight next friday, routine",trd,NDLS-MTJ,low,night
Please schedule a quick rail fracture repair during the morning on near Agra,engg,AGC-CNB,medium,morning
plan overhead line repair on near New Delhi in the pre-dawn hours next wednesday,trd,NDLS-MTJ,medium,early_morning
Non-urgent interlocking check required near Ghaziabad section next monday during the morning,st,NDLS-MTJ,low,morning
"Requesting to need auto tensioning device check on Allahabad to Mughalsarai tonight during the afternoon, priority",trd,ALD-MGS,high,afternoon
"broken rail repair on the Prayagraj-Mughalsarai stretch before dawn , whenever convenient a 3h next monday",engg,ALD-MGS,low,early_morning
"route relay interlocking check on AGC-CNB during the evening , high priority a 4h next thursday",st,AGC-CNB,high,evening
"Can you schedule a 2 hour traction substation check on the Mathura-Agra stretch in 3 days in the evening, asap",trd,MTJ-AGC,critical,evening
An emergency rail joint repair required near Allahabad to Mughalsarai in a week early morning,engg,ALD-MGS,critical,early_morning
need broken rail repair on the Prayagraj-Mughalsarai stretch next wednesday in the evening,engg,ALD-MGS,medium,evening
Can you schedule schedule point machine repair today in the morning on CNB-ALD,st,CNB-ALD,medium,morning
"plan point machine repair on near Mathura during the morning next saturday, critical",st,MTJ-AGC,critical,morning
"We need to need point machine repair on New Delhi-Ghaziabad stretch next monday in the afternoon, an emergency",st,NDLS-MTJ,critical,afternoon
Important signal cable inspection required near NDLS-MTJ next wednesday in the evening,st,NDLS-MTJ,high,evening
"rail grinding on near New Delhi in the afternoon , non-urgent next wednesday",engg,NDLS-MTJ,low,afternoon
Critical formation strengthening required near near New Delhi day after tomorrow in the evening,engg,NDLS-MTJ,critical,evening
Important track circuit fault required near the Bhopal-Itarsi stretch in 3 days in the morning,engg,BPL-ET,high,morning
"We need to need circuit breaker testing on NDLS-MTJ in the morning, non-urgent",trd,NDLS-MTJ,low,morning
Requesting to plan pantograph inspection on Itarsi section during the evening,trd,BPL-ET,medium,evening
"We need to schedule a 2h traction substation check next thursday in the pre-dawn hours on AGC-CNB, routine",trd,AGC-CNB,low,early_morning
Kindly schedule a 2h insulator cleaning next saturday in the morning on near Agra,trd,AGC-CNB,medium,morning
"Requesting to schedule optical fiber repair during the evening on AGC-CNB, high priority",st,AGC-CNB,high,evening
Non-urgent level crossing signal check required near Itarsi section next thursday at night,st,BPL-ET,low,night
We need to need traction substation check on Kanpur Central section in the pre-dawn hours,trd,AGC-CNB,medium,early_morning
"rail welding repair on New Delhi to Mathura , an emergency tomorrow",engg,NDLS-MTJ,critical,unspecified
"signal failure attention on Bhopal to Itarsi in the morning , priority a 2 hour day after tomorrow",st,BPL-ET,high,morning
"feeder cable maintenance on New Delhi to Mathura during the morning , routine a 3h tonight",trd,NDLS-MTJ,low,morning
"Please need power supply inspection on the Bhopal-Itarsi stretch this weekend in the evening, high priority",trd,BPL-ET,high,evening
Can you schedule plan auto tensioning device check on the Mathura-Agra stretch this weekend,trd,MTJ-AGC,medium,unspecified
Immediately signal circuit testing required near the Pandit Deen Dayal Upadhyaya Jn section in a week,st,ALD-MGS,critical,unspecified
"need interlocking check on the Bhopal-Itarsi stretch this weekend in the morning, whenever convenient",st,BPL-ET,low,morning
"level crossing signal check on near Kanpur before dawn , immediately a 3h today",st,CNB-ALD,critical,early_morning
"track patrolling on CNB-ALD before dawn , important day after tomorrow",engg,CNB-ALD,high,early_morning
"Please a 2h track inspection on Prayagraj section in a week, asap",engg,CNB-ALD,critical,unspecified
axle counter testing required near AGC-CNB in 3 days in the midnight window,st,AGC-CNB,medium,night
Immediately traction substation check required near NDLS-MTJ in 3 days in the morning,trd,NDLS-MTJ,critical,morning
Urgent rail grinding required near the Pandit Deen Dayal Upadhyaya Jn section next thursday,engg,ALD-MGS,critical,unspecified
"We need to plan interlocking check on the Pandit Deen Dayal Upadhyaya Jn section during the afternoon next wednesday, high priority",st,ALD-MGS,high,afternoon
"plan traction substation check on AGC-CNB in the morning today, non-urgent",trd,AGC-CNB,low,morning
As soon as possible traction substation check required near Allahabad to Mughalsarai next wednesday during the morning,trd,ALD-MGS,high,morning
"Kindly need track tamping on MTJ-AGC next thursday during the morning, critical",engg,MTJ-AGC,critical,morning
"plan insulator cleaning on Mathura to Agra during the evening day after tomorrow, minor",trd,MTJ-AGC,low,evening
"Please schedule a 2h OHE wire tensioning next tuesday in the evening on Bhopal to Itarsi, critical",trd,BPL-ET,critical,evening
"Kindly plan feeder cable maintenance on near New Delhi next friday, priority",trd,NDLS-MTJ,high,unspecified
Minor traction motor check required near near Prayagraj next wednesday early morning,trd,ALD-MGS,low,early_morning
"Requesting to need formation strengthening on New Delhi-Ghaziabad stretch tomorrow in the afternoon, important",engg,NDLS-MTJ,high,afternoon
"plan overhead line repair on Agra Cantt section in the morning today, high priority",trd,MTJ-AGC,high,morning
"Kindly schedule a 1h ballast renewal tomorrow at night on Kanpur Central section, as soon as possible",engg,AGC-CNB,high,night
Kindly a 1h formation strengthening on Agra to Kanpur early morning,engg,AGC-CNB,medium,early_morning
"Please need track circuit fault on Bhopal to Itarsi day after tomorrow in the morning, routine",engg,BPL-ET,low,morning
"Please schedule a quick signal circuit testing tonight late at night on the Mathura-Agra stretch, routine",st,MTJ-AGC,low,night
Can you schedule plan overhead line repair on near Bhopal,trd,BPL-ET,medium,unspecified
"Kindly schedule a quick track circuit fault next saturday early morning on near Prayagraj, as soon as possible",engg,ALD-MGS,high,early_morning
"power supply inspection on Kanpur to Allahabad , immediately a 3h tonight",trd,CNB-ALD,critical,unspecified
"traction motor check on the Kanpur-Prayagraj stretch during the morning , low priority a 4h next thursday",trd,CNB-ALD,low,morning
Non-urgent relay room maintenance required near the Agra-Kanpur stretch tomorrow,st,AGC-CNB,low,unspecified
"Kindly plan track geometry check on near Mathura in the evening in a week, whenever convenient",engg,MTJ-AGC,low,evening
"We need to plan ballast renewal on near New Delhi in the morning next friday, non-urgent",engg,NDLS-MTJ,low,morning
"Kindly need traction motor check on Prayagraj section in 3 days during the afternoon, whenever convenient",trd,CNB-ALD,low,afternoon
"Kindly plan signal maintenance on Agra Cantt section next monday, as soon as possible",st,MTJ-AGC,high,unspecified
plan insulator cleaning on BPL-ET at night today,trd,BPL-ET,medium,night
Can you schedule schedule a 4h bridge inspection tomorrow on near Mathura,engg,MTJ-AGC,medium,unspecified
"We need to plan traction transformer check on near Prayagraj during the morning in 3 days, an emergency",trd,ALD-MGS,critical,morning
Priority OHE inspection required near the Kanpur-Prayagraj stretch this weekend early morning,trd,CNB-ALD,high,early_morning
Whenever convenient sleeper replacement required near the Prayagraj-Mughalsarai stretch next monday in the morning,engg,ALD-MGS,low,morning
"Please need overhead line repair on Agra Cantt section tonight overnight, non-urgent",trd,MTJ-AGC,low,night
OHE inspection on near Kanpur during the afternoon a quick next saturday,trd,CNB-ALD,medium,afternoon
"pantograph inspection on the Agra-Kanpur stretch late at night , asap a 2h tonight",trd,AGC-CNB,critical,night
Low priority power supply inspection required near the Pandit Deen Dayal Upadhyaya Jn section next thursday in the afternoon,trd,ALD-MGS,low,afternoon
Please a 3h bridge inspection on the Pandit Deen Dayal Upadhyaya Jn section next saturday early morning,engg,ALD-MGS,medium,early_morning
"Please need power supply inspection on CNB-ALD day after tomorrow in the midnight window, important",trd,CNB-ALD,high,night
An emergency insulator cleaning required near Ghaziabad section tonight in the evening,trd,NDLS-MTJ,critical,evening
"Please schedule a quick rail fracture repair next tuesday on the Mathura-Agra stretch, whenever convenient",engg,MTJ-AGC,low,unspecified
As soon as possible rail grinding required near Prayagraj section next thursday in the evening,engg,CNB-ALD,high,evening
Routine axle counter testing required near New Delhi to Mathura next thursday in the afternoon,st,NDLS-MTJ,low,afternoon
"Requesting to need relay room maintenance on ALD-MGS next monday, an emergency",st,ALD-MGS,critical,unspecified
"Requesting to schedule a 2 hour optical fiber repair next wednesday during the evening on Agra Cantt section, important",st,MTJ-AGC,high,evening
"power supply inspection on Ghaziabad section before dawn , critical a 3h next saturday",trd,NDLS-MTJ,critical,early_morning
"plan track patrolling on Bhopal to Itarsi in the evening next monday, whenever convenient",engg,BPL-ET,low,evening
signal cable inspection on Kanpur to Allahabad in the evening next wednesday,st,CNB-ALD,medium,evening
"We need to a 1h OHE wire tensioning on Itarsi section in a week, minor",trd,BPL-ET,low,unspecified
"a 2 hour rail grinding on New Delhi-Ghaziabad stretch next wednesday, as soon as possible",engg,NDLS-MTJ,high,unspecified
"plan OHE wire tensioning on Agra Cantt section in the morning tonight, priority",trd,MTJ-AGC,high,morning
Low priority ballast renewal required near AGC-CNB next saturday at night,engg,AGC-CNB,low,night
"point machine repair on MTJ-AGC , priority a 4h in a week",st,MTJ-AGC,high,unspecified
Minor traction transformer check required near BPL-ET next friday in the afternoon,trd,BPL-ET,low,afternoon
"need formation strengthening on near Mathura next tuesday at night, important",engg,MTJ-AGC,high,night
High priority rail joint repair required near BPL-ET this weekend,engg,BPL-ET,high,unspecified
"Please schedule traction substation check next tuesday during the evening on near Agra, important",trd,AGC-CNB,high,evening
Immediately bridge inspection required near Agra to Kanpur,engg,AGC-CNB,critical,unspecified
rail fracture repair required near near Bhopal next tuesday late at night,engg,BPL-ET,medium,night
"track patrolling on the Prayagraj-Mughalsarai stretch overnight , as soon as possible a 4h next saturday",engg,ALD-MGS,high,night
catenary wire repair required near Agra to Kanpur overnight,trd,AGC-CNB,medium,night
Critical level crossing signal check required near Bhopal to Itarsi day after tomorrow at night,st,BPL-ET,critical,night
"We need to schedule a 1h deep screening tomorrow during the afternoon on NDLS-MTJ, as soon as possible",engg,NDLS-MTJ,high,afternoon
"plan OHE inspection on the Mathura-Agra stretch before dawn next monday, minor",trd,MTJ-AGC,low,early_morning
"signal circuit testing on AGC-CNB in the morning , as soon as possible a 3h tomorrow",st,AGC-CNB,high,morning
"a 4h broken rail repair on Bhopal to Itarsi next wednesday in the morning, non-urgent",engg,BPL-ET,low,morning
"Can you schedule schedule a 3h interlocking check tonight early morning on MTJ-AGC, important",st,MTJ-AGC,high,early_morning
"We need to schedule a 1h sleeper replacement tomorrow in the pre-dawn hours on Ghaziabad section, minor",engg,NDLS-MTJ,low,early_morning
Low priority feeder cable maintenance required near near Agra today during the morning,trd,AGC-CNB,low,morning
"We need to a 2 hour rail welding repair on Prayagraj section in 3 days in the afternoon, low priority",engg,CNB-ALD,low,afternoon
As soon as possible optical fiber repair required near Allahabad to Mughalsarai day after tomorrow during the afternoon,st,ALD-MGS,high,afternoon
Please a 1h power supply inspection on CNB-ALD tomorrow,trd,CNB-ALD,medium,unspecified
Whenever convenient track circuit fault required near near Prayagraj this weekend during the afternoon,engg,ALD-MGS,low,afternoon
Routine signal circuit testing required near ALD-MGS next friday in the midnight window,st,ALD-MGS,low,night
"signal failure attention on near Bhopal , minor a 2 hour next saturday",st,BPL-ET,low,unspecified
track tamping on CNB-ALD a 3h day after tomorrow,engg,CNB-ALD,medium,unspecified
High priority rail grinding required near the Mathura-Agra stretch next saturday at night,engg,MTJ-AGC,high,night
"Kindly plan power supply inspection on the Delhi-Mathura corridor before dawn day after tomorrow, priority",trd,NDLS-MTJ,high,early_morning
Can you schedule need OHE wire tensioning on the Kanpur-Prayagraj stretch today,trd,CNB-ALD,medium,unspecified
"a 2 hour rail grinding on Bhopal to Itarsi in a week late at night, minor",engg,BPL-ET,low,night
"Kindly schedule a 1h broken rail repair tonight on Itarsi section, minor",engg,BPL-ET,low,unspecified
"catenary wire repair on Agra Cantt section in the afternoon , high priority a 1h tonight",trd,MTJ-AGC,high,afternoon
"Please a 4h broken rail repair on near Mathura in a week, whenever convenient",engg,MTJ-AGC,low,unspecified
interlocking check required near CNB-ALD next friday in the morning,st,CNB-ALD,medium,morning
"Can you schedule a 1h OHE snag rectification on NDLS-MTJ today at night, an emergency",trd,NDLS-MTJ,critical,night
"Requesting to need optical fiber repair on near Prayagraj next monday during the morning, whenever convenient",st,ALD-MGS,low,morning
"Kindly a quick block section telephone repair on near Mathura next monday in the evening, whenever convenient",st,MTJ-AGC,low,evening
"rail welding repair on Itarsi section in the evening , high priority a 3h in a week",engg,BPL-ET,high,evening
"Kindly a 4h bridge inspection on the Kanpur-Prayagraj stretch in the afternoon, non-urgent",engg,CNB-ALD,low,afternoon
Requesting to plan traction motor check on New Delhi-Ghaziabad stretch in the pre-dawn hours next wednesday,trd,NDLS-MTJ,medium,early_morning
"Requesting to schedule a 1h bridge inspection next friday during the afternoon on Prayagraj section, top priority",engg,CNB-ALD,critical,afternoon
"Requesting to plan power supply inspection on the Bhopal-Itarsi stretch in the afternoon day after tomorrow, critical",trd,BPL-ET,critical,afternoon
"point machine repair on CNB-ALD early morning , non-urgent a 1h tomorrow",st,CNB-ALD,low,early_morning
"rail fracture repair on CNB-ALD during the afternoon , as soon as possible a 4h tomorrow",engg,CNB-ALD,high,afternoon
"Can you schedule plan signal circuit testing on New Delhi-Ghaziabad stretch overnight in a week, priority",st,NDLS-MTJ,high,night
"need rail joint repair on Kanpur Central section tomorrow in the afternoon, non-urgent",engg,AGC-CNB,low,afternoon
High priority rail fracture repair required near near New Delhi tonight during the evening,engg,NDLS-MTJ,high,evening
"We need to need traction transformer check on near New Delhi in a week in the evening, asap",trd,NDLS-MTJ,critical,evening
"We need to need signal failure attention on Bhopal to Itarsi next thursday in the afternoon, high priority",st,BPL-ET,high,afternoon
"track circuit fault on Agra to Kanpur in the pre-dawn hours , whenever convenient a 1h day after tomorrow",engg,AGC-CNB,low,early_morning
OHE inspection required near near Prayagraj next saturday during the morning,trd,ALD-MGS,medium,morning
route relay interlocking check on CNB-ALD a 4h in a week,st,CNB-ALD,medium,unspecified
"We need to need OHE inspection on Agra Cantt section, minor",trd,MTJ-AGC,low,unspecified
"signal circuit testing on near Kanpur overnight , whenever convenient a 4h day after tomorrow",st,CNB-ALD,low,night
Please plan overhead line repair on New Delhi to Mathura next wednesday,trd,NDLS-MTJ,medium,unspecified
rail welding repair on Itarsi section early morning a 4h in 3 days,engg,BPL-ET,medium,early_morning
"Please a 4h OHE inspection on the Agra-Kanpur stretch next tuesday before dawn, top priority",trd,AGC-CNB,critical,early_morning
"bridge inspection on Kanpur to Allahabad during the evening , urgent a 2 hour next friday",engg,CNB-ALD,critical,evening
"Can you schedule schedule a 4h overhead line repair day after tomorrow during the afternoon on MTJ-AGC, critical",trd,MTJ-AGC,critical,afternoon
"traction transformer check on CNB-ALD next monday during the morning, whenever convenient",trd,CNB-ALD,low,morning
"Requesting to a 4h rail fracture repair on the Kanpur-Prayagraj stretch day after tomorrow during the evening, high priority",engg,CNB-ALD,high,evening
"catenary wire repair on Prayagraj section in the evening , minor a 2h today",trd,CNB-ALD,low,evening
"Can you schedule plan catenary wire repair on CNB-ALD during the evening today, non-urgent",trd,CNB-ALD,low,evening
"plan auto tensioning device check on BPL-ET in the pre-dawn hours this weekend, high priority",trd,BPL-ET,high,early_morning
"plan signal failure attention on AGC-CNB in the evening next saturday, critical",st,AGC-CNB,critical,evening
"block section telephone repair on NDLS-MTJ during the morning , asap a 1h next thursday",st,NDLS-MTJ,critical,morning
Kindly plan track tamping on AGC-CNB in the pre-dawn hours next wednesday,engg,AGC-CNB,medium,early_morning
"Please schedule optical fiber repair tomorrow on the Prayagraj-Mughalsarai stretch, high priority",st,ALD-MGS,high,unspecified
"We need to a 3h block section telephone repair on Mathura to Agra this weekend in the morning, as soon as possible",st,MTJ-AGC,high,morning
"pantograph inspection on Kanpur Central section in the afternoon , priority a 4h day after tomorrow",trd,AGC-CNB,high,afternoon
Requesting to plan sleeper replacement on MTJ-AGC next friday,engg,MTJ-AGC,medium,unspecified
need catenary wire repair on Kanpur to Allahabad next friday in the afternoon,trd,CNB-ALD,medium,afternoon
"Kindly schedule a 2h sleeper replacement next monday in the morning on New Delhi-Ghaziabad stretch, routine",engg,NDLS-MTJ,low,morning
"Please plan rail grinding on NDLS-MTJ in the afternoon in 3 days, low priority",engg,NDLS-MTJ,low,afternoon
"Can you schedule a 2h pantograph inspection on the Pandit Deen Dayal Upadhyaya Jn section next thursday during the morning, asap",trd,ALD-MGS,critical,morning
"Please need ballast renewal on Kanpur Central section next wednesday, as soon as possible",engg,AGC-CNB,high,unspecified
"Requesting to need rail joint repair on Allahabad to Mughalsarai during the afternoon, important",engg,ALD-MGS,high,afternoon
"We need to plan OHE snag rectification on the Mathura-Agra stretch before dawn next monday, whenever convenient",trd,MTJ-AGC,low,early_morning
"Kindly a 2 hour block instrument check on the Kanpur-Prayagraj stretch day after tomorrow, as soon as possible",st,CNB-ALD,high,unspecified
"Requesting to need traction substation check on New Delhi-Ghaziabad stretch in the pre-dawn hours, high priority",trd,NDLS-MTJ,high,early_morning
"Can you schedule schedule circuit breaker testing next tuesday in the afternoon on Ghaziabad section, priority",trd,NDLS-MTJ,high,afternoon
OHE inspection on Itarsi section a 2 hour next friday,trd,BPL-ET,medium,unspecified
feeder cable maintenance required near MTJ-AGC during the evening,trd,MTJ-AGC,medium,evening
"Kindly schedule a 2h bridge inspection next wednesday during the morning on near New Delhi, high priority",engg,NDLS-MTJ,high,morning
"We need to a 3h track patrolling on the Bhopal-Itarsi stretch next wednesday in the morning, low priority",engg,BPL-ET,low,morning
Requesting to schedule a 2h signal maintenance in the morning on the Pandit Deen Dayal Upadhyaya Jn section,st,ALD-MGS,medium,morning
Whenever convenient telecom cable repair required near NDLS-MTJ next thursday early morning,st,NDLS-MTJ,low,early_morning
"Kindly need formation strengthening on CNB-ALD next tuesday before dawn, as soon as possible",engg,CNB-ALD,high,early_morning
"point machine repair on near Prayagraj , immediately a 1h tonight",st,ALD-MGS,critical,unspecified
"signal maintenance on Agra to Kanpur in the morning , critical a 2 hour tonight",st,AGC-CNB,critical,morning
"signal maintenance on Mathura to Agra in the midnight window , minor a 3h next wednesday",st,MTJ-AGC,low,night
"Please schedule catenary wire repair in 3 days at night on Kanpur Central section, low priority",trd,AGC-CNB,low,night
"Requesting to a 3h level crossing signal check on New Delhi-Ghaziabad stretch next tuesday, high priority",st,NDLS-MTJ,high,unspecified
"Requesting to plan relay room maintenance on near Agra in the afternoon next friday, routine",st,AGC-CNB,low,afternoon
Requesting to a 2 hour track tamping on AGC-CNB tomorrow,engg,AGC-CNB,medium,unspecified
Important traction transformer check required near the Prayagraj-Mughalsarai stretch tomorrow in the evening,trd,ALD-MGS,high,evening
Routine rail grinding required near Mathura to Agra today in the evening,engg,MTJ-AGC,low,evening
"level crossing signal check on Agra to Kanpur during the afternoon , as soon as possible a 3h",st,AGC-CNB,high,afternoon
schedule a 2h rail grinding tomorrow during the morning on near New Delhi,engg,NDLS-MTJ,medium,morning
track inspection required near New Delhi-Ghaziabad stretch day after tomorrow during the morning,engg,NDLS-MTJ,medium,morning
Requesting to plan rail grinding on near Kanpur at night next saturday,engg,CNB-ALD,medium,night
We need to a 3h bridge inspection on near Agra tomorrow,engg,AGC-CNB,medium,unspecified
"We need to a 4h ballast renewal on the Bhopal-Itarsi stretch tomorrow in the evening, urgent",engg,BPL-ET,critical,evening
schedule a 1h sleeper replacement this weekend in the pre-dawn hours on near Prayagraj,engg,ALD-MGS,medium,early_morning
track geometry check required near near Prayagraj next tuesday in the afternoon,engg,ALD-MGS,medium,afternoon
Requesting to schedule insulator cleaning next friday in the morning on New Delhi to Mathura,trd,NDLS-MTJ,medium,morning
Critical auto tensioning device check required near Prayagraj section next thursday during the afternoon,trd,CNB-ALD,critical,afternoon
"plan pantograph inspection on Mathura to Agra in the evening next friday, critical",trd,MTJ-AGC,critical,evening
Can you schedule a 2h level crossing signal check on the Bhopal-Itarsi stretch this weekend before dawn,st,BPL-ET,medium,early_morning
"Kindly a 1h track tamping on the Delhi-Mathura corridor day after tomorrow late at night, as soon as possible",engg,NDLS-MTJ,high,night
"Kindly need feeder cable maintenance on the Mathura-Agra stretch next saturday, urgent",trd,MTJ-AGC,critical,unspecified
"Requesting to track patrolling on near Prayagraj next monday during the evening, priority",engg,ALD-MGS,high,evening
As soon as possible axle counter testing required near near Bhopal this weekend at night,st,BPL-ET,high,night
"pantograph inspection on the Bhopal-Itarsi stretch before dawn , priority a 1h day after tomorrow",trd,BPL-ET,high,early_morning
Minor point machine repair required near Kanpur to Allahabad today before dawn,st,CNB-ALD,low,early_morning
"Please schedule a 2h track circuit fault on Mathura to Agra, low priority",engg,MTJ-AGC,low,unspecified
Critical signal circuit testing required near Allahabad to Mughalsarai tomorrow in the midnight window,st,ALD-MGS,critical,night
"track patrolling on Allahabad to Mughalsarai next tuesday in the midnight window, asap",engg,ALD-MGS,critical,night
"OHE inspection on Mathura to Agra next friday in the pre-dawn hours, an emergency",trd,MTJ-AGC,critical,early_morning
"Kindly need traction transformer check on AGC-CNB in a week during the afternoon, important",trd,AGC-CNB,high,afternoon
Kindly a 3h point machine repair on MTJ-AGC today at night,st,MTJ-AGC,medium,night
"Please need auto tensioning device check on Kanpur to Allahabad next tuesday late at night, critical",trd,CNB-ALD,critical,night
"Kindly need pantograph inspection on Agra Cantt section tomorrow early morning, immediately",trd,MTJ-AGC,critical,early_morning
Can you schedule need deep screening on AGC-CNB tonight late at night,engg,AGC-CNB,medium,night
As soon as possible catenary wire repair required near Itarsi section next monday during the evening,trd,BPL-ET,high,evening
Critical traction motor check required near AGC-CNB next monday,trd,AGC-CNB,critical,unspecified
"Kindly schedule OHE snag rectification tonight during the afternoon on CNB-ALD, asap",trd,CNB-ALD,critical,afternoon
broken rail repair on near Kanpur during the afternoon a 2 hour this weekend,engg,CNB-ALD,medium,afternoon
"We need to plan point machine repair on Bhopal to Itarsi during the evening next thursday, whenever convenient",st,BPL-ET,low,evening
"auto tensioning device check on Agra Cantt section , asap a 3h next thursday",trd,MTJ-AGC,critical,unspecified
We need to schedule a 3h track patrolling next monday early morning on New Delhi to Mathura,engg,NDLS-MTJ,medium,early_morning
As soon as possible track inspection required near near Agra in a week in the afternoon,engg,AGC-CNB,high,afternoon
"track tamping on MTJ-AGC , high priority a 4h next tuesday",engg,MTJ-AGC,high,unspecified
"Can you schedule schedule a quick telecom cable repair next wednesday in the evening on New Delhi-Ghaziabad stretch, top priority",st,NDLS-MTJ,critical,evening
"We need to schedule a quick ballast renewal next friday at night on Agra to Kanpur, critical",engg,AGC-CNB,critical,night
rail welding repair on Bhopal to Itarsi during the afternoon a quick next wednesday,engg,BPL-ET,medium,afternoon
Top priority rail grinding required near New Delhi to Mathura next thursday late at night,engg,NDLS-MTJ,critical,night
Kindly a 1h signal circuit testing on the Kanpur-Prayagraj stretch next tuesday,st,CNB-ALD,medium,unspecified
"Requesting to plan overhead line repair on Mathura to Agra late at night next tuesday, non-urgent",trd,MTJ-AGC,low,night
"Please a 2 hour auto tensioning device check on New Delhi-Ghaziabad stretch in a week during the morning, whenever convenient",trd,NDLS-MTJ,low,morning
Kindly a 3h signal circuit testing on Kanpur to Allahabad next monday at night,st,CNB-ALD,medium,night
"Kindly schedule a quick rail grinding in the pre-dawn hours on the Mathura-Agra stretch, urgent",engg,MTJ-AGC,critical,early_morning
"We need to a quick feeder cable maintenance on BPL-ET next friday at night, as soon as possible",trd,BPL-ET,high,night
An emergency bridge inspection required near near New Delhi next thursday during the morning,engg,NDLS-MTJ,critical,morning
Please a quick traction motor check on MTJ-AGC next thursday,trd,MTJ-AGC,medium,unspecified
"OHE snag rectification on Prayagraj section early morning , an emergency a 2 hour next saturday",trd,CNB-ALD,critical,early_morning
"Please need track patrolling on Mathura to Agra next wednesday during the evening, important",engg,MTJ-AGC,high,evening
"Can you schedule plan telecom cable repair on the Pandit Deen Dayal Upadhyaya Jn section tomorrow, top priority",st,ALD-MGS,critical,unspecified
Urgent ballast renewal required near the Pandit Deen Dayal Upadhyaya Jn section next thursday before dawn,engg,ALD-MGS,critical,early_morning
Kindly a 2h rail welding repair on Agra to Kanpur next friday overnight,engg,AGC-CNB,medium,night
plan ballast renewal on Itarsi section during the morning next saturday,engg,BPL-ET,medium,morning
"Can you schedule plan signal maintenance on near Agra in the evening next wednesday, whenever convenient",st,AGC-CNB,low,evening
"telecom cable repair on New Delhi-Ghaziabad stretch during the afternoon , non-urgent next saturday",st,NDLS-MTJ,low,afternoon
Critical track patrolling required near the Mathura-Agra stretch next tuesday overnight,engg,MTJ-AGC,critical,night
"We need to a 3h track tamping on Prayagraj section next saturday during the afternoon, an emergency",engg,CNB-ALD,critical,afternoon
"Kindly need ballast renewal on BPL-ET next monday before dawn, whenever convenient",engg,BPL-ET,low,early_morning
"We need to schedule a 1h circuit breaker testing next thursday in the afternoon on Agra Cantt section, an emergency",trd,MTJ-AGC,critical,afternoon
Asap feeder cable maintenance required near the Agra-Kanpur stretch in 3 days in the afternoon,trd,AGC-CNB,critical,afternoon
"need track inspection on MTJ-AGC today in the morning, minor",engg,MTJ-AGC,low,morning
"a 1h interlocking check on Kanpur Central section day after tomorrow in the pre-dawn hours, non-urgent",st,AGC-CNB,low,early_morning
"Requesting to schedule a 3h telecom cable repair next wednesday during the afternoon on Agra to Kanpur, as soon as possible",st,AGC-CNB,high,afternoon
"Requesting to plan overhead line repair on the Agra-Kanpur stretch in the evening today, routine",trd,AGC-CNB,low,evening
"Kindly a quick catenary wire repair on near Agra next wednesday in the afternoon, critical",trd,AGC-CNB,critical,afternoon
"Can you schedule a 4h overhead line repair on the Agra-Kanpur stretch next wednesday in the pre-dawn hours, immediately",trd,AGC-CNB,critical,early_morning
"Kindly schedule a 1h track tamping next tuesday in the pre-dawn hours on Bhopal to Itarsi, non-urgent",engg,BPL-ET,low,early_morning
rail joint repair on ALD-MGS overnight a 3h day after tomorrow,engg,ALD-MGS,medium,night
"Kindly a quick signal circuit testing on Prayagraj section next thursday during the morning, minor",st,CNB-ALD,low,morning
"rail welding repair on near Kanpur during the evening , important a 2h next tuesday",engg,CNB-ALD,high,evening
Urgent overhead line repair required near near Bhopal next saturday at night,trd,BPL-ET,critical,night
"We need to schedule a 2h rail welding repair next saturday in the afternoon on the Bhopal-Itarsi stretch, top priority",engg,BPL-ET,critical,afternoon
Routine broken rail repair required near the Kanpur-Prayagraj stretch today before dawn,engg,CNB-ALD,low,early_morning
"Requesting to need traction transformer check on Itarsi section day after tomorrow in the pre-dawn hours, an emergency",trd,BPL-ET,critical,early_morning
"Kindly plan block section telephone repair on Kanpur to Allahabad at night, immediately",st,CNB-ALD,critical,night
"power supply inspection on near Agra in the pre-dawn hours , priority a 1h next tuesday",trd,AGC-CNB,high,early_morning
"We need to need block section telephone repair on the Delhi-Mathura corridor this weekend, low priority",st,NDLS-MTJ,low,unspecified
Top priority catenary wire repair required near Kanpur to Allahabad today in the pre-dawn hours,trd,CNB-ALD,critical,early_morning
pantograph inspection on Allahabad to Mughalsarai at night a 2 hour,trd,ALD-MGS,medium,night
Asap catenary wire repair required near the Delhi-Mathura corridor this weekend in the afternoon,trd,NDLS-MTJ,critical,afternoon
"OHE wire tensioning on Agra to Kanpur in the morning , important a quick next thursday",trd,AGC-CNB,high,morning
Can you schedule a 4h signal failure attention on AGC-CNB in the pre-dawn hours,st,AGC-CNB,medium,early_morning
Critical rail welding repair required near ALD-MGS tonight during the morning,engg,ALD-MGS,critical,morning
"Requesting to a 2 hour block section telephone repair on Agra Cantt section today in the midnight window, immediately",st,MTJ-AGC,critical,night
rail joint repair on Prayagraj section early morning day after tomorrow,engg,CNB-ALD,medium,early_morning
"Can you schedule a 3h OHE wire tensioning on ALD-MGS next friday during the morning, an emergency",trd,ALD-MGS,critical,morning
"Can you schedule plan sleeper replacement on near Bhopal in the evening next thursday, critical",engg,BPL-ET,critical,evening
"track tamping on AGC-CNB in the morning , high priority tomorrow",engg,AGC-CNB,high,morning
High priority rail grinding required near Kanpur Central section next wednesday during the morning,engg,AGC-CNB,high,morning
"Can you schedule plan overhead line repair on near Mathura next tuesday, important",trd,MTJ-AGC,high,unspecified
"Can you schedule a 2h point machine repair on Agra Cantt section in a week during the afternoon, whenever convenient",st,MTJ-AGC,low,afternoon
plan overhead line repair on Kanpur to Allahabad next wednesday,trd,CNB-ALD,medium,unspecified
optical fiber repair required near near Kanpur tonight at night,st,CNB-ALD,medium,night
"a 2h bridge inspection on MTJ-AGC in 3 days in the morning, as soon as possible",engg,MTJ-AGC,high,morning
route relay interlocking check required near New Delhi-Ghaziabad stretch tomorrow during the afternoon,st,NDLS-MTJ,medium,afternoon
"Requesting to a 3h optical fiber repair on the Mathura-Agra stretch this weekend during the evening, high priority",st,MTJ-AGC,high,evening
OHE wire tensioning required near Prayagraj section early morning,trd,CNB-ALD,medium,early_morning
"We need to schedule a 3h rail grinding next monday in the pre-dawn hours on CNB-ALD, immediately",engg,CNB-ALD,critical,early_morning
"plan OHE inspection on AGC-CNB in the morning in a week, immediately",trd,AGC-CNB,critical,morning
"Kindly need OHE inspection on AGC-CNB this weekend in the midnight window, immediately",trd,AGC-CNB,critical,night
signal cable inspection required near the Delhi-Mathura corridor next tuesday in the evening,st,NDLS-MTJ,medium,evening
schedule a quick block section telephone repair late at night on BPL-ET,st,BPL-ET,medium,night
"Kindly plan bridge inspection on Itarsi section late at night this weekend, important",engg,BPL-ET,high,night
Kindly need formation strengthening on BPL-ET day after tomorrow at night,engg,BPL-ET,medium,night
"Kindly schedule a 1h power supply inspection today during the evening on near Kanpur, important",trd,CNB-ALD,high,evening
Asap auto tensioning device check required near Prayagraj section next friday in the evening,trd,CNB-ALD,critical,evening
"Kindly plan telecom cable repair on Itarsi section during the morning this weekend, high priority",st,BPL-ET,high,morning
"Requesting to schedule rail joint repair tomorrow in the afternoon on Bhopal to Itarsi, urgent",engg,BPL-ET,critical,afternoon
"Can you schedule plan block section telephone repair on Kanpur to Allahabad in the morning in a week, routine",st,CNB-ALD,low,morning
"We need to plan signal failure attention on Kanpur Central section early morning next monday, high priority",st,AGC-CNB,high,early_morning
"feeder cable maintenance on Kanpur to Allahabad in the afternoon , an emergency a 2h next saturday",trd,CNB-ALD,critical,afternoon
Critical ballast renewal required near CNB-ALD tonight in the midnight window,engg,CNB-ALD,critical,night
Please schedule a 2 hour insulator cleaning next monday in the evening on near Kanpur,trd,CNB-ALD,medium,evening
level crossing signal check on the Kanpur-Prayagraj stretch during the afternoon next monday,st,CNB-ALD,medium,afternoon
Can you schedule plan route relay interlocking check on Kanpur to Allahabad in the afternoon next friday,st,CNB-ALD,medium,afternoon
"level crossing signal check on CNB-ALD tomorrow early morning, top priority",st,CNB-ALD,critical,early_morning
An emergency pantograph inspection required near MTJ-AGC this weekend in the pre-dawn hours,trd,MTJ-AGC,critical,early_morning
"interlocking check on near Mathura early morning , low priority a 4h next monday",st,MTJ-AGC,low,early_morning
"Requesting to schedule a 2h pantograph inspection this weekend during the evening on BPL-ET, critical",trd,BPL-ET,critical,evening
Important bridge inspection required near BPL-ET tonight during the morning,engg,BPL-ET,high,morning
plan telecom cable repair on New Delhi to Mathura in the pre-dawn hours in 3 days,st,NDLS-MTJ,medium,early_morning
"plan relay room maintenance on ALD-MGS in the afternoon, low priority",st,ALD-MGS,low,afternoon
"Requesting to need pantograph inspection on the Mathura-Agra stretch day after tomorrow at night, important",trd,MTJ-AGC,high,night
Kindly need relay room maintenance on near Bhopal next wednesday during the morning,st,BPL-ET,medium,morning
"traction motor check on the Prayagraj-Mughalsarai stretch in the morning , routine a 2 hour tonight",trd,ALD-MGS,low,morning
Priority bridge inspection required near CNB-ALD this weekend in the morning,engg,CNB-ALD,high,morning
Non-urgent traction substation check required near the Agra-Kanpur stretch next saturday before dawn,trd,AGC-CNB,low,early_morning
High priority overhead line repair required near near Agra in a week during the evening,trd,AGC-CNB,high,evening
"Please plan optical fiber repair on near Agra in the afternoon next wednesday, urgent",st,AGC-CNB,critical,afternoon
optical fiber repair required near Allahabad to Mughalsarai in 3 days in the morning,st,ALD-MGS,medium,morning
"track tamping on the Agra-Kanpur stretch during the afternoon , urgent a 2 hour",engg,AGC-CNB,critical,afternoon
Kindly schedule a 4h track inspection today in the evening on Agra to Kanpur,engg,AGC-CNB,medium,evening
"feeder cable maintenance on the Kanpur-Prayagraj stretch early morning , an emergency a 2h next wednesday",trd,CNB-ALD,critical,early_morning
"overhead line repair on Prayagraj section during the morning , an emergency a 3h tonight",trd,CNB-ALD,critical,morning
"Kindly need signal failure attention on Allahabad to Mughalsarai next thursday before dawn, as soon as possible",st,ALD-MGS,high,early_morning
"rail grinding on the Pandit Deen Dayal Upadhyaya Jn section in the afternoon , priority a 3h tonight",engg,ALD-MGS,high,afternoon
"We need to a 2 hour level crossing signal check on near Bhopal next tuesday during the afternoon, minor",st,BPL-ET,low,afternoon
"Please plan OHE inspection on CNB-ALD in the pre-dawn hours next thursday, as soon as possible",trd,CNB-ALD,high,early_morning
Low priority power supply inspection required near AGC-CNB next wednesday in the afternoon,trd,AGC-CNB,low,afternoon
An emergency rail fracture repair required near near New Delhi in a week in the evening,engg,NDLS-MTJ,critical,evening
Top priority traction motor check required near NDLS-MTJ tonight in the pre-dawn hours,trd,NDLS-MTJ,critical,early_morning
track tamping on Bhopal to Itarsi a 2 hour in 3 days,engg,BPL-ET,medium,unspecified
High priority rail fracture repair required near NDLS-MTJ tomorrow in the evening,engg,NDLS-MTJ,high,evening
"Please schedule a 2 hour track circuit fault next tuesday overnight on the Pandit Deen Dayal Upadhyaya Jn section, routine",engg,ALD-MGS,low,night
"pantograph inspection on the Pandit Deen Dayal Upadhyaya Jn section in the pre-dawn hours , immediately a 1h",trd,ALD-MGS,critical,early_morning
"plan feeder cable maintenance on the Mathura-Agra stretch during the afternoon day after tomorrow, priority",trd,MTJ-AGC,high,afternoon
"We need to schedule a 2 hour telecom cable repair next wednesday on near Bhopal, whenever convenient",st,BPL-ET,low,unspecified
"rail grinding on CNB-ALD during the evening , routine a 4h",engg,CNB-ALD,low,evening
"Please need circuit breaker testing on near New Delhi day after tomorrow, priority",trd,NDLS-MTJ,high,unspecified
Please need auto tensioning device check on Allahabad to Mughalsarai tonight in the evening,trd,ALD-MGS,medium,evening
Low priority traction transformer check required near near Prayagraj next tuesday during the morning,trd,ALD-MGS,low,morning
Kindly plan relay room maintenance on Allahabad to Mughalsarai next friday,st,ALD-MGS,medium,unspecified
"Requesting to auto tensioning device check on CNB-ALD tomorrow, urgent",trd,CNB-ALD,critical,unspecified
"We need to a 2 hour signal circuit testing on near Kanpur this weekend late at night, important",st,CNB-ALD,high,night
"deep screening on AGC-CNB in the midnight window , top priority a 2h in 3 days",engg,AGC-CNB,critical,night
"Can you schedule plan formation strengthening on near Mathura during the afternoon tonight, top priority",engg,MTJ-AGC,critical,afternoon
"We need to plan track tamping on Kanpur Central section early morning this weekend, minor",engg,AGC-CNB,low,early_morning
"We need to plan rail fracture repair on ALD-MGS late at night, critical",engg,ALD-MGS,critical,night
"We need to plan auto tensioning device check on near New Delhi early morning next friday, priority",trd,NDLS-MTJ,high,early_morning
"plan telecom cable repair on the Prayagraj-Mughalsarai stretch during the afternoon next saturday, high priority",st,ALD-MGS,high,afternoon
"Can you schedule need ballast renewal on near Prayagraj in the afternoon, urgent",engg,ALD-MGS,critical,afternoon
"Can you schedule plan track tamping on near Agra late at night day after tomorrow, minor",engg,AGC-CNB,low,night
plan track circuit fault on the Prayagraj-Mughalsarai stretch in the evening next thursday,engg,ALD-MGS,medium,evening
"schedule a 2h block instrument check tomorrow during the afternoon on BPL-ET, an emergency",st,BPL-ET,critical,afternoon
"sleeper replacement on near Bhopal in the afternoon , critical a 3h in 3 days",engg,BPL-ET,critical,afternoon
"a 4h bridge inspection on Ghaziabad section day after tomorrow in the afternoon, asap",engg,NDLS-MTJ,critical,afternoon
Please a quick rail welding repair on Allahabad to Mughalsarai in 3 days during the afternoon,engg,ALD-MGS,medium,afternoon
"track inspection on the Mathura-Agra stretch during the evening , routine a 2 hour",engg,MTJ-AGC,low,evening
"Kindly schedule a 2h track geometry check next friday in the afternoon on Itarsi section, high priority",engg,BPL-ET,high,afternoon
"Requesting to plan signal cable inspection on New Delhi to Mathura in the evening tomorrow, high priority",st,NDLS-MTJ,high,evening
"Please need OHE inspection on New Delhi-Ghaziabad stretch tonight at night, high priority",trd,NDLS-MTJ,high,night
"Requesting to a 2 hour bridge inspection on the Agra-Kanpur stretch next tuesday in the pre-dawn hours, as soon as possible",engg,AGC-CNB,high,early_morning
"traction substation check on near New Delhi , priority a 1h in a week",trd,NDLS-MTJ,high,unspecified
"telecom cable repair on near Prayagraj in the morning , as soon as possible a 2h",st,ALD-MGS,high,morning
"Can you schedule schedule a 4h circuit breaker testing day after tomorrow in the evening on AGC-CNB, important",trd,AGC-CNB,high,evening
"We need to a quick bridge inspection on Bhopal to Itarsi next saturday, critical",engg,BPL-ET,critical,unspecified
rail welding repair required near near New Delhi in the morning,engg,NDLS-MTJ,medium,morning
Routine signal maintenance required near Prayagraj section next tuesday early morning,st,CNB-ALD,low,early_morning
"Kindly need OHE inspection on near Bhopal next friday in the morning, asap",trd,BPL-ET,critical,morning
Whenever convenient feeder cable maintenance required near near New Delhi in 3 days,trd,NDLS-MTJ,low,unspecified
"OHE wire tensioning on the Agra-Kanpur stretch during the evening , whenever convenient a 2 hour tonight",trd,AGC-CNB,low,evening
ballast renewal required near near New Delhi day after tomorrow in the pre-dawn hours,engg,NDLS-MTJ,medium,early_morning
deep screening on near Agra a 2h today,engg,AGC-CNB,medium,unspecified
"need block section telephone repair on Agra to Kanpur in the midnight window, whenever convenient",st,AGC-CNB,low,night
"Can you schedule need signal circuit testing on Allahabad to Mughalsarai day after tomorrow in the evening, routine",st,ALD-MGS,low,evening
Please schedule a 4h rail welding repair tomorrow in the afternoon on near Mathura,engg,MTJ-AGC,medium,afternoon
"We need to plan OHE wire tensioning on New Delhi to Mathura late at night next saturday, top priority",trd,NDLS-MTJ,critical,night
"Kindly plan signal maintenance on Allahabad to Mughalsarai during the morning, top priority",st,ALD-MGS,critical,morning
schedule a 3h OHE inspection today in the midnight window on Allahabad to Mughalsarai,trd,ALD-MGS,medium,night
"need bridge inspection on near Prayagraj day after tomorrow, routine",engg,ALD-MGS,low,unspecified
"Please need OHE snag rectification on near Agra next friday during the afternoon, minor",trd,AGC-CNB,low,afternoon
"rail grinding on the Mathura-Agra stretch in the evening , urgent a 2h in 3 days",engg,MTJ-AGC,critical,evening
Priority insulator cleaning required near near Prayagraj next saturday in the evening,trd,ALD-MGS,high,evening
"plan traction substation check on New Delhi to Mathura in a week, non-urgent",trd,NDLS-MTJ,low,unspecified
"Kindly schedule a 3h signal circuit testing in a week in the morning on the Prayagraj-Mughalsarai stretch, minor",st,ALD-MGS,low,morning
"axle counter testing on Agra to Kanpur , minor a 1h this weekend",st,AGC-CNB,low,unspecified
An emergency telecom cable repair required near near New Delhi next friday,st,NDLS-MTJ,critical,unspecified
"Kindly need deep screening on the Mathura-Agra stretch next friday, priority",engg,MTJ-AGC,high,unspecified
"Please schedule a 4h interlocking check next wednesday in the pre-dawn hours on Ghaziabad section, non-urgent",st,NDLS-MTJ,low,early_morning
"Please signal maintenance on MTJ-AGC this weekend during the evening, minor",st,MTJ-AGC,low,evening
Critical signal maintenance required near Bhopal to Itarsi next tuesday during the evening,st,BPL-ET,critical,evening
"insulator cleaning on near Mathura in the morning , an emergency this weekend",trd,MTJ-AGC,critical,morning
"Requesting to plan relay room maintenance on Prayagraj section in the afternoon this weekend, minor",st,CNB-ALD,low,afternoon
traction substation check on MTJ-AGC during the afternoon a 1h next wednesday,trd,MTJ-AGC,medium,afternoon
Can you schedule plan pantograph inspection on New Delhi to Mathura in the morning next friday,trd,NDLS-MTJ,medium,morning
auto tensioning device check on near Kanpur in the morning tonight,trd,CNB-ALD,medium,morning
Kindly need track geometry check on near Prayagraj tonight during the morning,engg,ALD-MGS,medium,morning
Kindly schedule a 4h relay room maintenance tomorrow in the evening on Mathura to Agra,st,MTJ-AGC,medium,evening
"Please a 3h track tamping on the Prayagraj-Mughalsarai stretch next thursday in the evening, high priority",engg,ALD-MGS,high,evening
"Can you schedule schedule a 2 hour block section telephone repair this weekend during the evening on near New Delhi, as soon as possible",st,NDLS-MTJ,high,evening
"Please need block instrument check on New Delhi-Ghaziabad stretch day after tomorrow during the afternoon, immediately",st,NDLS-MTJ,critical,afternoon
"Please plan OHE wire tensioning on near New Delhi in the pre-dawn hours today, top priority",trd,NDLS-MTJ,critical,early_morning
"block instrument check on the Kanpur-Prayagraj stretch , top priority a 2 hour",st,CNB-ALD,critical,unspecified
Top priority traction motor check required near the Mathura-Agra stretch tomorrow,trd,MTJ-AGC,critical,unspecified
"Kindly schedule a 2 hour rail joint repair this weekend in the afternoon on near Mathura, low priority",engg,MTJ-AGC,low,afternoon
"Can you schedule schedule a 3h rail joint repair next wednesday in the afternoon on the Delhi-Mathura corridor, high priority",engg,NDLS-MTJ,high,afternoon
We need to plan catenary wire repair on Ghaziabad section next saturday,trd,NDLS-MTJ,medium,unspecified
catenary wire repair required near Agra to Kanpur next friday during the afternoon,trd,AGC-CNB,medium,afternoon
We need to a 4h interlocking check on MTJ-AGC tomorrow during the afternoon,st,MTJ-AGC,medium,afternoon
We need to plan rail welding repair on AGC-CNB in 3 days,engg,AGC-CNB,medium,unspecified
We need to a quick signal circuit testing on MTJ-AGC in a week in the evening,st,MTJ-AGC,medium,evening
Kindly a 2 hour OHE snag rectification on near Agra next tuesday during the afternoon,trd,AGC-CNB,medium,afternoon
Can you schedule schedule a 1h relay room maintenance next tuesday during the morning on Bhopal to Itarsi,st,BPL-ET,medium,morning
We need to feeder cable maintenance on BPL-ET this weekend in the evening,trd,BPL-ET,medium,evening
"Please schedule a 3h traction motor check next monday late at night on the Agra-Kanpur stretch, top priority",trd,AGC-CNB,critical,night
overhead line repair on Bhopal to Itarsi during the morning a 1h next tuesday,trd,BPL-ET,medium,morning
"Kindly need track inspection on NDLS-MTJ during the afternoon, asap",engg,NDLS-MTJ,critical,afternoon
"track tamping on Bhopal to Itarsi , an emergency a quick in a week",engg,BPL-ET,critical,unspecified
"Requesting to plan point machine repair on near Bhopal in the midnight window, urgent",st,BPL-ET,critical,night
"We need to plan catenary wire repair on New Delhi-Ghaziabad stretch during the evening in 3 days, low priority",trd,NDLS-MTJ,low,evening
Low priority OHE inspection required near near Agra next saturday overnight,trd,AGC-CNB,low,night
"Can you schedule plan signal cable inspection on New Delhi to Mathura during the morning day after tomorrow, non-urgent",st,NDLS-MTJ,low,morning
"Can you schedule a 1h track geometry check on Ghaziabad section next wednesday in the evening, minor",engg,NDLS-MTJ,low,evening
Kindly schedule a 2h signal failure attention next saturday in the evening on Agra Cantt section,st,MTJ-AGC,medium,evening
"We need to plan traction substation check on the Delhi-Mathura corridor in the afternoon today, important",trd,NDLS-MTJ,high,afternoon
"Requesting to need level crossing signal check on the Bhopal-Itarsi stretch next tuesday during the afternoon, high priority",st,BPL-ET,high,afternoon
"We need to plan track inspection on the Agra-Kanpur stretch in the morning in 3 days, routine",engg,AGC-CNB,low,morning
telecom cable repair on Bhopal to Itarsi a 3h next thursday,st,BPL-ET,medium,unspecified
"Requesting to a 3h formation strengthening on Ghaziabad section tonight early morning, immediately",engg,NDLS-MTJ,critical,early_morning
Immediately track tamping required near CNB-ALD next saturday in the afternoon,engg,CNB-ALD,critical,afternoon
"track patrolling on the Pandit Deen Dayal Upadhyaya Jn section in the morning , routine a 2h next tuesday",engg,ALD-MGS,low,morning
Please plan level crossing signal check on the Agra-Kanpur stretch before dawn next thursday,st,AGC-CNB,medium,early_morning
Requesting to schedule a 4h traction motor check next monday in the afternoon on the Prayagraj-Mughalsarai stretch,trd,ALD-MGS,medium,afternoon
"a 2 hour sleeper replacement on Itarsi section tonight in the afternoon, an emergency",engg,BPL-ET,critical,afternoon
Asap route relay interlocking check required near Mathura to Agra today during the afternoon,st,MTJ-AGC,critical,afternoon
As soon as possible catenary wire repair required near near New Delhi tomorrow,trd,NDLS-MTJ,high,unspecified
"Please a 3h traction transformer check on near Agra today in the evening, minor",trd,AGC-CNB,low,evening
We need to need feeder cable maintenance on Agra to Kanpur next friday in the pre-dawn hours,trd,AGC-CNB,medium,early_morning
Please schedule a quick OHE snag rectification early morning on the Prayagraj-Mughalsarai stretch,trd,ALD-MGS,medium,early_morning
"schedule formation strengthening next monday in the afternoon on Allahabad to Mughalsarai, important",engg,ALD-MGS,high,afternoon
Minor OHE snag rectification required near Prayagraj section tomorrow in the morning,trd,CNB-ALD,low,morning
Please schedule a quick route relay interlocking check next friday in the evening on near Kanpur,st,CNB-ALD,medium,evening
"auto tensioning device check on Agra to Kanpur during the afternoon , non-urgent a quick this weekend",trd,AGC-CNB,low,afternoon
"sleeper replacement on near Kanpur during the morning , high priority a 4h in 3 days",engg,CNB-ALD,high,morning
Priority axle counter testing required near the Prayagraj-Mughalsarai stretch this weekend in the morning,st,ALD-MGS,high,morning
plan level crossing signal check on MTJ-AGC overnight day after tomorrow,st,MTJ-AGC,medium,night
"plan signal maintenance on near Bhopal overnight day after tomorrow, whenever convenient",st,BPL-ET,low,night
"Requesting to plan track circuit fault on Itarsi section before dawn this weekend, whenever convenient",engg,BPL-ET,low,early_morning
"a quick track inspection on AGC-CNB next tuesday early morning, important",engg,AGC-CNB,high,early_morning
Requesting to plan signal circuit testing on BPL-ET during the evening in a week,st,BPL-ET,medium,evening
"OHE inspection on near Agra in the evening , as soon as possible a 2 hour next saturday",trd,AGC-CNB,high,evening
"Kindly plan OHE inspection on New Delhi to Mathura late at night next wednesday, as soon as possible",trd,NDLS-MTJ,high,night
"need track patrolling on the Pandit Deen Dayal Upadhyaya Jn section next thursday during the morning, high priority",engg,ALD-MGS,high,morning
"schedule a 4h optical fiber repair tonight at night on BPL-ET, routine",st,BPL-ET,low,night
"optical fiber repair on BPL-ET in the pre-dawn hours , high priority a 2 hour next monday",st,BPL-ET,high,early_morning
"Please need rail grinding on Bhopal to Itarsi this weekend in the midnight window, as soon as possible",engg,BPL-ET,high,night
"deep screening on Kanpur Central section in the morning , important a 2h tonight",engg,AGC-CNB,high,morning
Requesting to schedule a 4h block instrument check in a week during the morning on Ghaziabad section,st,NDLS-MTJ,medium,morning
"Requesting to need track circuit fault on the Pandit Deen Dayal Upadhyaya Jn section next monday, important",engg,ALD-MGS,high,unspecified
We need to need bridge inspection on the Bhopal-Itarsi stretch day after tomorrow in the evening,engg,BPL-ET,medium,evening
"Kindly plan formation strengthening on the Delhi-Mathura corridor before dawn next friday, priority",engg,NDLS-MTJ,high,early_morning
signal circuit testing required near ALD-MGS in a week,st,ALD-MGS,medium,unspecified
"Please a 3h telecom cable repair on AGC-CNB next wednesday in the morning, as soon as possible",st,AGC-CNB,high,morning
"Kindly plan signal failure attention on the Pandit Deen Dayal Upadhyaya Jn section in the afternoon day after tomorrow, whenever convenient",st,ALD-MGS,low,afternoon
We need to need relay room maintenance on Itarsi section today in the pre-dawn hours,st,BPL-ET,medium,early_morning
"Please schedule a quick overhead line repair next friday in the morning on ALD-MGS, important",trd,ALD-MGS,high,morning
We need to a 1h traction motor check on NDLS-MTJ next tuesday during the morning,trd,NDLS-MTJ,medium,morning
catenary wire repair required near Mathura to Agra tomorrow late at night,trd,MTJ-AGC,medium,night
We need to plan track patrolling on Mathura to Agra in the afternoon next monday,engg,MTJ-AGC,medium,afternoon
"We need to schedule overhead line repair in 3 days in the afternoon on Bhopal to Itarsi, whenever convenient",trd,BPL-ET,low,afternoon
Can you schedule a 2 hour signal failure attention on Agra Cantt section next friday,st,MTJ-AGC,medium,unspecified
"Kindly need relay room maintenance on the Bhopal-Itarsi stretch in 3 days in the evening, critical",st,BPL-ET,critical,evening
"Please a 2 hour level crossing signal check on the Delhi-Mathura corridor tonight, routine",st,NDLS-MTJ,low,unspecified
Kindly need rail grinding on CNB-ALD next tuesday,engg,CNB-ALD,medium,unspecified
Can you schedule a 4h signal circuit testing on CNB-ALD next tuesday early morning,st,CNB-ALD,medium,early_morning
"Please plan signal failure attention on near New Delhi in the afternoon tonight, top priority",st,NDLS-MTJ,critical,afternoon
"need overhead line repair on Itarsi section next tuesday, immediately",trd,BPL-ET,critical,unspecified
"Can you schedule need block instrument check on BPL-ET this weekend during the morning, non-urgent",st,BPL-ET,low,morning
"Can you schedule need broken rail repair on Agra Cantt section next monday early morning, routine",engg,MTJ-AGC,low,early_morning
Routine sleeper replacement required near the Pandit Deen Dayal Upadhyaya Jn section during the afternoon,engg,ALD-MGS,low,afternoon
plan signal maintenance on near Prayagraj during the morning in 3 days,st,ALD-MGS,medium,morning
"plan point machine repair on near Agra during the afternoon day after tomorrow, routine",st,AGC-CNB,low,afternoon
"bridge inspection on BPL-ET early morning , low priority next thursday",engg,BPL-ET,low,early_morning
Requesting to plan rail joint repair on Prayagraj section in the afternoon in a week,engg,CNB-ALD,medium,afternoon
Requesting to a 4h circuit breaker testing on NDLS-MTJ next friday late at night,trd,NDLS-MTJ,medium,night
Requesting to need level crossing signal check on BPL-ET during the afternoon,st,BPL-ET,medium,afternoon
"Can you schedule plan OHE wire tensioning on BPL-ET in the pre-dawn hours day after tomorrow, routine",trd,BPL-ET,low,early_morning
Requesting to schedule a 4h auto tensioning device check day after tomorrow before dawn on MTJ-AGC,trd,MTJ-AGC,medium,early_morning
"We need to schedule level crossing signal check day after tomorrow on BPL-ET, low priority",st,BPL-ET,low,unspecified
Please a 1h broken rail repair on Kanpur to Allahabad today during the afternoon,engg,CNB-ALD,medium,afternoon
Kindly plan traction motor check on MTJ-AGC during the evening next saturday,trd,MTJ-AGC,medium,evening
relay room maintenance required near ALD-MGS in a week during the morning,st,ALD-MGS,medium,morning
"Can you schedule a 4h circuit breaker testing on the Mathura-Agra stretch during the morning, priority",trd,MTJ-AGC,high,morning
Critical circuit breaker testing required near near Prayagraj day after tomorrow,trd,ALD-MGS,critical,unspecified
"need circuit breaker testing on New Delhi to Mathura next tuesday during the evening, as soon as possible",trd,NDLS-MTJ,high,evening
"a quick traction transformer check on Kanpur to Allahabad next friday before dawn, non-urgent",trd,CNB-ALD,low,early_morning
We need to need axle counter testing on MTJ-AGC next tuesday in the pre-dawn hours,st,MTJ-AGC,medium,early_morning
track geometry check on near Prayagraj a 4h next saturday,engg,ALD-MGS,medium,unspecified
Low priority level crossing signal check required near the Prayagraj-Mughalsarai stretch in 3 days during the afternoon,st,ALD-MGS,low,afternoon
Requesting to schedule a 2 hour formation strengthening in 3 days during the evening on Agra Cantt section,engg,MTJ-AGC,medium,evening
"Can you schedule schedule traction substation check next saturday in the afternoon on the Kanpur-Prayagraj stretch, whenever convenient",trd,CNB-ALD,low,afternoon
"Can you schedule schedule a 2h deep screening during the evening on the Prayagraj-Mughalsarai stretch, asap",engg,ALD-MGS,critical,evening
"Please schedule a 3h deep screening next thursday in the midnight window on Itarsi section, an emergency",engg,BPL-ET,critical,night
"Kindly a 1h telecom cable repair on Bhopal to Itarsi next monday, priority",st,BPL-ET,high,unspecified
Low priority track tamping required near the Pandit Deen Dayal Upadhyaya Jn section tomorrow,engg,ALD-MGS,low,unspecified
OHE wire tensioning on the Delhi-Mathura corridor before dawn this weekend,trd,NDLS-MTJ,medium,early_morning
"Can you schedule a 4h rail joint repair on Itarsi section day after tomorrow in the midnight window, whenever convenient",engg,BPL-ET,low,night
"OHE snag rectification on the Prayagraj-Mughalsarai stretch in the afternoon , immediately a quick day after tomorrow",trd,ALD-MGS,critical,afternoon
"Kindly plan bridge inspection on the Kanpur-Prayagraj stretch at night tonight, whenever convenient",engg,CNB-ALD,low,night
"Please need track patrolling on near Mathura in 3 days early morning, minor",engg,MTJ-AGC,low,early_morning
Whenever convenient bridge inspection required near BPL-ET next monday before dawn,engg,BPL-ET,low,early_morning
schedule a 2h signal failure attention next thursday early morning on near Kanpur,st,CNB-ALD,medium,early_morning
optical fiber repair on near Agra during the evening a 4h next wednesday,st,AGC-CNB,medium,evening
"schedule a 1h point machine repair next saturday during the afternoon on Bhopal to Itarsi, as soon as possible",st,BPL-ET,high,afternoon
"Please need pantograph inspection on the Mathura-Agra stretch next wednesday during the morning, an emergency",trd,MTJ-AGC,critical,morning
catenary wire repair required near the Prayagraj-Mughalsarai stretch next saturday during the afternoon,trd,ALD-MGS,medium,afternoon
"Please need rail welding repair on CNB-ALD tomorrow before dawn, an emergency",engg,CNB-ALD,critical,early_morning
"OHE snag rectification on BPL-ET during the afternoon , as soon as possible a 4h next friday",trd,BPL-ET,high,afternoon
need feeder cable maintenance on Bhopal to Itarsi next monday in the afternoon,trd,BPL-ET,medium,afternoon
"Requesting to schedule a 2h insulator cleaning tomorrow in the afternoon on the Bhopal-Itarsi stretch, urgent",trd,BPL-ET,critical,afternoon
"OHE wire tensioning on Mathura to Agra overnight , low priority a 2h next thursday",trd,MTJ-AGC,low,night
track patrolling required near New Delhi to Mathura tomorrow early morning,engg,NDLS-MTJ,medium,early_morning
interlocking check required near ALD-MGS today before dawn,st,ALD-MGS,medium,early_morning
"rail fracture repair on the Prayagraj-Mughalsarai stretch in the morning , priority a 2 hour next friday",engg,ALD-MGS,high,morning
"signal failure attention on Bhopal to Itarsi during the morning , routine a 2h next friday",st,BPL-ET,low,morning
Requesting to plan bridge inspection on the Pandit Deen Dayal Upadhyaya Jn section in the morning next monday,engg,ALD-MGS,medium,morning
Critical pantograph inspection required near Itarsi section next monday in the afternoon,trd,BPL-ET,critical,afternoon
Can you schedule schedule a 4h ballast renewal next saturday during the afternoon on Ghaziabad section,engg,NDLS-MTJ,medium,afternoon
As soon as possible broken rail repair required near New Delhi to Mathura next monday during the evening,engg,NDLS-MTJ,high,evening
"We need to schedule a quick rail joint repair tomorrow in the morning on the Agra-Kanpur stretch, important",engg,AGC-CNB,high,morning
Kindly schedule a 4h deep screening in 3 days on Bhopal to Itarsi,engg,BPL-ET,medium,unspecified
As soon as possible relay room maintenance required near near Agra in a week during the morning,st,AGC-CNB,high,morning
"Requesting to schedule a 2h signal cable inspection next tuesday in the afternoon on the Pandit Deen Dayal Upadhyaya Jn section, routine",st,ALD-MGS,low,afternoon
"Kindly a quick signal failure attention on AGC-CNB day after tomorrow, important",st,AGC-CNB,high,unspecified
"a 2h signal cable inspection on near Kanpur in a week during the evening, important",st,CNB-ALD,high,evening
"We need to schedule a 4h ballast renewal this weekend on Kanpur Central section, routine",engg,AGC-CNB,low,unspecified
Urgent optical fiber repair required near the Pandit Deen Dayal Upadhyaya Jn section day after tomorrow overnight,st,ALD-MGS,critical,night
"Please plan interlocking check on Kanpur to Allahabad in a week, an emergency",st,CNB-ALD,critical,unspecified
"Requesting to need optical fiber repair on the Mathura-Agra stretch next friday before dawn, immediately",st,MTJ-AGC,critical,early_morning
"insulator cleaning on AGC-CNB , high priority a 2h in a week",trd,AGC-CNB,high,unspecified
"Requesting to need ballast renewal on Kanpur Central section tomorrow during the morning, priority",engg,AGC-CNB,high,morning
"We need to a 2 hour optical fiber repair on BPL-ET next tuesday, high priority",st,BPL-ET,high,unspecified
"Kindly plan OHE inspection on near Prayagraj in the afternoon next thursday, asap",trd,ALD-MGS,critical,afternoon
"plan block instrument check on near Prayagraj at night next thursday, top priority",st,ALD-MGS,critical,night
Non-urgent broken rail repair required near ALD-MGS in 3 days,engg,ALD-MGS,low,unspecified
We need to plan relay room maintenance on Kanpur to Allahabad in the pre-dawn hours next friday,st,CNB-ALD,medium,early_morning
"We need to a quick traction transformer check on CNB-ALD next friday in the morning, non-urgent",trd,CNB-ALD,low,morning
"Kindly plan track tamping on Kanpur Central section in the pre-dawn hours next saturday, as soon as possible",engg,AGC-CNB,high,early_morning
Please a 2h signal circuit testing on Bhopal to Itarsi tomorrow early morning,st,BPL-ET,medium,early_morning
"sleeper replacement on ALD-MGS overnight , as soon as possible a 2h in a week",engg,ALD-MGS,high,night
"schedule a 2h track tamping in 3 days early morning on Agra to Kanpur, minor",engg,AGC-CNB,low,early_morning
"We need to schedule a 2 hour interlocking check next wednesday in the afternoon on CNB-ALD, low priority",st,CNB-ALD,low,afternoon
"Can you schedule a 4h broken rail repair on the Kanpur-Prayagraj stretch next friday in the pre-dawn hours, urgent",engg,CNB-ALD,critical,early_morning
"Please a 1h broken rail repair on MTJ-AGC next tuesday during the morning, non-urgent",engg,MTJ-AGC,low,morning
Immediately traction motor check required near near Kanpur next tuesday at night,trd,CNB-ALD,critical,night
"bridge inspection on near Agra , immediately a 4h tomorrow",engg,AGC-CNB,critical,unspecified
"Please schedule a 1h OHE snag rectification on Prayagraj section, an emergency",trd,CNB-ALD,critical,unspecified
"plan OHE inspection on the Mathura-Agra stretch in 3 days, important",trd,MTJ-AGC,high,unspecified
Can you schedule schedule a 1h track circuit fault tonight before dawn on near Bhopal,engg,BPL-ET,medium,early_morning
OHE snag rectification required near Bhopal to Itarsi next wednesday early morning,trd,BPL-ET,medium,early_morning
traction motor check on the Agra-Kanpur stretch overnight a 2 hour,trd,AGC-CNB,medium,night
"need formation strengthening on CNB-ALD tonight, non-urgent",engg,CNB-ALD,low,unspecified
"We need to schedule a 3h rail fracture repair in a week during the afternoon on CNB-ALD, immediately",engg,CNB-ALD,critical,afternoon
Requesting to plan OHE snag rectification on BPL-ET during the afternoon tonight,trd,BPL-ET,medium,afternoon
"Can you schedule schedule a 1h optical fiber repair tonight on BPL-ET, whenever convenient",st,BPL-ET,low,unspecified
"Please schedule track tamping next friday during the afternoon on BPL-ET, top priority",engg,BPL-ET,critical,afternoon
point machine repair required near near Bhopal in 3 days,st,BPL-ET,medium,unspecified
"Please a 1h signal circuit testing on the Mathura-Agra stretch in 3 days in the afternoon, top priority",st,MTJ-AGC,critical,afternoon
"We need to need rail joint repair on New Delhi to Mathura next friday in the morning, priority",engg,NDLS-MTJ,high,morning
"rail joint repair on the Pandit Deen Dayal Upadhyaya Jn section during the afternoon , low priority a 2 hour next thursday",engg,ALD-MGS,low,afternoon
We need to plan signal circuit testing on near Prayagraj during the morning in 3 days,st,ALD-MGS,medium,morning
plan signal circuit testing on New Delhi-Ghaziabad stretch overnight next tuesday,st,NDLS-MTJ,medium,night
"Kindly need rail fracture repair on Agra Cantt section tonight during the evening, urgent",engg,MTJ-AGC,critical,evening
"Requesting to schedule a quick signal cable inspection tonight in the evening on ALD-MGS, priority",st,ALD-MGS,high,evening
"Requesting to plan track tamping on near Bhopal during the evening next thursday, high priority",engg,BPL-ET,high,evening
"We need to schedule a 3h bridge inspection next thursday on MTJ-AGC, important",engg,MTJ-AGC,high,unspecified
"signal maintenance on near Kanpur during the afternoon , non-urgent a 2h next wednesday",st,CNB-ALD,low,afternoon
We need to schedule a quick signal maintenance on near New Delhi,st,NDLS-MTJ,medium,unspecified
"Please schedule a 3h rail welding repair next tuesday on Mathura to Agra, low priority",engg,MTJ-AGC,low,unspecified
"interlocking check on near Mathura late at night , priority a 2 hour tomorrow",st,MTJ-AGC,high,night
Asap signal failure attention required near AGC-CNB in 3 days in the morning,st,AGC-CNB,critical,morning
"Requesting to need rail joint repair on near Kanpur tonight, asap",engg,CNB-ALD,critical,unspecified
"signal maintenance on near Kanpur during the afternoon , top priority a 1h next friday",st,CNB-ALD,critical,afternoon
Urgent signal failure attention required near Agra to Kanpur tomorrow,st,AGC-CNB,critical,unspecified
"Can you schedule need overhead line repair on CNB-ALD day after tomorrow, an emergency",trd,CNB-ALD,critical,unspecified
"We need to schedule a 3h signal circuit testing tomorrow in the midnight window on near Agra, urgent",st,AGC-CNB,critical,night
Top priority overhead line repair required near near Bhopal next friday during the afternoon,trd,BPL-ET,critical,afternoon
"Kindly plan deep screening on the Delhi-Mathura corridor at night in 3 days, asap",engg,NDLS-MTJ,critical,night
"Can you schedule plan traction transformer check on the Pandit Deen Dayal Upadhyaya Jn section during the morning in a week, routine",trd,ALD-MGS,low,morning
"Kindly a 4h track geometry check on Itarsi section in the evening, critical",engg,BPL-ET,critical,evening
Minor signal cable inspection required near New Delhi-Ghaziabad stretch next monday during the morning,st,NDLS-MTJ,low,morning
"Kindly schedule a 2 hour bridge inspection this weekend during the evening on near Kanpur, important",engg,CNB-ALD,high,evening
block section telephone repair on near New Delhi during the morning a 4h today,st,NDLS-MTJ,medium,morning
"We need to need telecom cable repair on the Pandit Deen Dayal Upadhyaya Jn section in a week before dawn, priority",st,ALD-MGS,high,early_morning
"Can you schedule need signal failure attention on near Kanpur today in the morning, important",st,CNB-ALD,high,morning
traction transformer check on the Bhopal-Itarsi stretch in the afternoon tomorrow,trd,BPL-ET,medium,afternoon
"We need to a 1h OHE wire tensioning on near Kanpur next tuesday during the evening, as soon as possible",trd,CNB-ALD,high,evening
"Please plan auto tensioning device check on the Agra-Kanpur stretch before dawn in a week, an emergency",trd,AGC-CNB,critical,early_morning
"rail joint repair on AGC-CNB , low priority a 1h tomorrow",engg,AGC-CNB,low,unspecified
"We need to plan ballast renewal on near New Delhi during the evening in a week, high priority",engg,NDLS-MTJ,high,evening
"Requesting to need power supply inspection on Agra Cantt section this weekend, priority",trd,MTJ-AGC,high,unspecified
"Please need signal cable inspection on near Agra today during the evening, as soon as possible",st,AGC-CNB,high,evening
"plan feeder cable maintenance on the Prayagraj-Mughalsarai stretch during the evening next thursday, high priority",trd,ALD-MGS,high,evening
Priority track patrolling required near the Agra-Kanpur stretch next wednesday in the morning,engg,AGC-CNB,high,morning
"Requesting to schedule a 2 hour overhead line repair next monday in the afternoon on New Delhi to Mathura, asap",trd,NDLS-MTJ,critical,afternoon
rail joint repair required near AGC-CNB this weekend,engg,AGC-CNB,medium,unspecified
"Can you schedule plan OHE snag rectification on Agra Cantt section during the morning next monday, priority",trd,MTJ-AGC,high,morning
Kindly plan point machine repair on the Prayagraj-Mughalsarai stretch in the evening this weekend,st,ALD-MGS,medium,evening
"Please plan broken rail repair on the Delhi-Mathura corridor in the afternoon this weekend, asap",engg,NDLS-MTJ,critical,afternoon
"track circuit fault on MTJ-AGC in the morning , routine a 2 hour today",engg,MTJ-AGC,low,morning
"Kindly schedule a 2h overhead line repair today in the morning on Prayagraj section, low priority",trd,CNB-ALD,low,morning
"overhead line repair on Kanpur Central section during the morning , critical a 1h tomorrow",trd,AGC-CNB,critical,morning
"Can you schedule traction substation check on Kanpur Central section next friday in the morning, asap",trd,AGC-CNB,critical,morning
"Kindly a 2 hour traction motor check on New Delhi to Mathura next monday at night, asap",trd,NDLS-MTJ,critical,night
"Please need power supply inspection on AGC-CNB tonight, important",trd,AGC-CNB,high,unspecified
We need to a 1h track circuit fault on Bhopal to Itarsi next thursday in the afternoon,engg,BPL-ET,medium,afternoon
Can you schedule plan OHE inspection on ALD-MGS overnight next saturday,trd,ALD-MGS,medium,night
Important formation strengthening required near Ghaziabad section next wednesday during the evening,engg,NDLS-MTJ,high,evening
"We need to schedule a 1h interlocking check tonight before dawn on the Bhopal-Itarsi stretch, an emergency",st,BPL-ET,critical,early_morning
"Kindly plan signal maintenance on AGC-CNB at night next saturday, non-urgent",st,AGC-CNB,low,night
Non-urgent power supply inspection required near the Bhopal-Itarsi stretch day after tomorrow,trd,BPL-ET,low,unspecified
"We need to rail grinding on Itarsi section next wednesday in the afternoon, whenever convenient",engg,BPL-ET,low,afternoon
"Requesting to a 4h level crossing signal check on the Kanpur-Prayagraj stretch in 3 days during the afternoon, minor",st,CNB-ALD,low,afternoon
"Requesting to a 2h auto tensioning device check on New Delhi to Mathura next saturday in the evening, an emergency",trd,NDLS-MTJ,critical,evening
Low priority OHE inspection required near near New Delhi in a week in the morning,trd,NDLS-MTJ,low,morning
insulator cleaning on Allahabad to Mughalsarai early morning a 1h next wednesday,trd,ALD-MGS,medium,early_morning
"interlocking check on Bhopal to Itarsi in the evening , low priority a 2 hour",st,BPL-ET,low,evening
As soon as possible formation strengthening required near AGC-CNB in a week before dawn,engg,AGC-CNB,high,early_morning
"Requesting to need ballast renewal on the Mathura-Agra stretch tomorrow during the afternoon, as soon as possible",engg,MTJ-AGC,high,afternoon
"We need to need route relay interlocking check on Ghaziabad section in a week in the morning, whenever convenient",st,NDLS-MTJ,low,morning
"Please a 4h OHE inspection on Itarsi section next saturday in the afternoon, top priority",trd,BPL-ET,critical,afternoon
"Requesting to need traction substation check on New Delhi to Mathura next monday in the pre-dawn hours, routine",trd,NDLS-MTJ,low,early_morning
traction transformer check required near Itarsi section today during the morning,trd,BPL-ET,medium,morning
"a 2 hour rail fracture repair on the Pandit Deen Dayal Upadhyaya Jn section next wednesday in the evening, important",engg,ALD-MGS,high,evening
Top priority track inspection required near Kanpur to Allahabad next tuesday late at night,engg,CNB-ALD,critical,night
"Requesting to need catenary wire repair on the Kanpur-Prayagraj stretch in 3 days in the evening, top priority",trd,CNB-ALD,critical,evening
Requesting to a 1h deep screening on New Delhi to Mathura next wednesday before dawn,engg,NDLS-MTJ,medium,early_morning
"signal cable inspection on near Mathura in the pre-dawn hours , critical a 2h tomorrow",st,MTJ-AGC,critical,early_morning
"Kindly a 3h signal maintenance on CNB-ALD tonight in the evening, as soon as possible",st,CNB-ALD,high,evening
"Kindly a 2h rail joint repair on Ghaziabad section this weekend, asap",engg,NDLS-MTJ,critical,unspecified
"We need to plan formation strengthening on New Delhi-Ghaziabad stretch in the afternoon next friday, high priority",engg,NDLS-MTJ,high,afternoon
"We need to need track circuit fault on MTJ-AGC next friday, urgent",engg,MTJ-AGC,critical,unspecified
Priority power supply inspection required near Prayagraj section next monday during the evening,trd,CNB-ALD,high,evening
"Please need rail welding repair on near Prayagraj next tuesday in the morning, important",engg,ALD-MGS,high,morning
High priority OHE inspection required near near Kanpur this weekend during the afternoon,trd,CNB-ALD,high,afternoon
Priority track circuit fault required near near Bhopal next wednesday during the afternoon,engg,BPL-ET,high,afternoon
Please schedule a 1h relay room maintenance next thursday in the pre-dawn hours on near Agra,st,AGC-CNB,medium,early_morning
Kindly schedule a 4h feeder cable maintenance next monday during the evening on Allahabad to Mughalsarai,trd,ALD-MGS,medium,evening
"Please need point machine repair on CNB-ALD during the evening, minor",st,CNB-ALD,low,evening
"We need to plan catenary wire repair on Itarsi section in the afternoon this weekend, low priority",trd,BPL-ET,low,afternoon
Priority catenary wire repair required near the Agra-Kanpur stretch tonight in the evening,trd,AGC-CNB,high,evening
"track circuit fault on Bhopal to Itarsi next saturday in the evening, minor",engg,BPL-ET,low,evening
"Please need track inspection on near New Delhi this weekend in the morning, an emergency",engg,NDLS-MTJ,critical,morning
"plan bridge inspection on near Prayagraj in the morning day after tomorrow, whenever convenient",engg,ALD-MGS,low,morning
"formation strengthening on Mathura to Agra during the evening , routine a 3h tonight",engg,MTJ-AGC,low,evening
"schedule a quick route relay interlocking check today before dawn on Agra to Kanpur, top priority",st,AGC-CNB,critical,early_morning
"Can you schedule schedule a 3h relay room maintenance next wednesday during the evening on Prayagraj section, high priority",st,CNB-ALD,high,evening
Please plan signal maintenance on the Kanpur-Prayagraj stretch overnight today,st,CNB-ALD,medium,night
"Requesting to a 2h signal circuit testing on Kanpur to Allahabad next monday in the pre-dawn hours, top priority",st,CNB-ALD,critical,early_morning
"Kindly plan optical fiber repair on CNB-ALD during the morning tomorrow, low priority",st,CNB-ALD,low,morning
Top priority rail welding repair required near Agra to Kanpur day after tomorrow in the pre-dawn hours,engg,AGC-CNB,critical,early_morning
"Can you schedule a quick signal maintenance on Kanpur Central section tonight in the evening, an emergency",st,AGC-CNB,critical,evening
"power supply inspection on near New Delhi during the afternoon , low priority next tuesday",trd,NDLS-MTJ,low,afternoon
Requesting to need route relay interlocking check on near Kanpur tonight during the afternoon,st,CNB-ALD,medium,afternoon
Kindly plan feeder cable maintenance on near Kanpur in the afternoon in 3 days,trd,CNB-ALD,medium,afternoon
"Can you schedule schedule a 1h track inspection today before dawn on MTJ-AGC, high priority",engg,MTJ-AGC,high,early_morning
Top priority track circuit fault required near NDLS-MTJ tonight in the morning,engg,NDLS-MTJ,critical,morning
"schedule a 4h auto tensioning device check tomorrow on AGC-CNB, urgent",trd,AGC-CNB,critical,unspecified
"We need to need track patrolling on NDLS-MTJ this weekend early morning, low priority",engg,NDLS-MTJ,low,early_morning
"insulator cleaning on Agra Cantt section in the evening , priority a 2h next wednesday",trd,MTJ-AGC,high,evening
"Please plan auto tensioning device check on Ghaziabad section late at night tomorrow, high priority",trd,NDLS-MTJ,high,night
Critical feeder cable maintenance required near BPL-ET in 3 days before dawn,trd,BPL-ET,critical,early_morning
"Kindly need auto tensioning device check on near Prayagraj tomorrow, non-urgent",trd,ALD-MGS,low,unspecified
We need to need feeder cable maintenance on ALD-MGS early morning,trd,ALD-MGS,medium,early_morning
"Requesting to a 4h OHE inspection on the Pandit Deen Dayal Upadhyaya Jn section, top priority",trd,ALD-MGS,critical,unspecified
Asap optical fiber repair required near the Agra-Kanpur stretch next wednesday during the morning,st,AGC-CNB,critical,morning
Requesting to need relay room maintenance on Kanpur Central section tonight in the pre-dawn hours,st,AGC-CNB,medium,early_morning
Whenever convenient relay room maintenance required near near Kanpur tonight during the afternoon,st,CNB-ALD,low,afternoon
"Requesting to schedule a 2 hour signal maintenance during the afternoon on near Mathura, low priority",st,MTJ-AGC,low,afternoon
"Kindly schedule a 2h deep screening tonight during the afternoon on Mathura to Agra, urgent",engg,MTJ-AGC,critical,afternoon
rail welding repair required near Kanpur to Allahabad next wednesday early morning,engg,CNB-ALD,medium,early_morning
"We need to plan signal cable inspection on Agra Cantt section at night next monday, an emergency",st,MTJ-AGC,critical,night
"Requesting to schedule a 2h point machine repair during the afternoon on the Mathura-Agra stretch, low priority",st,MTJ-AGC,low,afternoon
"signal circuit testing on the Agra-Kanpur stretch late at night , non-urgent a 2h next thursday",st,AGC-CNB,low,night
We need to schedule a 2h signal failure attention next wednesday at night on Bhopal to Itarsi,st,BPL-ET,medium,night
bridge inspection on Bhopal to Itarsi during the morning a quick next friday,engg,BPL-ET,medium,morning
"need formation strengthening on near Mathura next friday before dawn, important",engg,MTJ-AGC,high,early_morning
Requesting to need traction substation check on Kanpur to Allahabad next wednesday during the evening,trd,CNB-ALD,medium,evening
rail welding repair on Kanpur to Allahabad in the morning a 1h next wednesday,engg,CNB-ALD,medium,morning
"Kindly plan bridge inspection on the Agra-Kanpur stretch before dawn next monday, non-urgent",engg,AGC-CNB,low,early_morning
"Can you schedule plan feeder cable maintenance on Bhopal to Itarsi this weekend, an emergency",trd,BPL-ET,critical,unspecified
"a 2h axle counter testing on Prayagraj section tonight in the morning, an emergency",st,CNB-ALD,critical,morning
Can you schedule schedule a 2 hour OHE wire tensioning next saturday before dawn on CNB-ALD,trd,CNB-ALD,medium,early_morning
We need to need circuit breaker testing on AGC-CNB this weekend in the morning,trd,AGC-CNB,medium,morning
"Kindly schedule a 2 hour deep screening next thursday overnight on near Mathura, urgent",engg,MTJ-AGC,critical,night
"Kindly plan block section telephone repair on Itarsi section during the afternoon next tuesday, top priority",st,BPL-ET,critical,afternoon
"schedule rail joint repair next wednesday late at night on near Agra, asap",engg,AGC-CNB,critical,night
"We need to need rail fracture repair on Allahabad to Mughalsarai next monday during the morning, high priority",engg,ALD-MGS,high,morning
"Can you schedule a 1h rail welding repair on the Kanpur-Prayagraj stretch this weekend during the afternoon, asap",engg,CNB-ALD,critical,afternoon
Can you schedule a 4h rail welding repair on MTJ-AGC next saturday early morning,engg,MTJ-AGC,medium,early_morning
"Please schedule a 1h rail joint repair in 3 days late at night on Bhopal to Itarsi, routine",engg,BPL-ET,low,night
"traction motor check on Kanpur Central section during the evening , routine next wednesday",trd,AGC-CNB,low,evening
Critical overhead line repair required near ALD-MGS tomorrow in the evening,trd,ALD-MGS,critical,evening
bridge inspection on BPL-ET in the afternoon a 3h tonight,engg,BPL-ET,medium,afternoon
Kindly need power supply inspection on near Agra in 3 days early morning,trd,AGC-CNB,medium,early_morning
"bridge inspection on Kanpur Central section during the morning , top priority a 2 hour",engg,AGC-CNB,critical,morning
"Requesting to schedule insulator cleaning in 3 days in the midnight window on Kanpur to Allahabad, high priority",trd,CNB-ALD,high,night
"Requesting to schedule a 4h broken rail repair during the morning on near Prayagraj, as soon as possible",engg,ALD-MGS,high,morning
"Kindly schedule a 1h auto tensioning device check in a week late at night on Agra to Kanpur, an emergency",trd,AGC-CNB,critical,night
"Can you schedule plan route relay interlocking check on near Kanpur in the evening next wednesday, whenever convenient",st,CNB-ALD,low,evening
"Can you schedule signal failure attention on Bhopal to Itarsi in a week at night, asap",st,BPL-ET,critical,night
"Kindly schedule rail grinding today on near New Delhi, whenever convenient",engg,NDLS-MTJ,low,unspecified
"a quick feeder cable maintenance on near Kanpur day after tomorrow in the afternoon, an emergency",trd,CNB-ALD,critical,afternoon
"a 1h point machine repair on Kanpur Central section next wednesday, high priority",st,AGC-CNB,high,unspecified
Requesting to schedule a 4h track patrolling today in the midnight window on Agra Cantt section,engg,MTJ-AGC,medium,night
"We need to schedule a 2 hour rail fracture repair in a week during the afternoon on Prayagraj section, urgent",engg,CNB-ALD,critical,afternoon
"Please need deep screening on New Delhi-Ghaziabad stretch this weekend, an emergency",engg,NDLS-MTJ,critical,unspecified
"We need to plan rail joint repair on Agra to Kanpur at night in a week, priority",engg,AGC-CNB,high,night
We need to plan circuit breaker testing on MTJ-AGC overnight next wednesday,trd,MTJ-AGC,medium,night
As soon as possible bridge inspection required near near Bhopal next tuesday,engg,BPL-ET,high,unspecified
"plan relay room maintenance on near Agra next monday, priority",st,AGC-CNB,high,unspecified
"point machine repair on near Agra in the evening , whenever convenient a 2h",st,AGC-CNB,low,evening
"We need to deep screening on the Agra-Kanpur stretch next tuesday in the pre-dawn hours, important",engg,AGC-CNB,high,early_morning
"insulator cleaning on the Delhi-Mathura corridor overnight , asap a 4h next thursday",trd,NDLS-MTJ,critical,night
"rail joint repair on near Bhopal during the morning , routine a 2 hour next thursday",engg,BPL-ET,low,morning
"axle counter testing on near Prayagraj in the pre-dawn hours , routine a 2 hour next saturday",st,ALD-MGS,low,early_morning
Immediately track patrolling required near the Delhi-Mathura corridor this weekend early morning,engg,NDLS-MTJ,critical,early_morning
"schedule a 2h block section telephone repair at night on the Mathura-Agra stretch, critical",st,MTJ-AGC,critical,night
An emergency track circuit fault required near BPL-ET next tuesday in the afternoon,engg,BPL-ET,critical,afternoon
Can you schedule plan track patrolling on near Prayagraj in the morning day after tomorrow,engg,ALD-MGS,medium,morning
"Kindly a 2h signal circuit testing on the Prayagraj-Mughalsarai stretch next wednesday in the afternoon, top priority",st,ALD-MGS,critical,afternoon
Immediately route relay interlocking check required near Prayagraj section next saturday,st,CNB-ALD,critical,unspecified
rail welding repair on Ghaziabad section late at night a quick this weekend,engg,NDLS-MTJ,medium,night
Priority rail welding repair required near near Kanpur day after tomorrow overnight,engg,CNB-ALD,high,night
"plan deep screening on CNB-ALD in the pre-dawn hours in a week, top priority",engg,CNB-ALD,critical,early_morning
"interlocking check on Allahabad to Mughalsarai , minor a 3h in 3 days",st,ALD-MGS,low,unspecified
"need rail grinding on ALD-MGS in a week during the afternoon, low priority",engg,ALD-MGS,low,afternoon
High priority traction motor check required near CNB-ALD next wednesday before dawn,trd,CNB-ALD,high,early_morning
"Requesting to plan OHE snag rectification on Bhopal to Itarsi in the morning tomorrow, routine",trd,BPL-ET,low,morning
"Can you schedule plan axle counter testing on Itarsi section early morning tonight, urgent",st,BPL-ET,critical,early_morning
Routine rail welding repair required near near Kanpur next saturday,engg,CNB-ALD,low,unspecified
Routine signal maintenance required near Kanpur Central section day after tomorrow at night,st,AGC-CNB,low,night
"Requesting to schedule a 1h level crossing signal check next friday early morning on Mathura to Agra, urgent",st,MTJ-AGC,critical,early_morning
plan signal circuit testing on near Prayagraj late at night next friday,st,ALD-MGS,medium,night
plan track tamping on Mathura to Agra,engg,MTJ-AGC,medium,unspecified
"We need to schedule a quick rail fracture repair tomorrow before dawn on near Prayagraj, an emergency",engg,ALD-MGS,critical,early_morning
"rail joint repair on Prayagraj section late at night , low priority a 3h next tuesday",engg,CNB-ALD,low,night
"Can you schedule schedule auto tensioning device check next thursday in the midnight window on New Delhi to Mathura, important",trd,NDLS-MTJ,high,night
"need rail joint repair on near Kanpur in 3 days in the afternoon, as soon as possible",engg,CNB-ALD,high,afternoon
"We need to plan signal maintenance on near Mathura in the evening this weekend, whenever convenient",st,MTJ-AGC,low,evening
As soon as possible overhead line repair required near Bhopal to Itarsi next tuesday in the afternoon,trd,BPL-ET,high,afternoon
"sleeper replacement on New Delhi-Ghaziabad stretch during the morning , high priority a 2h next tuesday",engg,NDLS-MTJ,high,morning
Requesting to plan block instrument check on the Prayagraj-Mughalsarai stretch during the afternoon next tuesday,st,ALD-MGS,medium,afternoon
"Kindly plan insulator cleaning on the Bhopal-Itarsi stretch in the morning this weekend, priority",trd,BPL-ET,high,morning
Please need power supply inspection on BPL-ET next friday during the morning,trd,BPL-ET,medium,morning
We need to need axle counter testing on Allahabad to Mughalsarai next thursday before dawn,st,ALD-MGS,medium,early_morning
"Requesting to plan optical fiber repair on Kanpur to Allahabad in the pre-dawn hours next saturday, as soon as possible",st,CNB-ALD,high,early_morning
"Please plan traction motor check on Agra Cantt section next saturday, high priority",trd,MTJ-AGC,high,unspecified
"Kindly plan auto tensioning device check on Agra to Kanpur before dawn next wednesday, minor",trd,AGC-CNB,low,early_morning
level crossing signal check required near Agra to Kanpur next tuesday in the morning,st,AGC-CNB,medium,morning
"We need to schedule a 3h rail fracture repair next thursday during the evening on near Mathura, whenever convenient",engg,MTJ-AGC,low,evening
"Please schedule signal maintenance next monday during the afternoon on Prayagraj section, immediately",st,CNB-ALD,critical,afternoon
"bridge inspection on NDLS-MTJ overnight , an emergency a quick tonight",engg,NDLS-MTJ,critical,night
"Kindly need overhead line repair on MTJ-AGC next friday overnight, urgent",trd,MTJ-AGC,critical,night
Can you schedule need axle counter testing on Mathura to Agra early morning,st,MTJ-AGC,medium,early_morning
"a 2 hour ballast renewal on Kanpur to Allahabad in 3 days overnight, critical",engg,CNB-ALD,critical,night
"Kindly a 1h track circuit fault on Kanpur to Allahabad tonight in the evening, priority",engg,CNB-ALD,high,evening
"Please a 1h track tamping on near Bhopal next wednesday during the evening, non-urgent",engg,BPL-ET,low,evening
"We need to a 3h track geometry check on Itarsi section in a week, low priority",engg,BPL-ET,low,unspecified
"We need to plan OHE snag rectification on Agra to Kanpur during the evening next monday, whenever convenient",trd,AGC-CNB,low,evening
"overhead line repair on the Kanpur-Prayagraj stretch in the pre-dawn hours , as soon as possible a 3h today",trd,CNB-ALD,high,early_morning
"Requesting to need point machine repair on Kanpur to Allahabad day after tomorrow during the morning, as soon as possible",st,CNB-ALD,high,morning
Top priority track geometry check required near the Pandit Deen Dayal Upadhyaya Jn section next saturday in the evening,engg,ALD-MGS,critical,evening
OHE snag rectification required near Ghaziabad section next wednesday in the afternoon,trd,NDLS-MTJ,medium,afternoon
Please schedule a 2 hour interlocking check day after tomorrow during the morning on near Kanpur,st,CNB-ALD,medium,morning
"Please a quick track circuit fault on the Prayagraj-Mughalsarai stretch during the afternoon, high priority",engg,ALD-MGS,high,afternoon
"Kindly schedule a 1h catenary wire repair next wednesday overnight on the Delhi-Mathura corridor, an emergency",trd,NDLS-MTJ,critical,night
"plan block instrument check on Mathura to Agra in the pre-dawn hours today, minor",st,MTJ-AGC,low,early_morning
Please plan deep screening on Bhopal to Itarsi in the afternoon tomorrow,engg,BPL-ET,medium,afternoon
Can you schedule need traction substation check on NDLS-MTJ in 3 days in the evening,trd,NDLS-MTJ,medium,evening
"Kindly plan catenary wire repair on the Mathura-Agra stretch overnight in a week, important",trd,MTJ-AGC,high,night
"Please schedule a 1h sleeper replacement next wednesday early morning on ALD-MGS, low priority",engg,ALD-MGS,low,early_morning
auto tensioning device check on the Agra-Kanpur stretch before dawn a 4h tonight,trd,AGC-CNB,medium,early_morning
"We need to plan ballast renewal on the Bhopal-Itarsi stretch in the afternoon, urgent",engg,BPL-ET,critical,afternoon
"signal circuit testing on the Kanpur-Prayagraj stretch during the afternoon , non-urgent a 3h in 3 days",st,CNB-ALD,low,afternoon
"schedule a quick overhead line repair tonight during the evening on the Agra-Kanpur stretch, low priority",trd,AGC-CNB,low,evening
"Kindly a 2h deep screening on near Agra next tuesday during the afternoon, asap",engg,AGC-CNB,critical,afternoon
"relay room maintenance on MTJ-AGC , priority a quick next wednesday",st,MTJ-AGC,high,unspecified
Important rail joint repair required near Kanpur Central section next wednesday late at night,engg,AGC-CNB,high,night
"route relay interlocking check on near Kanpur before dawn , priority a 1h",st,CNB-ALD,high,early_morning
Kindly need rail grinding on AGC-CNB today during the afternoon,engg,AGC-CNB,medium,afternoon
"Can you schedule schedule a 2h insulator cleaning tomorrow during the morning on CNB-ALD, routine",trd,CNB-ALD,low,morning
Kindly a 3h rail fracture repair on the Mathura-Agra stretch next saturday late at night,engg,MTJ-AGC,medium,night
"plan signal cable inspection on the Agra-Kanpur stretch during the evening day after tomorrow, minor",st,AGC-CNB,low,evening
"We need to need traction substation check on Prayagraj section tonight at night, non-urgent",trd,CNB-ALD,low,night
Important traction transformer check required near near Kanpur next friday early morning,trd,CNB-ALD,high,early_morning
"We need to schedule a 1h track inspection next friday before dawn on near New Delhi, critical",engg,NDLS-MTJ,critical,early_morning
"level crossing signal check on near Prayagraj late at night , high priority in a week",st,ALD-MGS,high,night
Low priority signal failure attention required near New Delhi to Mathura today,st,NDLS-MTJ,low,unspecified
"Kindly plan optical fiber repair on near Bhopal during the evening next saturday, minor",st,BPL-ET,low,evening
Kindly need rail joint repair on the Bhopal-Itarsi stretch next tuesday early morning,engg,BPL-ET,medium,early_morning
"Please plan pantograph inspection on Prayagraj section during the morning today, asap",trd,CNB-ALD,critical,morning
Low priority track circuit fault required near Mathura to Agra next tuesday overnight,engg,MTJ-AGC,low,night
"Kindly traction motor check on AGC-CNB next saturday during the evening, important",trd,AGC-CNB,high,evening
"Kindly schedule signal cable inspection next monday overnight on Kanpur to Allahabad, whenever convenient",st,CNB-ALD,low,night
"Can you schedule schedule a 1h relay room maintenance day after tomorrow in the afternoon on the Kanpur-Prayagraj stretch, priority",st,CNB-ALD,high,afternoon
"Requesting to a quick point machine repair on near Prayagraj today at night, routine",st,ALD-MGS,low,night
"We need to schedule sleeper replacement on Prayagraj section, top priority",engg,CNB-ALD,critical,unspecified
a 2h ballast renewal on near Agra day after tomorrow late at night,engg,AGC-CNB,medium,night
"need traction substation check on the Delhi-Mathura corridor in a week before dawn, critical",trd,NDLS-MTJ,critical,early_morning
"Can you schedule need pantograph inspection on the Prayagraj-Mughalsarai stretch today in the morning, asap",trd,ALD-MGS,critical,morning
Immediately rail joint repair required near the Bhopal-Itarsi stretch this weekend in the evening,engg,BPL-ET,critical,evening
Minor signal circuit testing required near Agra Cantt section day after tomorrow during the evening,st,MTJ-AGC,low,evening
Please a 4h signal failure attention on near Mathura tonight before dawn,st,MTJ-AGC,medium,early_morning
"need track inspection on ALD-MGS tonight in the afternoon, high priority",engg,ALD-MGS,high,afternoon
"route relay interlocking check on the Agra-Kanpur stretch during the afternoon , priority a 4h today",st,AGC-CNB,high,afternoon
"We need to schedule a 1h traction transformer check next monday on near Prayagraj, priority",trd,ALD-MGS,high,unspecified
interlocking check on NDLS-MTJ before dawn a 4h next wednesday,st,NDLS-MTJ,medium,early_morning
"Please need relay room maintenance on near Mathura in the evening, minor",st,MTJ-AGC,low,evening
"We need to need interlocking check on near Kanpur next thursday early morning, high priority",st,CNB-ALD,high,early_morning
"Can you schedule need track patrolling on Agra Cantt section this weekend, urgent",engg,MTJ-AGC,critical,unspecified
"signal maintenance on Ghaziabad section before dawn , important a 4h next saturday",st,NDLS-MTJ,high,early_morning
"Can you schedule plan pantograph inspection on the Pandit Deen Dayal Upadhyaya Jn section next wednesday, priority",trd,ALD-MGS,high,unspecified
level crossing signal check required near CNB-ALD next friday in the midnight window,st,CNB-ALD,medium,night
"relay room maintenance on the Prayagraj-Mughalsarai stretch in the evening , as soon as possible a 2h next wednesday",st,ALD-MGS,high,evening
schedule a 1h track circuit fault next thursday in the morning on the Mathura-Agra stretch,engg,MTJ-AGC,medium,morning
Routine axle counter testing required near CNB-ALD next thursday overnight,st,CNB-ALD,low,night
"Can you schedule need sleeper replacement on near Bhopal next thursday in the evening, immediately",engg,BPL-ET,critical,evening
We need to a 4h track circuit fault on Agra Cantt section in the evening,engg,MTJ-AGC,medium,evening
"signal circuit testing on Agra Cantt section in the pre-dawn hours , urgent a 2h this weekend",st,MTJ-AGC,critical,early_morning
"need signal circuit testing on Kanpur Central section tonight in the pre-dawn hours, priority",st,AGC-CNB,high,early_morning
"Please level crossing signal check on the Bhopal-Itarsi stretch in a week early morning, urgent",st,BPL-ET,critical,early_morning
point machine repair on Ghaziabad section during the evening next thursday,st,NDLS-MTJ,medium,evening
"Can you schedule need pantograph inspection on near New Delhi in 3 days before dawn, an emergency",trd,NDLS-MTJ,critical,early_morning
"Requesting to plan OHE inspection on ALD-MGS before dawn tonight, critical",trd,ALD-MGS,critical,early_morning
An emergency rail welding repair required near near Bhopal today during the afternoon,engg,BPL-ET,critical,afternoon
Non-urgent ballast renewal required near the Mathura-Agra stretch this weekend,engg,MTJ-AGC,low,unspecified
Please a 2 hour OHE snag rectification on Prayagraj section early morning,trd,CNB-ALD,medium,early_morning
We need to a quick traction motor check on New Delhi-Ghaziabad stretch next monday in the afternoon,trd,NDLS-MTJ,medium,afternoon
"track circuit fault on the Delhi-Mathura corridor before dawn , asap a 3h next wednesday",engg,NDLS-MTJ,critical,early_morning
interlocking check on ALD-MGS day after tomorrow during the morning,st,ALD-MGS,medium,morning
"plan signal circuit testing on near Mathura during the morning in a week, low priority",st,MTJ-AGC,low,morning
interlocking check on near Kanpur at night a 2h day after tomorrow,st,CNB-ALD,medium,night
"Kindly need track circuit fault on the Mathura-Agra stretch day after tomorrow at night, an emergency",engg,MTJ-AGC,critical,night
"Can you schedule plan ballast renewal on Allahabad to Mughalsarai overnight day after tomorrow, critical",engg,ALD-MGS,critical,night
broken rail repair required near the Bhopal-Itarsi stretch in 3 days in the midnight window,engg,BPL-ET,medium,night
Critical rail joint repair required near near Agra next friday at night,engg,AGC-CNB,critical,night
"Please a quick rail welding repair on Kanpur Central section next thursday in the pre-dawn hours, an emergency",engg,AGC-CNB,critical,early_morning
"Requesting to schedule a 4h point machine repair tomorrow in the midnight window on the Mathura-Agra stretch, top priority",st,MTJ-AGC,critical,night
"Requesting to schedule a quick track patrolling next friday overnight on the Bhopal-Itarsi stretch, priority",engg,BPL-ET,high,night
"Can you schedule need level crossing signal check on MTJ-AGC tomorrow during the evening, low priority",st,MTJ-AGC,low,evening
"point machine repair on the Kanpur-Prayagraj stretch during the morning , non-urgent a 3h tomorrow",st,CNB-ALD,low,morning
"Requesting to need block instrument check on the Bhopal-Itarsi stretch next friday in the midnight window, routine",st,BPL-ET,low,night
"Please schedule catenary wire repair this weekend early morning on Allahabad to Mughalsarai, top priority",trd,ALD-MGS,critical,early_morning
"OHE inspection on BPL-ET before dawn , low priority a 3h today",trd,BPL-ET,low,early_morning
"Please schedule a 2 hour track patrolling tomorrow overnight on New Delhi-Ghaziabad stretch, immediately",engg,NDLS-MTJ,critical,night
OHE wire tensioning on near New Delhi during the afternoon a 4h next wednesday,trd,NDLS-MTJ,medium,afternoon
"need track tamping on near Kanpur day after tomorrow during the afternoon, important",engg,CNB-ALD,high,afternoon
Urgent track geometry check required near Kanpur to Allahabad next thursday,engg,CNB-ALD,critical,unspecified
We need to plan formation strengthening on Agra to Kanpur before dawn in 3 days,engg,AGC-CNB,medium,early_morning
deep screening required near near Kanpur this weekend in the afternoon,engg,CNB-ALD,medium,afternoon
Priority block instrument check required near Agra Cantt section in 3 days early morning,st,MTJ-AGC,high,early_morning
"Requesting to a 2h axle counter testing on the Prayagraj-Mughalsarai stretch next thursday during the morning, high priority",st,ALD-MGS,high,morning
Please need block section telephone repair on the Bhopal-Itarsi stretch next friday at night,st,BPL-ET,medium,night
"signal failure attention on the Mathura-Agra stretch in the evening , priority tonight",st,MTJ-AGC,high,evening
"overhead line repair on near Prayagraj early morning , immediately a 4h today",trd,ALD-MGS,critical,early_morning
"We need to plan block instrument check on near Bhopal today, priority",st,BPL-ET,high,unspecified
"Can you schedule need formation strengthening on near Mathura in 3 days during the morning, an emergency",engg,MTJ-AGC,critical,morning
Top priority axle counter testing required near the Kanpur-Prayagraj stretch next friday at night,st,CNB-ALD,critical,night
"track tamping on Prayagraj section , urgent a 1h this weekend",engg,CNB-ALD,critical,unspecified
"Requesting to plan track tamping on AGC-CNB in the midnight window today, an emergency",engg,AGC-CNB,critical,night
"axle counter testing on near New Delhi overnight , high priority a 3h in 3 days",st,NDLS-MTJ,high,night
"OHE snag rectification on MTJ-AGC in the evening , minor a quick next saturday",trd,MTJ-AGC,low,evening
"Please plan formation strengthening on Kanpur to Allahabad at night next thursday, minor",engg,CNB-ALD,low,night
signal maintenance on near Kanpur in the evening a 4h,st,CNB-ALD,medium,evening
"Requesting to schedule OHE inspection this weekend early morning on near Bhopal, important",trd,BPL-ET,high,early_morning
"Please plan track circuit fault on Mathura to Agra in the afternoon next saturday, as soon as possible",engg,MTJ-AGC,high,afternoon
"We need to schedule a 4h track inspection in a week on New Delhi-Ghaziabad stretch, as soon as possible",engg,NDLS-MTJ,high,unspecified
"traction substation check on Agra Cantt section before dawn , routine a 3h",trd,MTJ-AGC,low,early_morning
"interlocking check on New Delhi to Mathura before dawn , high priority a 2 hour today",st,NDLS-MTJ,high,early_morning
Can you schedule schedule a 4h rail grinding next thursday in the pre-dawn hours on the Bhopal-Itarsi stretch,engg,BPL-ET,medium,early_morning
"Requesting to a 1h signal cable inspection on the Mathura-Agra stretch next friday during the morning, minor",st,MTJ-AGC,low,morning
"Please a 4h track geometry check on Kanpur Central section in 3 days in the evening, routine",engg,AGC-CNB,low,evening
"track patrolling on the Bhopal-Itarsi stretch during the afternoon , asap a 3h next saturday",engg,BPL-ET,critical,afternoon
"Can you schedule plan track inspection on Allahabad to Mughalsarai early morning next thursday, important",engg,ALD-MGS,high,early_morning
"Kindly plan track tamping on the Prayagraj-Mughalsarai stretch in the evening day after tomorrow, an emergency",engg,ALD-MGS,critical,evening
"track circuit fault on MTJ-AGC early morning , whenever convenient a quick in 3 days",engg,MTJ-AGC,low,early_morning
Routine traction substation check required near Allahabad to Mughalsarai this weekend in the afternoon,trd,ALD-MGS,low,afternoon
"Requesting to a 4h rail joint repair on near Agra in 3 days at night, urgent",engg,AGC-CNB,critical,night
High priority OHE inspection required near near New Delhi next wednesday late at night,trd,NDLS-MTJ,high,night
"Requesting to a 2 hour OHE wire tensioning on AGC-CNB next monday before dawn, top priority",trd,AGC-CNB,critical,early_morning
Can you schedule plan OHE wire tensioning on near Agra late at night next friday,trd,AGC-CNB,medium,night
"need block instrument check on the Kanpur-Prayagraj stretch next thursday before dawn, critical",st,CNB-ALD,critical,early_morning
"relay room maintenance on the Delhi-Mathura corridor at night , whenever convenient next friday",st,NDLS-MTJ,low,night
axle counter testing required near near Kanpur next thursday during the morning,st,CNB-ALD,medium,morning
"Requesting to a 2h traction substation check on Agra Cantt section next monday in the evening, as soon as possible",trd,MTJ-AGC,high,evening
Routine block instrument check required near the Mathura-Agra stretch next saturday in the evening,st,MTJ-AGC,low,evening
"Requesting to plan track tamping on the Kanpur-Prayagraj stretch in the morning in 3 days, non-urgent",engg,CNB-ALD,low,morning
Can you schedule a quick ballast renewal on NDLS-MTJ day after tomorrow in the midnight window,engg,NDLS-MTJ,medium,night
We need to schedule a 2 hour insulator cleaning next thursday on BPL-ET,trd,BPL-ET,medium,unspecified
"schedule a 4h feeder cable maintenance tonight in the morning on Kanpur to Allahabad, immediately",trd,CNB-ALD,critical,morning
As soon as possible overhead line repair required near near Prayagraj tonight during the afternoon,trd,ALD-MGS,high,afternoon
Low priority catenary wire repair required near the Agra-Kanpur stretch in 3 days overnight,trd,AGC-CNB,low,night
"schedule a 2h track circuit fault in 3 days during the morning on near Kanpur, low priority",engg,CNB-ALD,low,morning
signal failure attention on near Mathura in the morning a 4h in a week,st,MTJ-AGC,medium,morning
"Requesting to a 1h rail welding repair on near Kanpur in 3 days in the morning, minor",engg,CNB-ALD,low,morning
"Requesting to a 3h axle counter testing on the Prayagraj-Mughalsarai stretch next wednesday in the morning, as soon as possible",st,ALD-MGS,high,morning
Please need traction transformer check on AGC-CNB tomorrow in the morning,trd,AGC-CNB,medium,morning
a 1h track circuit fault on near Prayagraj in 3 days in the afternoon,engg,ALD-MGS,medium,afternoon
"Please plan track patrolling on the Pandit Deen Dayal Upadhyaya Jn section in the evening next friday, routine",engg,ALD-MGS,low,evening
"Please a 2h rail joint repair on Bhopal to Itarsi next saturday before dawn, low priority",engg,BPL-ET,low,early_morning
"We need to a 2h block section telephone repair on New Delhi-Ghaziabad stretch in 3 days during the evening, urgent",st,NDLS-MTJ,critical,evening
"plan level crossing signal check on the Kanpur-Prayagraj stretch early morning in a week, urgent",st,CNB-ALD,critical,early_morning
"bridge inspection on CNB-ALD in the pre-dawn hours , high priority a 2h next tuesday",engg,CNB-ALD,high,early_morning
Top priority circuit breaker testing required near near Agra next friday in the afternoon,trd,AGC-CNB,critical,afternoon
"optical fiber repair on Agra to Kanpur in the morning , urgent in 3 days",st,AGC-CNB,critical,morning
Kindly a 2 hour pantograph inspection on the Delhi-Mathura corridor next thursday before dawn,trd,NDLS-MTJ,medium,early_morning
"Please a 3h catenary wire repair on Kanpur to Allahabad next friday in the pre-dawn hours, important",trd,CNB-ALD,high,early_morning
rail welding repair on near Agra at night day after tomorrow,engg,AGC-CNB,medium,night
"Kindly schedule a quick pantograph inspection in 3 days in the morning on the Mathura-Agra stretch, routine",trd,MTJ-AGC,low,morning
Asap signal cable inspection required near Prayagraj section today,st,CNB-ALD,critical,unspecified
As soon as possible track inspection required near MTJ-AGC next friday during the afternoon,engg,MTJ-AGC,high,afternoon
Kindly need rail joint repair on CNB-ALD in 3 days late at night,engg,CNB-ALD,medium,night
Priority signal maintenance required near the Kanpur-Prayagraj stretch next wednesday in the evening,st,CNB-ALD,high,evening
"Kindly plan OHE wire tensioning on the Mathura-Agra stretch in the morning today, as soon as possible",trd,MTJ-AGC,high,morning
"Requesting to plan broken rail repair on the Pandit Deen Dayal Upadhyaya Jn section in the morning next wednesday, as soon as possible",engg,ALD-MGS,high,morning
"Requesting to a 3h insulator cleaning on Agra Cantt section next monday in the pre-dawn hours, critical",trd,MTJ-AGC,critical,early_morning
"Can you schedule plan rail fracture repair on near Bhopal in the evening next thursday, routine",engg,BPL-ET,low,evening
High priority traction substation check required near near Agra day after tomorrow,trd,AGC-CNB,high,unspecified
"Requesting to need traction transformer check on the Prayagraj-Mughalsarai stretch in a week during the evening, non-urgent",trd,ALD-MGS,low,evening
"Kindly plan OHE wire tensioning on the Prayagraj-Mughalsarai stretch during the evening tonight, routine",trd,ALD-MGS,low,evening
"Can you schedule need signal circuit testing on Allahabad to Mughalsarai day after tomorrow in the evening, as soon as possible",st,ALD-MGS,high,evening
High priority power supply inspection required near Mathura to Agra day after tomorrow early morning,trd,MTJ-AGC,high,early_morning
Non-urgent optical fiber repair required near ALD-MGS next thursday,st,ALD-MGS,low,unspecified
"Kindly plan traction substation check on Prayagraj section in the afternoon this weekend, top priority",trd,CNB-ALD,critical,afternoon
"Can you schedule schedule a 1h feeder cable maintenance next saturday on the Prayagraj-Mughalsarai stretch, as soon as possible",trd,ALD-MGS,high,unspecified
"Can you schedule plan insulator cleaning on near New Delhi in the afternoon tonight, an emergency",trd,NDLS-MTJ,critical,afternoon
Priority telecom cable repair required near the Delhi-Mathura corridor next thursday during the evening,st,NDLS-MTJ,high,evening
"schedule a 4h pantograph inspection next tuesday during the afternoon on the Delhi-Mathura corridor, non-urgent",trd,NDLS-MTJ,low,afternoon
"Can you schedule need sleeper replacement on Prayagraj section in 3 days, top priority",engg,CNB-ALD,critical,unspecified
"Kindly plan traction motor check on near New Delhi in the afternoon tomorrow, as soon as possible",trd,NDLS-MTJ,high,afternoon
Priority signal circuit testing required near NDLS-MTJ early morning,st,NDLS-MTJ,high,early_morning
"Requesting to schedule overhead line repair today in the afternoon on CNB-ALD, urgent",trd,CNB-ALD,critical,afternoon
"Kindly a 4h traction motor check on NDLS-MTJ next friday in the evening, immediately",trd,NDLS-MTJ,critical,evening
Requesting to plan signal circuit testing on ALD-MGS during the afternoon in 3 days,st,ALD-MGS,medium,afternoon
"Kindly need track circuit fault on the Pandit Deen Dayal Upadhyaya Jn section tomorrow overnight, low priority",engg,ALD-MGS,low,night
Non-urgent formation strengthening required near Prayagraj section tonight during the morning,engg,CNB-ALD,low,morning
"track patrolling on Prayagraj section in the morning , important a quick next thursday",engg,CNB-ALD,high,morning
"need route relay interlocking check on Itarsi section this weekend in the pre-dawn hours, routine",st,BPL-ET,low,early_morning
Please a 2 hour track geometry check on the Prayagraj-Mughalsarai stretch tomorrow early morning,engg,ALD-MGS,medium,early_morning
"Can you schedule a 2 hour formation strengthening on near Agra today during the morning, important",engg,AGC-CNB,high,morning
"schedule a 2 hour signal maintenance in the evening on Mathura to Agra, urgent",st,MTJ-AGC,critical,evening
"Please schedule axle counter testing next tuesday during the afternoon on near Prayagraj, priority",st,ALD-MGS,high,afternoon
Can you schedule need interlocking check on the Bhopal-Itarsi stretch this weekend in the morning,st,BPL-ET,medium,morning
Urgent ballast renewal required near near Kanpur day after tomorrow during the afternoon,engg,CNB-ALD,critical,afternoon
Whenever convenient rail joint repair required near AGC-CNB tonight in the evening,engg,AGC-CNB,low,evening
"Can you schedule plan insulator cleaning on Mathura to Agra in the pre-dawn hours today, urgent",trd,MTJ-AGC,critical,early_morning
rail fracture repair required near Bhopal to Itarsi next thursday in the pre-dawn hours,engg,BPL-ET,medium,early_morning
"Can you schedule schedule OHE wire tensioning tomorrow in the pre-dawn hours on the Pandit Deen Dayal Upadhyaya Jn section, priority",trd,ALD-MGS,high,early_morning
"Requesting to a 2 hour OHE wire tensioning on Kanpur Central section in 3 days in the pre-dawn hours, an emergency",trd,AGC-CNB,critical,early_morning
"Requesting to a 2 hour signal failure attention on the Bhopal-Itarsi stretch next wednesday, whenever convenient",st,BPL-ET,low,unspecified
Non-urgent block section telephone repair required near Kanpur to Allahabad next monday early morning,st,CNB-ALD,low,early_morning
"Requesting to schedule a 2h catenary wire repair next monday in the pre-dawn hours on New Delhi-Ghaziabad stretch, important",trd,NDLS-MTJ,high,early_morning
An emergency track geometry check required near near Bhopal today during the evening,engg,BPL-ET,critical,evening
High priority catenary wire repair required near BPL-ET next monday in the evening,trd,BPL-ET,high,evening
schedule a 3h OHE inspection in 3 days during the afternoon on the Prayagraj-Mughalsarai stretch,trd,ALD-MGS,medium,afternoon
Asap formation strengthening required near near New Delhi next saturday,engg,NDLS-MTJ,critical,unspecified
Can you schedule plan power supply inspection on near Bhopal during the morning in a week,trd,BPL-ET,medium,morning
An emergency OHE wire tensioning required near New Delhi-Ghaziabad stretch next saturday during the morning,trd,NDLS-MTJ,critical,morning
An emergency track patrolling required near Itarsi section next thursday early morning,engg,BPL-ET,critical,early_morning
"plan axle counter testing on Allahabad to Mughalsarai during the afternoon next tuesday, asap",st,ALD-MGS,critical,afternoon
"Please plan track patrolling on Itarsi section during the evening next tuesday, non-urgent",engg,BPL-ET,low,evening
"overhead line repair on the Pandit Deen Dayal Upadhyaya Jn section in the morning , important a 4h next wednesday",trd,ALD-MGS,high,morning
"Please need traction motor check on the Bhopal-Itarsi stretch next saturday, immediately",trd,BPL-ET,critical,unspecified
Can you schedule a 2 hour track patrolling on AGC-CNB next saturday during the afternoon,engg,AGC-CNB,medium,afternoon
Kindly need rail joint repair on New Delhi to Mathura in a week,engg,NDLS-MTJ,medium,unspecified
"Can you schedule need formation strengthening on the Pandit Deen Dayal Upadhyaya Jn section tonight in the afternoon, non-urgent",engg,ALD-MGS,low,afternoon
need rail joint repair on Mathura to Agra next thursday early morning,engg,MTJ-AGC,medium,early_morning
Please need point machine repair on AGC-CNB this weekend during the evening,st,AGC-CNB,medium,evening
"Can you schedule plan point machine repair on Allahabad to Mughalsarai in the pre-dawn hours tomorrow, non-urgent",st,ALD-MGS,low,early_morning
"traction motor check on New Delhi to Mathura , asap a 2h next monday",trd,NDLS-MTJ,critical,unspecified
Requesting to need level crossing signal check on Kanpur Central section in 3 days during the evening,st,AGC-CNB,medium,evening
We need to plan axle counter testing on New Delhi to Mathura in a week,st,NDLS-MTJ,medium,unspecified
Kindly schedule a quick point machine repair today in the morning on New Delhi to Mathura,st,NDLS-MTJ,medium,morning
Please a 2h block instrument check on near New Delhi in a week overnight,st,NDLS-MTJ,medium,night
Priority track patrolling required near near Mathura tomorrow in the afternoon,engg,MTJ-AGC,high,afternoon
a quick signal maintenance on the Delhi-Mathura corridor day after tomorrow,st,NDLS-MTJ,medium,unspecified
"point machine repair on Prayagraj section during the evening , top priority next thursday",st,CNB-ALD,critical,evening
Can you schedule plan broken rail repair on CNB-ALD early morning in a week,engg,CNB-ALD,medium,early_morning
Can you schedule plan signal cable inspection on Mathura to Agra in the afternoon next monday,st,MTJ-AGC,medium,afternoon
"Requesting to need signal failure attention on the Kanpur-Prayagraj stretch tonight in the morning, minor",st,CNB-ALD,low,morning
Can you schedule need traction motor check on near Bhopal in 3 days during the morning,trd,BPL-ET,medium,morning
"Please sleeper replacement on near Mathura next monday, urgent",engg,MTJ-AGC,critical,unspecified
track inspection on near Mathura in the evening a 1h today,engg,MTJ-AGC,medium,evening
"plan broken rail repair on near Agra overnight next monday, critical",engg,AGC-CNB,critical,night
"Can you schedule plan rail joint repair on Itarsi section during the morning day after tomorrow, high priority",engg,BPL-ET,high,morning
Low priority overhead line repair required near the Kanpur-Prayagraj stretch next tuesday in the afternoon,trd,CNB-ALD,low,afternoon
"pantograph inspection on Itarsi section before dawn , high priority a 3h in a week",trd,BPL-ET,high,early_morning
"formation strengthening on near Agra in the evening , high priority a quick in 3 days",engg,AGC-CNB,high,evening
"OHE snag rectification on New Delhi-Ghaziabad stretch late at night , important a 3h tomorrow",trd,NDLS-MTJ,high,night
Urgent rail joint repair required near the Agra-Kanpur stretch today in the afternoon,engg,AGC-CNB,critical,afternoon
"We need to plan relay room maintenance on Mathura to Agra late at night in 3 days, minor",st,MTJ-AGC,low,night
"traction substation check on Itarsi section during the morning , important a 2h next wednesday",trd,BPL-ET,high,morning
"need level crossing signal check on near Bhopal in a week in the afternoon, low priority",st,BPL-ET,low,afternoon
"We need to deep screening on the Delhi-Mathura corridor this weekend, whenever convenient",engg,NDLS-MTJ,low,unspecified
"Requesting to schedule a 2 hour auto tensioning device check today in the afternoon on Agra Cantt section, top priority",trd,MTJ-AGC,critical,afternoon
"Can you schedule plan rail welding repair on Bhopal to Itarsi in the morning tonight, high priority",engg,BPL-ET,high,morning
"Requesting to plan feeder cable maintenance on Itarsi section in 3 days, high priority",trd,BPL-ET,high,unspecified
"Requesting to schedule a 2h rail joint repair next saturday before dawn on Agra to Kanpur, important",engg,AGC-CNB,high,early_morning
auto tensioning device check on Allahabad to Mughalsarai during the morning a 2 hour today,trd,ALD-MGS,medium,morning
"Can you schedule need route relay interlocking check on Itarsi section tomorrow during the afternoon, important",st,BPL-ET,high,afternoon
"Can you schedule plan block section telephone repair on the Agra-Kanpur stretch tonight, non-urgent",st,AGC-CNB,low,unspecified
"signal maintenance on the Mathura-Agra stretch late at night , priority a 2h",st,MTJ-AGC,high,night
"Can you schedule plan circuit breaker testing on the Pandit Deen Dayal Upadhyaya Jn section during the afternoon tonight, critical",trd,ALD-MGS,critical,afternoon
"Requesting to a quick ballast renewal on MTJ-AGC this weekend during the morning, critical",engg,MTJ-AGC,critical,morning
An emergency feeder cable maintenance required near MTJ-AGC next friday during the evening,trd,MTJ-AGC,critical,evening
"insulator cleaning on the Prayagraj-Mughalsarai stretch , minor a 4h this weekend",trd,ALD-MGS,low,unspecified
"schedule a quick signal circuit testing on near Prayagraj, important",st,ALD-MGS,high,unspecified
"need rail grinding on Agra to Kanpur today during the evening, routine",engg,AGC-CNB,low,evening
"Requesting to plan track tamping on the Bhopal-Itarsi stretch in the pre-dawn hours next friday, urgent",engg,BPL-ET,critical,early_morning
"Requesting to plan traction motor check on BPL-ET before dawn day after tomorrow, an emergency",trd,BPL-ET,critical,early_morning
"Requesting to plan track inspection on Allahabad to Mughalsarai during the afternoon today, asap",engg,ALD-MGS,critical,afternoon
"schedule a 1h interlocking check this weekend late at night on ALD-MGS, priority",st,ALD-MGS,high,night
"rail fracture repair on Itarsi section , whenever convenient",engg,BPL-ET,low,unspecified
"plan traction substation check on NDLS-MTJ late at night tonight, whenever convenient",trd,NDLS-MTJ,low,night
Requesting to schedule a 4h OHE inspection next friday early morning on Kanpur to Allahabad,trd,CNB-ALD,medium,early_morning
"Requesting to schedule rail grinding next thursday in the morning on Allahabad to Mughalsarai, whenever convenient",engg,ALD-MGS,low,morning
"Kindly signal circuit testing on near Bhopal today in the morning, critical",st,BPL-ET,critical,morning
"Can you schedule need OHE wire tensioning on the Kanpur-Prayagraj stretch tonight overnight, as soon as possible",trd,CNB-ALD,high,night
"point machine repair on the Delhi-Mathura corridor during the morning , as soon as possible a quick in a week",st,NDLS-MTJ,high,morning
schedule OHE wire tensioning in a week on New Delhi to Mathura,trd,NDLS-MTJ,medium,unspecified
"We need to need interlocking check on near Mathura next thursday during the morning, priority",st,MTJ-AGC,high,morning
Top priority track tamping required near near New Delhi tonight early morning,engg,NDLS-MTJ,critical,early_morning
"Please plan bridge inspection on Allahabad to Mughalsarai during the evening day after tomorrow, low priority",engg,ALD-MGS,low,evening
"Please schedule a 1h OHE inspection next tuesday in the evening on CNB-ALD, whenever convenient",trd,CNB-ALD,low,evening
level crossing signal check on BPL-ET in the morning a 4h in a week,st,BPL-ET,medium,morning
Critical track tamping required near near Bhopal at night,engg,BPL-ET,critical,night
optical fiber repair on Itarsi section in the morning a 2 hour next monday,st,BPL-ET,medium,morning
"Please need telecom cable repair on Kanpur Central section in a week during the morning, important",st,AGC-CNB,high,morning
"Can you schedule a quick signal cable inspection on NDLS-MTJ in 3 days at night, asap",st,NDLS-MTJ,critical,night
"Kindly a 2 hour track tamping on New Delhi-Ghaziabad stretch next wednesday early morning, non-urgent",engg,NDLS-MTJ,low,early_morning
"Requesting to need point machine repair on the Kanpur-Prayagraj stretch in 3 days at night, asap",st,CNB-ALD,critical,night
"We need to interlocking check on the Mathura-Agra stretch this weekend overnight, top priority",st,MTJ-AGC,critical,night
"Please need sleeper replacement on Ghaziabad section next wednesday early morning, routine",engg,NDLS-MTJ,low,early_morning
Please a 2 hour track inspection on near Agra in 3 days in the morning,engg,AGC-CNB,medium,morning
Low priority feeder cable maintenance required near NDLS-MTJ next wednesday during the morning,trd,NDLS-MTJ,low,morning
"Requesting to schedule a 1h pantograph inspection next monday in the evening on CNB-ALD, high priority",trd,CNB-ALD,high,evening
need overhead line repair on Agra Cantt section in a week during the afternoon,trd,MTJ-AGC,medium,afternoon
Priority traction substation check required near Allahabad to Mughalsarai at night,trd,ALD-MGS,high,night
"interlocking check on near Agra at night , urgent a 3h next wednesday",st,AGC-CNB,critical,night
"Can you schedule plan interlocking check on AGC-CNB next friday, top priority",st,AGC-CNB,critical,unspecified
need track circuit fault on the Bhopal-Itarsi stretch next saturday in the morning,engg,BPL-ET,medium,morning
"Can you schedule plan track inspection on the Agra-Kanpur stretch during the morning next tuesday, asap",engg,AGC-CNB,critical,morning
Priority signal circuit testing required near MTJ-AGC next saturday during the evening,st,MTJ-AGC,high,evening
"We need to need insulator cleaning on near Bhopal tonight in the afternoon, immediately",trd,BPL-ET,critical,afternoon
We need to schedule a 2h rail welding repair in 3 days early morning on the Kanpur-Prayagraj stretch,engg,CNB-ALD,medium,early_morning
track patrolling on the Bhopal-Itarsi stretch during the evening in 3 days,engg,BPL-ET,medium,evening
"Can you schedule schedule a 2 hour point machine repair next thursday in the afternoon on Kanpur to Allahabad, critical",st,CNB-ALD,critical,afternoon
"Can you schedule a quick rail fracture repair on CNB-ALD today, high priority",engg,CNB-ALD,high,unspecified
"Requesting to plan bridge inspection on the Bhopal-Itarsi stretch at night next wednesday, low priority",engg,BPL-ET,low,night
"Can you schedule schedule a 2h OHE wire tensioning day after tomorrow during the evening on near Prayagraj, urgent",trd,ALD-MGS,critical,evening
We need to a 2h broken rail repair on Ghaziabad section next thursday during the evening,engg,NDLS-MTJ,medium,evening
Requesting to a 2 hour catenary wire repair on NDLS-MTJ next monday during the afternoon,trd,NDLS-MTJ,medium,afternoon
"track circuit fault on Agra Cantt section during the evening , an emergency a quick today",engg,MTJ-AGC,critical,evening
"We need to plan formation strengthening on the Mathura-Agra stretch in the morning next friday, non-urgent",engg,MTJ-AGC,low,morning
"catenary wire repair on Prayagraj section in the morning , routine a 2h next friday",trd,CNB-ALD,low,morning
"rail grinding on the Delhi-Mathura corridor during the morning , routine a 2 hour",engg,NDLS-MTJ,low,morning
"We need to plan ballast renewal on near Kanpur next monday, as soon as possible",engg,CNB-ALD,high,unspecified
"OHE wire tensioning on Itarsi section , as soon as possible a 2 hour next friday",trd,BPL-ET,high,unspecified
"We need to a 3h block section telephone repair on the Pandit Deen Dayal Upadhyaya Jn section day after tomorrow in the pre-dawn hours, non-urgent",st,ALD-MGS,low,early_morning
"Kindly a 3h relay room maintenance on near Prayagraj tonight in the afternoon, high priority",st,ALD-MGS,high,afternoon
"Can you schedule schedule a 3h point machine repair in the morning on near Mathura, priority",st,MTJ-AGC,high,morning
"We need to schedule a 2 hour level crossing signal check day after tomorrow in the afternoon on the Kanpur-Prayagraj stretch, high priority",st,CNB-ALD,high,afternoon
"schedule a 2h circuit breaker testing today at night on the Prayagraj-Mughalsarai stretch, immediately",trd,ALD-MGS,critical,night
Please schedule deep screening next tuesday in the pre-dawn hours on Bhopal to Itarsi,engg,BPL-ET,medium,early_morning
Can you schedule plan route relay interlocking check on CNB-ALD early morning day after tomorrow,st,CNB-ALD,medium,early_morning
"Kindly a 1h track geometry check on AGC-CNB next wednesday during the morning, as soon as possible",engg,AGC-CNB,high,morning
Critical traction substation check required near near Kanpur day after tomorrow,trd,CNB-ALD,critical,unspecified
"Can you schedule plan block section telephone repair on Ghaziabad section in the evening this weekend, routine",st,NDLS-MTJ,low,evening
Immediately OHE snag rectification required near ALD-MGS today in the afternoon,trd,ALD-MGS,critical,afternoon
"We need to need signal cable inspection on ALD-MGS next tuesday in the evening, as soon as possible",st,ALD-MGS,high,evening
"We need to plan overhead line repair on the Prayagraj-Mughalsarai stretch day after tomorrow, priority",trd,ALD-MGS,high,unspecified
Can you schedule schedule route relay interlocking check today in the morning on near New Delhi,st,NDLS-MTJ,medium,morning
"power supply inspection on Bhopal to Itarsi during the afternoon , top priority a 4h tomorrow",trd,BPL-ET,critical,afternoon
"Can you schedule plan bridge inspection on NDLS-MTJ in the afternoon tomorrow, routine",engg,NDLS-MTJ,low,afternoon
"Please a 4h OHE snag rectification on Kanpur to Allahabad this weekend before dawn, minor",trd,CNB-ALD,low,early_morning
plan power supply inspection on near Agra during the afternoon,trd,AGC-CNB,medium,afternoon
As soon as possible OHE wire tensioning required near near Prayagraj tonight during the evening,trd,ALD-MGS,high,evening
"We need to need signal circuit testing on the Agra-Kanpur stretch during the afternoon, whenever convenient",st,AGC-CNB,low,afternoon
"plan track inspection on near Agra during the afternoon next monday, minor",engg,AGC-CNB,low,afternoon
"Please need signal failure attention on near Agra next tuesday in the evening, important",st,AGC-CNB,high,evening
"a 2h signal failure attention on Prayagraj section this weekend during the afternoon, important",st,CNB-ALD,high,afternoon
We need to schedule a 4h signal circuit testing this weekend at night on the Agra-Kanpur stretch,st,AGC-CNB,medium,night
rail fracture repair required near Mathura to Agra next wednesday during the afternoon,engg,MTJ-AGC,medium,afternoon
"signal cable inspection on near Mathura at night , immediately a 1h today",st,MTJ-AGC,critical,night
a 3h rail fracture repair on the Agra-Kanpur stretch in 3 days at night,engg,AGC-CNB,medium,night
"schedule a quick optical fiber repair tomorrow in the evening on the Pandit Deen Dayal Upadhyaya Jn section, whenever convenient",st,ALD-MGS,low,evening
"Kindly schedule a 2 hour power supply inspection this weekend in the afternoon on Kanpur Central section, an emergency",trd,AGC-CNB,critical,afternoon
"Kindly schedule a 3h OHE snag rectification tomorrow early morning on CNB-ALD, high priority",trd,CNB-ALD,high,early_morning
"Can you schedule a quick OHE snag rectification on near Kanpur in a week during the morning, priority",trd,CNB-ALD,high,morning
level crossing signal check on Agra to Kanpur in the evening a 1h day after tomorrow,st,AGC-CNB,medium,evening
traction transformer check required near the Mathura-Agra stretch during the morning,trd,MTJ-AGC,medium,morning
a 1h block instrument check on near Bhopal in a week in the morning,st,BPL-ET,medium,morning
We need to schedule a 2 hour track tamping next wednesday on Agra Cantt section,engg,MTJ-AGC,medium,unspecified
"Can you schedule plan rail joint repair on Agra to Kanpur late at night in a week, low priority",engg,AGC-CNB,low,night
"a 3h signal circuit testing on MTJ-AGC next saturday, minor",st,MTJ-AGC,low,unspecified
"Can you schedule schedule a 2 hour OHE snag rectification in the morning on Kanpur to Allahabad, an emergency",trd,CNB-ALD,critical,morning
"Please need route relay interlocking check on the Prayagraj-Mughalsarai stretch next monday in the evening, as soon as possible",st,ALD-MGS,high,evening
"Kindly plan track inspection on BPL-ET during the afternoon next wednesday, top priority",engg,BPL-ET,critical,afternoon
"Kindly need track circuit fault on near Kanpur next saturday during the morning, as soon as possible",engg,CNB-ALD,high,morning
Can you schedule a 4h signal maintenance on Allahabad to Mughalsarai next wednesday in the afternoon,st,ALD-MGS,medium,afternoon
"rail joint repair on near Bhopal in the pre-dawn hours , high priority a 3h next wednesday",engg,BPL-ET,high,early_morning
"Can you schedule a 4h block section telephone repair on the Pandit Deen Dayal Upadhyaya Jn section in 3 days in the evening, non-urgent",st,ALD-MGS,low,evening
"Requesting to schedule a 2 hour telecom cable repair in a week overnight on the Kanpur-Prayagraj stretch, priority",st,CNB-ALD,high,night
"Please need signal cable inspection on MTJ-AGC this weekend during the evening, top priority",st,MTJ-AGC,critical,evening
"Can you schedule a 1h formation strengthening on the Mathura-Agra stretch tomorrow in the pre-dawn hours, priority",engg,MTJ-AGC,high,early_morning
"Please plan rail fracture repair on the Bhopal-Itarsi stretch in the afternoon next friday, routine",engg,BPL-ET,low,afternoon
"a quick OHE inspection on the Bhopal-Itarsi stretch early morning, important",trd,BPL-ET,high,early_morning
"We need to a 2 hour track tamping on MTJ-AGC next wednesday, urgent",engg,MTJ-AGC,critical,unspecified
"Kindly schedule formation strengthening next thursday at night on the Delhi-Mathura corridor, whenever convenient",engg,NDLS-MTJ,low,night
"Requesting to schedule a 2h signal cable inspection day after tomorrow in the pre-dawn hours on near New Delhi, top priority",st,NDLS-MTJ,critical,early_morning
"traction substation check on the Prayagraj-Mughalsarai stretch during the morning , immediately a quick in 3 days",trd,ALD-MGS,critical,morning
"track tamping on near Agra in the morning , non-urgent",engg,AGC-CNB,low,morning
An emergency rail welding repair required near Kanpur to Allahabad this weekend during the morning,engg,CNB-ALD,critical,morning
"a 2h bridge inspection on New Delhi-Ghaziabad stretch next tuesday during the afternoon, immediately",engg,NDLS-MTJ,critical,afternoon
Please need formation strengthening on Itarsi section this weekend at night,engg,BPL-ET,medium,night
We need to a 3h broken rail repair on the Kanpur-Prayagraj stretch in 3 days during the afternoon,engg,CNB-ALD,medium,afternoon
Priority power supply inspection required near near New Delhi day after tomorrow in the afternoon,trd,NDLS-MTJ,high,afternoon
"Can you schedule schedule traction transformer check in 3 days during the afternoon on the Prayagraj-Mughalsarai stretch, low priority",trd,ALD-MGS,low,afternoon
"need overhead line repair on the Prayagraj-Mughalsarai stretch in 3 days during the evening, immediately",trd,ALD-MGS,critical,evening
"We need to a 2 hour bridge inspection on the Pandit Deen Dayal Upadhyaya Jn section next friday in the afternoon, as soon as possible",engg,ALD-MGS,high,afternoon
Urgent power supply inspection required near Mathura to Agra this weekend before dawn,trd,MTJ-AGC,critical,early_morning
"plan insulator cleaning on the Prayagraj-Mughalsarai stretch overnight today, priority",trd,ALD-MGS,high,night
point machine repair required near Ghaziabad section today during the evening,st,NDLS-MTJ,medium,evening
"a 1h route relay interlocking check on New Delhi-Ghaziabad stretch next friday during the morning, priority",st,NDLS-MTJ,high,morning
"Kindly schedule a 2 hour OHE wire tensioning tonight in the midnight window on the Bhopal-Itarsi stretch, as soon as possible",trd,BPL-ET,high,night
ballast renewal on the Pandit Deen Dayal Upadhyaya Jn section in the afternoon a 4h in 3 days,engg,ALD-MGS,medium,afternoon
"need traction motor check on Agra to Kanpur next monday during the morning, asap",trd,AGC-CNB,critical,morning
Asap signal failure attention required near Allahabad to Mughalsarai in a week early morning,st,ALD-MGS,critical,early_morning
Urgent track patrolling required near ALD-MGS tomorrow,engg,ALD-MGS,critical,unspecified
"Please plan signal maintenance on Kanpur to Allahabad during the morning tonight, important",st,CNB-ALD,high,morning
"Can you schedule schedule a 4h traction motor check next thursday in the midnight window on near Bhopal, urgent",trd,BPL-ET,critical,night
"Can you schedule need track patrolling on Kanpur Central section today before dawn, high priority",engg,AGC-CNB,high,early_morning
plan rail welding repair on NDLS-MTJ at night next friday,engg,NDLS-MTJ,medium,night
"track circuit fault on CNB-ALD before dawn , an emergency a 4h today",engg,CNB-ALD,critical,early_morning
"We need to plan axle counter testing on CNB-ALD at night next wednesday, important",st,CNB-ALD,high,night
"Kindly plan signal circuit testing on NDLS-MTJ next thursday, minor",st,NDLS-MTJ,low,unspecified
"Can you schedule plan traction motor check on near Bhopal during the evening next tuesday, important",trd,BPL-ET,high,evening
"track circuit fault on near Kanpur during the morning , as soon as possible in 3 days",engg,CNB-ALD,high,morning
"schedule a 3h deep screening in 3 days before dawn on the Bhopal-Itarsi stretch, priority",engg,BPL-ET,high,early_morning
OHE snag rectification on NDLS-MTJ late at night a quick next monday,trd,NDLS-MTJ,medium,night
"Requesting to need overhead line repair on Mathura to Agra in 3 days in the morning, immediately",trd,MTJ-AGC,critical,morning
Kindly plan block instrument check on Allahabad to Mughalsarai in the afternoon next tuesday,st,ALD-MGS,medium,afternoon
"Kindly plan signal maintenance on Itarsi section in the evening this weekend, low priority",st,BPL-ET,low,evening
As soon as possible feeder cable maintenance required near near Prayagraj in 3 days before dawn,trd,ALD-MGS,high,early_morning
sleeper replacement required near near New Delhi day after tomorrow during the afternoon,engg,NDLS-MTJ,medium,afternoon
Can you schedule schedule a 1h relay room maintenance tonight during the morning on near Prayagraj,st,ALD-MGS,medium,morning
"auto tensioning device check on the Delhi-Mathura corridor during the morning , asap today",trd,NDLS-MTJ,critical,morning
Critical pantograph inspection required near BPL-ET today at night,trd,BPL-ET,critical,night
"deep screening on BPL-ET during the morning , as soon as possible a 2 hour next saturday",engg,BPL-ET,high,morning
"catenary wire repair on MTJ-AGC in the morning , non-urgent a quick next monday",trd,MTJ-AGC,low,morning
"Can you schedule need rail joint repair on MTJ-AGC next wednesday early morning, top priority",engg,MTJ-AGC,critical,early_morning
"Requesting to schedule a 1h track inspection next monday in the morning on Agra Cantt section, urgent",engg,MTJ-AGC,critical,morning
Kindly a 2 hour signal failure attention on the Bhopal-Itarsi stretch,st,BPL-ET,medium,unspecified
"Requesting to plan interlocking check on Kanpur to Allahabad in the evening next monday, priority",st,CNB-ALD,high,evening
"Requesting to plan traction motor check on BPL-ET at night next tuesday, high priority",trd,BPL-ET,high,night
"schedule a 1h rail grinding next monday overnight on BPL-ET, high priority",engg,BPL-ET,high,night
schedule a 3h signal maintenance next saturday overnight on the Prayagraj-Mughalsarai stretch,st,ALD-MGS,medium,night
"Can you schedule need traction motor check on the Prayagraj-Mughalsarai stretch next monday in the morning, as soon as possible",trd,ALD-MGS,high,morning
"Can you schedule a 3h track inspection on Kanpur Central section next wednesday in the midnight window, urgent",engg,AGC-CNB,critical,night
Non-urgent OHE inspection required near the Kanpur-Prayagraj stretch next thursday at night,trd,CNB-ALD,low,night
"block instrument check on New Delhi-Ghaziabad stretch during the evening , priority a 4h this weekend",st,NDLS-MTJ,high,evening
a 1h rail joint repair on the Mathura-Agra stretch in a week during the evening,engg,MTJ-AGC,medium,evening
"Requesting to need relay room maintenance on Prayagraj section tomorrow in the morning, as soon as possible",st,CNB-ALD,high,morning
"Kindly a 1h rail fracture repair on Kanpur to Allahabad next tuesday in the morning, minor",engg,CNB-ALD,low,morning
"Please schedule a 4h level crossing signal check next friday in the pre-dawn hours on Agra to Kanpur, top priority",st,AGC-CNB,critical,early_morning
Urgent rail grinding required near AGC-CNB next friday,engg,AGC-CNB,critical,unspecified
"Please a 2h OHE inspection on Agra to Kanpur next thursday during the evening, top priority",trd,AGC-CNB,critical,evening
"Can you schedule a 1h formation strengthening on NDLS-MTJ in 3 days in the afternoon, whenever convenient",engg,NDLS-MTJ,low,afternoon
signal circuit testing on Kanpur Central section in the morning a 1h today,st,AGC-CNB,medium,morning
"OHE snag rectification on near Kanpur late at night , priority a 1h in a week",trd,CNB-ALD,high,night
"need broken rail repair on New Delhi-Ghaziabad stretch next thursday during the morning, priority",engg,NDLS-MTJ,high,morning
"Kindly schedule a quick relay room maintenance today in the afternoon on New Delhi-Ghaziabad stretch, high priority",st,NDLS-MTJ,high,afternoon
"track patrolling on ALD-MGS in the afternoon , important a 4h today",engg,ALD-MGS,high,afternoon
"Requesting to need catenary wire repair on near New Delhi this weekend during the evening, asap",trd,NDLS-MTJ,critical,evening
"Kindly plan traction substation check on CNB-ALD in the afternoon next thursday, asap",trd,CNB-ALD,critical,afternoon
Requesting to a 4h traction substation check on the Bhopal-Itarsi stretch tonight,trd,BPL-ET,medium,unspecified
"Requesting to plan level crossing signal check on ALD-MGS before dawn next thursday, an emergency",st,ALD-MGS,critical,early_morning
"Kindly a 2h rail fracture repair on the Pandit Deen Dayal Upadhyaya Jn section day after tomorrow in the pre-dawn hours, priority",engg,ALD-MGS,high,early_morning
"Can you schedule schedule a 1h traction substation check early morning on Allahabad to Mughalsarai, priority",trd,ALD-MGS,high,early_morning
"need pantograph inspection on Allahabad to Mughalsarai, important",trd,ALD-MGS,high,unspecified
"relay room maintenance on Agra to Kanpur in the midnight window , high priority a 3h next monday",st,AGC-CNB,high,night
"need track patrolling on New Delhi-Ghaziabad stretch next saturday early morning, high priority",engg,NDLS-MTJ,high,early_morning
"traction transformer check on Mathura to Agra , important a 2h next wednesday",trd,MTJ-AGC,high,unspecified
Critical track tamping required near Agra to Kanpur next tuesday in the evening,engg,AGC-CNB,critical,evening
An emergency signal cable inspection required near MTJ-AGC in a week,st,MTJ-AGC,critical,unspecified
"Can you schedule a 1h signal cable inspection on ALD-MGS next saturday at night, important",st,ALD-MGS,high,night
"signal circuit testing on BPL-ET in the afternoon , minor a 1h in a week",st,BPL-ET,low,afternoon
feeder cable maintenance required near NDLS-MTJ today,trd,NDLS-MTJ,medium,unspecified
"need ballast renewal on ALD-MGS during the afternoon, high priority",engg,ALD-MGS,high,afternoon
"We need to schedule a 4h level crossing signal check tomorrow in the midnight window on Kanpur Central section, whenever convenient",st,AGC-CNB,low,night
Kindly need deep screening on the Pandit Deen Dayal Upadhyaya Jn section next friday overnight,engg,ALD-MGS,medium,night
"OHE inspection on Prayagraj section , low priority a quick next friday",trd,CNB-ALD,low,unspecified
"Please schedule a 2 hour deep screening tonight on near Kanpur, an emergency",engg,CNB-ALD,critical,unspecified
"track geometry check on Agra Cantt section in the morning , urgent a 1h day after tomorrow",engg,MTJ-AGC,critical,morning
Can you schedule plan formation strengthening on near Bhopal today,engg,BPL-ET,medium,unspecified
"OHE inspection on the Pandit Deen Dayal Upadhyaya Jn section during the evening , top priority a 4h tonight",trd,ALD-MGS,critical,evening
"Please schedule a 2h block section telephone repair next thursday early morning on BPL-ET, minor",st,BPL-ET,low,early_morning
Kindly schedule a 1h pantograph inspection tomorrow in the morning on Kanpur to Allahabad,trd,CNB-ALD,medium,morning
Urgent broken rail repair required near Bhopal to Itarsi in a week,engg,BPL-ET,critical,unspecified
Requesting to need signal maintenance on near Agra this weekend,st,AGC-CNB,medium,unspecified
Kindly plan telecom cable repair on Prayagraj section before dawn tomorrow,st,CNB-ALD,medium,early_morning
"We need to schedule block section telephone repair in 3 days during the evening on Kanpur Central section, non-urgent",st,AGC-CNB,low,evening
plan point machine repair on New Delhi to Mathura in the morning next thursday,st,NDLS-MTJ,medium,morning
"Kindly need block section telephone repair on near Prayagraj next friday before dawn, an emergency",st,ALD-MGS,critical,early_morning
"Kindly schedule a 2 hour overhead line repair late at night on near Kanpur, low priority",trd,CNB-ALD,low,night
"Kindly a quick bridge inspection on the Bhopal-Itarsi stretch today before dawn, an emergency",engg,BPL-ET,critical,early_morning
"Kindly need pantograph inspection on the Bhopal-Itarsi stretch in a week before dawn, important",trd,BPL-ET,high,early_morning
"We need to schedule a quick axle counter testing next saturday in the afternoon on BPL-ET, non-urgent",st,BPL-ET,low,afternoon
"Kindly schedule a 3h formation strengthening next wednesday on BPL-ET, asap",engg,BPL-ET,critical,unspecified
Please need formation strengthening on NDLS-MTJ next monday overnight,engg,NDLS-MTJ,medium,night
"pantograph inspection on Bhopal to Itarsi during the afternoon , non-urgent a quick day after tomorrow",trd,BPL-ET,low,afternoon
"Requesting to a 4h circuit breaker testing on NDLS-MTJ in a week, low priority",trd,NDLS-MTJ,low,unspecified
Important insulator cleaning required near near Kanpur next wednesday during the afternoon,trd,CNB-ALD,high,afternoon
"signal circuit testing on Kanpur Central section in the afternoon , important a 2h today",st,AGC-CNB,high,afternoon
"formation strengthening on near Bhopal in the evening , priority a 2h",engg,BPL-ET,high,evening
"need OHE wire tensioning on NDLS-MTJ this weekend in the afternoon, critical",trd,NDLS-MTJ,critical,afternoon
"Requesting to a 3h bridge inspection on Kanpur to Allahabad tomorrow overnight, immediately",engg,CNB-ALD,critical,night
Immediately broken rail repair required near the Kanpur-Prayagraj stretch tomorrow early morning,engg,CNB-ALD,critical,early_morning
"Please plan traction motor check on Agra to Kanpur next friday, low priority",trd,AGC-CNB,low,unspecified
OHE wire tensioning on Kanpur to Allahabad a 2h next friday,trd,CNB-ALD,medium,unspecified
"Can you schedule schedule a 4h formation strengthening tomorrow on Mathura to Agra, important",engg,MTJ-AGC,high,unspecified
"Please need power supply inspection on Allahabad to Mughalsarai this weekend during the morning, an emergency",trd,ALD-MGS,critical,morning
"We need to a 2 hour ballast renewal on Agra Cantt section during the evening, routine",engg,MTJ-AGC,low,evening
"Can you schedule schedule sleeper replacement in 3 days during the evening on CNB-ALD, priority",engg,CNB-ALD,high,evening
"track geometry check on NDLS-MTJ late at night , immediately next tuesday",engg,NDLS-MTJ,critical,night
"Kindly plan feeder cable maintenance on the Prayagraj-Mughalsarai stretch during the afternoon this weekend, high priority",trd,ALD-MGS,high,afternoon
"Please schedule a 1h signal failure attention tonight during the afternoon on Prayagraj section, as soon as possible",st,CNB-ALD,high,afternoon
"Kindly plan catenary wire repair on Mathura to Agra overnight day after tomorrow, top priority",trd,MTJ-AGC,critical,night
Important auto tensioning device check required near the Bhopal-Itarsi stretch next monday in the pre-dawn hours,trd,BPL-ET,high,early_morning
"track circuit fault on near Prayagraj , as soon as possible a 1h next tuesday",engg,ALD-MGS,high,unspecified
"We need to need block section telephone repair on MTJ-AGC next tuesday overnight, asap",st,MTJ-AGC,critical,night
"track circuit fault on MTJ-AGC in the pre-dawn hours , minor a quick day after tomorrow",engg,MTJ-AGC,low,early_morning
"plan traction motor check on MTJ-AGC in the afternoon next tuesday, critical",trd,MTJ-AGC,critical,afternoon
Minor signal circuit testing required near Kanpur to Allahabad next monday in the afternoon,st,CNB-ALD,low,afternoon
"bridge inspection on near Agra , critical next monday",engg,AGC-CNB,critical,unspecified
Requesting to a 3h interlocking check on the Delhi-Mathura corridor during the afternoon,st,NDLS-MTJ,medium,afternoon
"Please a quick traction transformer check on the Kanpur-Prayagraj stretch next monday during the afternoon, as soon as possible",trd,CNB-ALD,high,afternoon
"a 4h signal failure attention on New Delhi to Mathura tonight before dawn, an emergency",st,NDLS-MTJ,critical,early_morning
"schedule a 2h auto tensioning device check tonight on Itarsi section, critical",trd,BPL-ET,critical,unspecified
"Can you schedule plan feeder cable maintenance on Itarsi section during the evening next tuesday, whenever convenient",trd,BPL-ET,low,evening
"Can you schedule schedule a quick axle counter testing today in the afternoon on New Delhi to Mathura, whenever convenient",st,NDLS-MTJ,low,afternoon
"We need to need rail welding repair on Itarsi section next saturday during the morning, immediately",engg,BPL-ET,critical,morning
We need to need track circuit fault on Bhopal to Itarsi next saturday at night,engg,BPL-ET,medium,night
Please axle counter testing on the Delhi-Mathura corridor tonight early morning,st,NDLS-MTJ,medium,early_morning
traction substation check required near AGC-CNB day after tomorrow during the afternoon,trd,AGC-CNB,medium,afternoon
"We need to need relay room maintenance on New Delhi-Ghaziabad stretch next thursday before dawn, urgent",st,NDLS-MTJ,critical,early_morning
"Kindly a 2 hour level crossing signal check on Itarsi section next friday during the morning, whenever convenient",st,BPL-ET,low,morning
Kindly a quick block section telephone repair on Agra Cantt section day after tomorrow,st,MTJ-AGC,medium,unspecified
track geometry check required near near Mathura in the afternoon,engg,MTJ-AGC,medium,afternoon
"optical fiber repair on the Kanpur-Prayagraj stretch in the afternoon , priority a 4h today",st,CNB-ALD,high,afternoon
As soon as possible point machine repair required near the Pandit Deen Dayal Upadhyaya Jn section this weekend early morning,st,ALD-MGS,high,early_morning
OHE inspection on near Mathura in the pre-dawn hours a 2 hour tonight,trd,MTJ-AGC,medium,early_morning
"Can you schedule plan track geometry check on Agra to Kanpur during the evening next thursday, an emergency",engg,AGC-CNB,critical,evening
Kindly need optical fiber repair on near Kanpur tomorrow,st,CNB-ALD,medium,unspecified
Can you schedule plan route relay interlocking check on near Mathura in the morning next tuesday,st,MTJ-AGC,medium,morning
Can you schedule need broken rail repair on Allahabad to Mughalsarai day after tomorrow during the evening,engg,ALD-MGS,medium,evening
Important block instrument check required near the Delhi-Mathura corridor next friday early morning,st,NDLS-MTJ,high,early_morning
"plan deep screening on Itarsi section late at night tonight, as soon as possible",engg,BPL-ET,high,night
"Kindly plan point machine repair on New Delhi-Ghaziabad stretch in the afternoon next wednesday, high priority",st,NDLS-MTJ,high,afternoon
Please a quick axle counter testing on Kanpur Central section in a week in the afternoon,st,AGC-CNB,medium,afternoon
Requesting to plan track inspection on near New Delhi during the morning today,engg,NDLS-MTJ,medium,morning
"deep screening on NDLS-MTJ late at night , as soon as possible in 3 days",engg,NDLS-MTJ,high,night
"We need to a 4h telecom cable repair on near Kanpur next saturday during the morning, low priority",st,CNB-ALD,low,morning
"Please need overhead line repair on the Delhi-Mathura corridor next thursday during the morning, high priority",trd,NDLS-MTJ,high,morning
"Kindly a 3h traction motor check on Prayagraj section next thursday late at night, high priority",trd,CNB-ALD,high,night
"Please schedule a quick rail grinding on Mathura to Agra, low priority",engg,MTJ-AGC,low,unspecified
Kindly schedule relay room maintenance today in the pre-dawn hours on Agra to Kanpur,st,AGC-CNB,medium,early_morning
"Can you schedule a quick circuit breaker testing on the Bhopal-Itarsi stretch in 3 days, non-urgent",trd,BPL-ET,low,unspecified
"Requesting to a quick sleeper replacement on near Bhopal tonight in the afternoon, as soon as possible",engg,BPL-ET,high,afternoon
Kindly schedule OHE wire tensioning tomorrow during the afternoon on Prayagraj section,trd,CNB-ALD,medium,afternoon
Can you schedule need signal maintenance on Mathura to Agra in a week early morning,st,MTJ-AGC,medium,early_morning
"Please plan signal cable inspection on Agra to Kanpur tomorrow, minor",st,AGC-CNB,low,unspecified
"schedule a 3h deep screening next tuesday before dawn on MTJ-AGC, high priority",engg,MTJ-AGC,high,early_morning
"We need to a 2 hour formation strengthening on New Delhi to Mathura next tuesday before dawn, critical",engg,NDLS-MTJ,critical,early_morning
"We need to schedule a quick traction transformer check next wednesday in the morning on New Delhi-Ghaziabad stretch, whenever convenient",trd,NDLS-MTJ,low,morning
Requesting to need optical fiber repair on near Prayagraj tonight,st,ALD-MGS,medium,unspecified
"Please need track inspection on New Delhi to Mathura tomorrow in the afternoon, as soon as possible",engg,NDLS-MTJ,high,afternoon
"Requesting to a 3h OHE snag rectification on MTJ-AGC in 3 days in the afternoon, as soon as possible",trd,MTJ-AGC,high,afternoon
"rail welding repair on Bhopal to Itarsi in the morning , important next monday",engg,BPL-ET,high,morning
Routine block section telephone repair required near the Agra-Kanpur stretch next monday during the afternoon,st,AGC-CNB,low,afternoon
Please plan deep screening on Allahabad to Mughalsarai during the afternoon next saturday,engg,ALD-MGS,medium,afternoon
"Kindly plan point machine repair on Itarsi section in the evening tonight, as soon as possible",st,BPL-ET,high,evening
"broken rail repair on near Prayagraj during the evening , whenever convenient a 2h this weekend",engg,ALD-MGS,low,evening
"schedule a 1h catenary wire repair in 3 days in the afternoon on Agra Cantt section, important",trd,MTJ-AGC,high,afternoon
"Requesting to plan rail fracture repair on NDLS-MTJ late at night this weekend, non-urgent",engg,NDLS-MTJ,low,night
"We need to need signal failure attention on the Bhopal-Itarsi stretch in a week in the midnight window, top priority",st,BPL-ET,critical,night
"Please plan OHE inspection on Bhopal to Itarsi overnight this weekend, as soon as possible",trd,BPL-ET,high,night
"Requesting to need route relay interlocking check on Ghaziabad section next wednesday early morning, critical",st,NDLS-MTJ,critical,early_morning
"Please schedule a 2h track tamping in a week overnight on the Pandit Deen Dayal Upadhyaya Jn section, important",engg,ALD-MGS,high,night
track geometry check on Agra Cantt section during the evening a 1h in a week,engg,MTJ-AGC,medium,evening
"need OHE inspection on the Bhopal-Itarsi stretch day after tomorrow during the morning, important",trd,BPL-ET,high,morning
Please a quick auto tensioning device check on the Pandit Deen Dayal Upadhyaya Jn section during the morning,trd,ALD-MGS,medium,morning
optical fiber repair required near Itarsi section tomorrow during the evening,st,BPL-ET,medium,evening
"Requesting to need block instrument check on Allahabad to Mughalsarai tonight, whenever convenient",st,ALD-MGS,low,unspecified
"Please need axle counter testing on Agra to Kanpur in 3 days during the afternoon, whenever convenient",st,AGC-CNB,low,afternoon
"Can you schedule schedule a quick catenary wire repair tonight in the morning on Ghaziabad section, immediately",trd,NDLS-MTJ,critical,morning
Important rail joint repair required near the Agra-Kanpur stretch today during the evening,engg,AGC-CNB,high,evening
track inspection required near the Mathura-Agra stretch tomorrow,engg,MTJ-AGC,medium,unspecified
"We need to a 2 hour traction transformer check on Agra Cantt section, as soon as possible",trd,MTJ-AGC,high,unspecified
"signal circuit testing on the Agra-Kanpur stretch , top priority a 1h today",st,AGC-CNB,critical,unspecified
"Please a quick track tamping on the Bhopal-Itarsi stretch this weekend in the morning, urgent",engg,BPL-ET,critical,morning
"traction substation check on Mathura to Agra overnight , critical a 2h this weekend",trd,MTJ-AGC,critical,night
"We need to need track patrolling on the Agra-Kanpur stretch next thursday during the evening, priority",engg,AGC-CNB,high,evening
Kindly schedule a 2h rail fracture repair next tuesday in the evening on ALD-MGS,engg,ALD-MGS,medium,evening
"Kindly plan OHE inspection on Ghaziabad section during the afternoon tomorrow, priority",trd,NDLS-MTJ,high,afternoon
"plan signal failure attention on Itarsi section during the afternoon in 3 days, minor",st,BPL-ET,low,afternoon
Please schedule a 2 hour route relay interlocking check this weekend late at night on Mathura to Agra,st,MTJ-AGC,medium,night
Kindly plan track tamping on MTJ-AGC overnight tonight,engg,MTJ-AGC,medium,night
Non-urgent broken rail repair required near near New Delhi today in the evening,engg,NDLS-MTJ,low,evening
Please a 4h track circuit fault on the Kanpur-Prayagraj stretch next thursday,engg,CNB-ALD,medium,unspecified
"insulator cleaning on NDLS-MTJ during the afternoon , priority a 4h",trd,NDLS-MTJ,high,afternoon
"Kindly schedule a 3h track patrolling tonight in the pre-dawn hours on NDLS-MTJ, an emergency",engg,NDLS-MTJ,critical,early_morning
"Please need overhead line repair on MTJ-AGC next monday, an emergency",trd,MTJ-AGC,critical,unspecified
"Can you schedule schedule a quick formation strengthening next tuesday in the evening on Allahabad to Mughalsarai, an emergency",engg,ALD-MGS,critical,evening
"We need to schedule a 4h OHE snag rectification next thursday during the afternoon on the Prayagraj-Mughalsarai stretch, urgent",trd,ALD-MGS,critical,afternoon
Important signal failure attention required near Kanpur to Allahabad in a week in the evening,st,CNB-ALD,high,evening
"Requesting to a 2h OHE snag rectification on Mathura to Agra next thursday, whenever convenient",trd,MTJ-AGC,low,unspecified
"Kindly a 3h insulator cleaning on Kanpur to Allahabad next tuesday late at night, whenever convenient",trd,CNB-ALD,low,night
"rail fracture repair on Mathura to Agra in the pre-dawn hours , important a 1h next friday",engg,MTJ-AGC,high,early_morning
auto tensioning device check on Allahabad to Mughalsarai in the afternoon a 2 hour next thursday,trd,ALD-MGS,medium,afternoon
"traction transformer check on Ghaziabad section in the afternoon , whenever convenient next saturday",trd,NDLS-MTJ,low,afternoon
"Kindly schedule a 4h traction motor check in a week in the evening on Allahabad to Mughalsarai, top priority",trd,ALD-MGS,critical,evening
"need deep screening on Agra Cantt section next thursday in the midnight window, whenever convenient",engg,MTJ-AGC,low,night
"Requesting to a 4h overhead line repair on the Prayagraj-Mughalsarai stretch tonight during the morning, as soon as possible",trd,ALD-MGS,high,morning
"Please plan auto tensioning device check on Bhopal to Itarsi during the morning next thursday, whenever convenient",trd,BPL-ET,low,morning
Can you schedule plan optical fiber repair on New Delhi to Mathura before dawn next friday,st,NDLS-MTJ,medium,early_morning
Requesting to need bridge inspection on Agra to Kanpur in 3 days,engg,AGC-CNB,medium,unspecified
Minor deep screening required near ALD-MGS tonight,engg,ALD-MGS,low,unspecified
"Can you schedule optical fiber repair on AGC-CNB next wednesday during the evening, non-urgent",st,AGC-CNB,low,evening
Can you schedule need OHE snag rectification on the Pandit Deen Dayal Upadhyaya Jn section next saturday during the morning,trd,ALD-MGS,medium,morning
As soon as possible block instrument check required near the Delhi-Mathura corridor next wednesday in the midnight window,st,NDLS-MTJ,high,night
"Can you schedule plan OHE wire tensioning on Agra to Kanpur in the evening next tuesday, non-urgent",trd,AGC-CNB,low,evening
"We need to a 3h rail grinding on near Agra next saturday in the pre-dawn hours, asap",engg,AGC-CNB,critical,early_morning
"We need to need point machine repair on NDLS-MTJ before dawn, priority",st,NDLS-MTJ,high,early_morning
"schedule a 3h power supply inspection next monday during the evening on NDLS-MTJ, as soon as possible",trd,NDLS-MTJ,high,evening
"Can you schedule plan sleeper replacement on the Prayagraj-Mughalsarai stretch during the morning day after tomorrow, high priority",engg,ALD-MGS,high,morning
Please a quick deep screening on the Pandit Deen Dayal Upadhyaya Jn section next tuesday during the evening,engg,ALD-MGS,medium,evening
"formation strengthening on near Kanpur late at night , urgent a 4h",engg,CNB-ALD,critical,night
"need signal failure attention on Itarsi section next saturday during the evening, asap",st,BPL-ET,critical,evening
Can you schedule a 2 hour block instrument check on the Delhi-Mathura corridor next tuesday during the afternoon,st,NDLS-MTJ,medium,afternoon
"a 4h OHE snag rectification on CNB-ALD next tuesday in the afternoon, asap",trd,CNB-ALD,critical,afternoon
Kindly need rail joint repair on Agra Cantt section day after tomorrow late at night,engg,MTJ-AGC,medium,night
"We need to need deep screening on ALD-MGS next tuesday during the morning, whenever convenient",engg,ALD-MGS,low,morning
Important rail grinding required near Ghaziabad section next monday overnight,engg,NDLS-MTJ,high,night
"Kindly schedule point machine repair next friday early morning on Kanpur Central section, important",st,AGC-CNB,high,early_morning
"We need to need formation strengthening on near Bhopal day after tomorrow during the morning, routine",engg,BPL-ET,low,morning
schedule a 1h pantograph inspection next monday during the evening on near Bhopal,trd,BPL-ET,medium,evening
"Kindly schedule a 4h feeder cable maintenance next monday before dawn on AGC-CNB, routine",trd,AGC-CNB,low,early_morning
"Requesting to schedule a 1h ballast renewal next tuesday on the Bhopal-Itarsi stretch, urgent",engg,BPL-ET,critical,unspecified
"We need to schedule a 2 hour formation strengthening next saturday on New Delhi-Ghaziabad stretch, low priority",engg,NDLS-MTJ,low,unspecified
"Kindly plan signal failure attention on the Agra-Kanpur stretch during the evening this weekend, as soon as possible",st,AGC-CNB,high,evening
Kindly a 4h point machine repair on the Mathura-Agra stretch tonight,st,MTJ-AGC,medium,unspecified
"need interlocking check on near Prayagraj next wednesday in the evening, minor",st,ALD-MGS,low,evening
We need to need sleeper replacement on BPL-ET day after tomorrow in the evening,engg,BPL-ET,medium,evening
"relay room maintenance on near Mathura before dawn , as soon as possible a quick next wednesday",st,MTJ-AGC,high,early_morning
"Requesting to plan auto tensioning device check on near Bhopal overnight next friday, immediately",trd,BPL-ET,critical,night
"Can you schedule a 3h axle counter testing on near Agra next wednesday in the morning, high priority",st,AGC-CNB,high,morning
"track tamping on the Delhi-Mathura corridor at night , priority a 1h this weekend",engg,NDLS-MTJ,high,night
"need power supply inspection on Agra Cantt section in 3 days in the afternoon, asap",trd,MTJ-AGC,critical,afternoon
"Requesting to a 2h rail welding repair on the Pandit Deen Dayal Upadhyaya Jn section tonight during the morning, high priority",engg,ALD-MGS,high,morning
point machine repair required near Ghaziabad section next monday in the morning,st,NDLS-MTJ,medium,morning
An emergency OHE inspection required near the Delhi-Mathura corridor tomorrow during the afternoon,trd,NDLS-MTJ,critical,afternoon
"Can you schedule a 2 hour interlocking check on Itarsi section in 3 days in the pre-dawn hours, whenever convenient",st,BPL-ET,low,early_morning
"plan axle counter testing on Agra Cantt section during the afternoon day after tomorrow, as soon as possible",st,MTJ-AGC,high,afternoon
"Can you schedule a 1h power supply inspection on ALD-MGS next wednesday overnight, urgent",trd,ALD-MGS,critical,night
"feeder cable maintenance on near Bhopal , high priority a 3h next thursday",trd,BPL-ET,high,unspecified
Requesting to plan pantograph inspection on Agra to Kanpur during the morning next friday,trd,AGC-CNB,medium,morning
"We need to need circuit breaker testing on near Prayagraj in a week during the evening, low priority",trd,ALD-MGS,low,evening
High priority traction transformer check required near near Prayagraj tonight in the evening,trd,ALD-MGS,high,evening
"We need to a 3h power supply inspection on the Kanpur-Prayagraj stretch next saturday in the morning, critical",trd,CNB-ALD,critical,morning
signal maintenance required near the Agra-Kanpur stretch in 3 days in the morning,st,AGC-CNB,medium,morning
"signal failure attention on the Mathura-Agra stretch at night , non-urgent a 4h tonight",st,MTJ-AGC,low,night
Can you schedule schedule track tamping in 3 days in the evening on the Prayagraj-Mughalsarai stretch,engg,ALD-MGS,medium,evening
Requesting to plan circuit breaker testing on ALD-MGS in the evening in a week,trd,ALD-MGS,medium,evening
"Kindly need auto tensioning device check on the Bhopal-Itarsi stretch next friday during the afternoon, high priority",trd,BPL-ET,high,afternoon
"Requesting to need sleeper replacement on Prayagraj section next saturday in the morning, important",engg,CNB-ALD,high,morning
Routine insulator cleaning required near ALD-MGS tomorrow,trd,ALD-MGS,low,unspecified
"Please plan track patrolling on BPL-ET in the pre-dawn hours today, asap",engg,BPL-ET,critical,early_morning
track circuit fault on the Pandit Deen Dayal Upadhyaya Jn section next monday,engg,ALD-MGS,medium,unspecified
Kindly a 2h signal maintenance on ALD-MGS in the evening,st,ALD-MGS,medium,evening
Priority rail grinding required near Agra Cantt section this weekend overnight,engg,MTJ-AGC,high,night
"Requesting to plan track geometry check on Kanpur to Allahabad in the pre-dawn hours next monday, routine",engg,CNB-ALD,low,early_morning
Requesting to need optical fiber repair on Mathura to Agra this weekend in the evening,st,MTJ-AGC,medium,evening
traction motor check required near CNB-ALD today in the afternoon,trd,CNB-ALD,medium,afternoon
"Kindly schedule a 2 hour axle counter testing today in the morning on the Pandit Deen Dayal Upadhyaya Jn section, as soon as possible",st,ALD-MGS,high,morning
"schedule a 2 hour signal circuit testing tonight during the afternoon on ALD-MGS, important",st,ALD-MGS,high,afternoon
"Can you schedule a 1h power supply inspection on Prayagraj section day after tomorrow in the morning, routine",trd,CNB-ALD,low,morning
"plan signal failure attention on near Agra today, top priority",st,AGC-CNB,critical,unspecified
a 2h circuit breaker testing on Agra to Kanpur during the afternoon,trd,AGC-CNB,medium,afternoon
Critical rail joint repair required near the Prayagraj-Mughalsarai stretch in the afternoon,engg,ALD-MGS,critical,afternoon
"We need to a 2h axle counter testing on Kanpur to Allahabad next saturday, an emergency",st,CNB-ALD,critical,unspecified
OHE snag rectification required near Allahabad to Mughalsarai next friday in the midnight window,trd,ALD-MGS,medium,night
"Kindly plan signal cable inspection on the Agra-Kanpur stretch early morning next thursday, asap",st,AGC-CNB,critical,early_morning
Kindly plan circuit breaker testing on near Agra in a week,trd,AGC-CNB,medium,unspecified
"We need to plan circuit breaker testing on Agra Cantt section in the morning, immediately",trd,MTJ-AGC,critical,morning
Can you schedule plan traction substation check on Ghaziabad section before dawn tomorrow,trd,NDLS-MTJ,medium,early_morning
"Requesting to schedule a 1h sleeper replacement next thursday on Kanpur to Allahabad, whenever convenient",engg,CNB-ALD,low,unspecified
"plan track geometry check on Kanpur Central section in the morning tomorrow, routine",engg,AGC-CNB,low,morning
"We need to schedule a 1h deep screening next thursday late at night on near New Delhi, priority",engg,NDLS-MTJ,high,night
Please a quick block instrument check on MTJ-AGC in a week,st,MTJ-AGC,medium,unspecified
"Kindly a quick OHE inspection on near Bhopal day after tomorrow early morning, whenever convenient",trd,BPL-ET,low,early_morning
Kindly schedule a 2h track inspection tonight in the evening on Itarsi section,engg,BPL-ET,medium,evening
"Please need OHE wire tensioning on NDLS-MTJ next saturday in the morning, non-urgent",trd,NDLS-MTJ,low,morning
Low priority circuit breaker testing required near the Delhi-Mathura corridor day after tomorrow,trd,NDLS-MTJ,low,unspecified
"need ballast renewal on near Mathura tonight in the morning, immediately",engg,MTJ-AGC,critical,morning
"Can you schedule a quick OHE wire tensioning on Bhopal to Itarsi next thursday at night, priority",trd,BPL-ET,high,night
"We need to track tamping on Kanpur Central section tomorrow, routine",engg,AGC-CNB,low,unspecified
"Kindly schedule a 3h sleeper replacement early morning on Prayagraj section, high priority",engg,CNB-ALD,high,early_morning
"Can you schedule a 3h signal failure attention on Kanpur to Allahabad next tuesday in the morning, asap",st,CNB-ALD,critical,morning
Please need bridge inspection on Prayagraj section next wednesday at night,engg,CNB-ALD,medium,night
"OHE inspection on Ghaziabad section late at night , priority a quick in 3 days",trd,NDLS-MTJ,high,night
"Requesting to plan point machine repair on MTJ-AGC during the evening next friday, critical",st,MTJ-AGC,critical,evening
"Kindly need interlocking check on Itarsi section early morning, low priority",st,BPL-ET,low,early_morning
Immediately OHE snag rectification required near Kanpur Central section next thursday late at night,trd,AGC-CNB,critical,night
"Kindly need rail welding repair on near Agra in a week late at night, priority",engg,AGC-CNB,high,night
"Please schedule a 2h ballast renewal tonight in the afternoon on Agra to Kanpur, top priority",engg,AGC-CNB,critical,afternoon
Asap pantograph inspection required near New Delhi to Mathura this weekend during the morning,trd,NDLS-MTJ,critical,morning
"Please schedule track geometry check next monday during the afternoon on ALD-MGS, important",engg,ALD-MGS,high,afternoon
"Kindly need signal cable inspection on New Delhi-Ghaziabad stretch next saturday in the morning, non-urgent",st,NDLS-MTJ,low,morning
plan traction motor check on the Prayagraj-Mughalsarai stretch in the afternoon tonight,trd,ALD-MGS,medium,afternoon
"traction substation check on the Agra-Kanpur stretch during the afternoon , critical a 4h in 3 days",trd,AGC-CNB,critical,afternoon
OHE snag rectification required near the Pandit Deen Dayal Upadhyaya Jn section in 3 days during the evening,trd,ALD-MGS,medium,evening
"Kindly a 2 hour track tamping on Prayagraj section day after tomorrow during the evening, urgent",engg,CNB-ALD,critical,evening
"Can you schedule plan traction transformer check on Agra Cantt section at night next wednesday, asap",trd,MTJ-AGC,critical,night
"rail fracture repair on near Kanpur in the afternoon , urgent a 3h next tuesday",engg,CNB-ALD,critical,afternoon
As soon as possible track circuit fault required near near Mathura next thursday during the evening,engg,MTJ-AGC,high,evening
"sleeper replacement on MTJ-AGC during the morning , priority a 1h next tuesday",engg,MTJ-AGC,high,morning
"Kindly need ballast renewal on New Delhi to Mathura in a week, priority",engg,NDLS-MTJ,high,unspecified
"We need to schedule a 3h formation strengthening next thursday at night on Mathura to Agra, urgent",engg,MTJ-AGC,critical,night
"plan route relay interlocking check on Itarsi section in the evening next friday, low priority",st,BPL-ET,low,evening
"plan power supply inspection on ALD-MGS in the midnight window in 3 days, an emergency",trd,ALD-MGS,critical,night
"Requesting to plan track geometry check on Allahabad to Mughalsarai tomorrow, important",engg,ALD-MGS,high,unspecified
"plan insulator cleaning on the Pandit Deen Dayal Upadhyaya Jn section overnight day after tomorrow, immediately",trd,ALD-MGS,critical,night
"Can you schedule plan relay room maintenance on Kanpur Central section at night next friday, high priority",st,AGC-CNB,high,night
"plan signal circuit testing on Mathura to Agra late at night next wednesday, routine",st,MTJ-AGC,low,night
Kindly schedule a 3h bridge inspection in 3 days in the morning on New Delhi-Ghaziabad stretch,engg,NDLS-MTJ,medium,morning
"Please need track tamping on near Bhopal next monday in the morning, urgent",engg,BPL-ET,critical,morning
Requesting to need signal cable inspection on Ghaziabad section day after tomorrow during the evening,st,NDLS-MTJ,medium,evening
"Requesting to a 4h signal cable inspection on Kanpur to Allahabad day after tomorrow late at night, urgent",st,CNB-ALD,critical,night
"Can you schedule need track patrolling on ALD-MGS next thursday, important",engg,ALD-MGS,high,unspecified
"Requesting to need ballast renewal on Kanpur to Allahabad next wednesday in the morning, asap",engg,CNB-ALD,critical,morning
"We need to a 2h rail welding repair on near Mathura tomorrow in the morning, priority",engg,MTJ-AGC,high,morning
"plan rail grinding on New Delhi to Mathura in the pre-dawn hours this weekend, asap",engg,NDLS-MTJ,critical,early_morning
"We need to a 4h rail joint repair on CNB-ALD day after tomorrow in the morning, as soon as possible",engg,CNB-ALD,high,morning
"a 2 hour track inspection on the Kanpur-Prayagraj stretch next tuesday overnight, important",engg,CNB-ALD,high,night
"Requesting to schedule a 4h ballast renewal today at night on Allahabad to Mughalsarai, priority",engg,ALD-MGS,high,night
"Requesting to need formation strengthening on the Mathura-Agra stretch tonight in the morning, routine",engg,MTJ-AGC,low,morning
"Requesting to need traction transformer check on AGC-CNB tomorrow during the afternoon, whenever convenient",trd,AGC-CNB,low,afternoon
Requesting to need signal cable inspection on BPL-ET next tuesday before dawn,st,BPL-ET,medium,early_morning
"block section telephone repair on NDLS-MTJ early morning , an emergency a 2 hour next monday",st,NDLS-MTJ,critical,early_morning
"We need to a 3h feeder cable maintenance on near Bhopal next monday in the morning, low priority",trd,BPL-ET,low,morning
"Requesting to schedule a 2 hour signal cable inspection in a week late at night on Allahabad to Mughalsarai, as soon as possible",st,ALD-MGS,high,night
"We need to schedule a 4h relay room maintenance next monday on the Delhi-Mathura corridor, whenever convenient",st,NDLS-MTJ,low,unspecified
"Kindly plan rail grinding on the Delhi-Mathura corridor during the evening next thursday, whenever convenient",engg,NDLS-MTJ,low,evening
High priority relay room maintenance required near CNB-ALD next monday,st,CNB-ALD,high,unspecified
"Kindly schedule a 2h broken rail repair tomorrow early morning on near Prayagraj, minor",engg,ALD-MGS,low,early_morning
"signal maintenance on Kanpur Central section early morning , non-urgent tonight",st,AGC-CNB,low,early_morning
Please a quick block section telephone repair on the Agra-Kanpur stretch next friday during the morning,st,AGC-CNB,medium,morning
signal circuit testing required near near Bhopal next saturday at night,st,BPL-ET,medium,night
"We need to schedule a 4h sleeper replacement in a week early morning on ALD-MGS, priority",engg,ALD-MGS,high,early_morning
Kindly plan axle counter testing on the Agra-Kanpur stretch next thursday,st,AGC-CNB,medium,unspecified
"level crossing signal check on Ghaziabad section in a week overnight, minor",st,NDLS-MTJ,low,night
Requesting to schedule a quick rail fracture repair today on near Mathura,engg,MTJ-AGC,medium,unspecified
Routine track circuit fault required near NDLS-MTJ during the morning,engg,NDLS-MTJ,low,morning
"Requesting to schedule rail fracture repair tonight late at night on the Bhopal-Itarsi stretch, routine",engg,BPL-ET,low,night
"Please need deep screening on the Kanpur-Prayagraj stretch overnight, urgent",engg,CNB-ALD,critical,night
"block section telephone repair on New Delhi to Mathura in the afternoon , top priority a quick next friday",st,NDLS-MTJ,critical,afternoon
"overhead line repair on New Delhi-Ghaziabad stretch in the afternoon , top priority a 2h in 3 days",trd,NDLS-MTJ,critical,afternoon
We need to plan OHE snag rectification on New Delhi-Ghaziabad stretch during the evening in a week,trd,NDLS-MTJ,medium,evening
"Kindly plan block section telephone repair on AGC-CNB before dawn next monday, urgent",st,AGC-CNB,critical,early_morning
Low priority track patrolling required near NDLS-MTJ next thursday during the evening,engg,NDLS-MTJ,low,evening
Top priority broken rail repair required near the Kanpur-Prayagraj stretch today before dawn,engg,CNB-ALD,critical,early_morning
"Requesting to plan sleeper replacement on the Bhopal-Itarsi stretch in the afternoon tonight, asap",engg,BPL-ET,critical,afternoon
"Please a 2h OHE wire tensioning on near Kanpur next wednesday late at night, whenever convenient",trd,CNB-ALD,low,night
"Requesting to plan signal cable inspection on ALD-MGS in the morning next saturday, critical",st,ALD-MGS,critical,morning
"Kindly schedule a 4h signal failure attention day after tomorrow in the pre-dawn hours on Kanpur Central section, urgent",st,AGC-CNB,critical,early_morning
"track tamping on Kanpur to Allahabad in the afternoon , high priority a 2 hour in 3 days",engg,CNB-ALD,high,afternoon
level crossing signal check on Kanpur Central section a 2 hour,st,AGC-CNB,medium,unspecified
"Please a 4h traction motor check on Ghaziabad section this weekend during the evening, critical",trd,NDLS-MTJ,critical,evening
"We need to signal maintenance on BPL-ET today before dawn, minor",st,BPL-ET,low,early_morning
Requesting to a 4h track tamping on AGC-CNB this weekend in the morning,engg,AGC-CNB,medium,morning
"Please insulator cleaning on the Mathura-Agra stretch next thursday during the evening, as soon as possible",trd,MTJ-AGC,high,evening
"Please a quick rail grinding on New Delhi-Ghaziabad stretch next monday at night, non-urgent",engg,NDLS-MTJ,low,night
"Requesting to plan rail fracture repair on AGC-CNB in 3 days, whenever convenient",engg,AGC-CNB,low,unspecified
"Can you schedule a 2h route relay interlocking check on Kanpur Central section tomorrow, important",st,AGC-CNB,high,unspecified
An emergency track inspection required near AGC-CNB day after tomorrow during the afternoon,engg,AGC-CNB,critical,afternoon
"auto tensioning device check on the Pandit Deen Dayal Upadhyaya Jn section in the afternoon , an emergency a 2h next thursday",trd,ALD-MGS,critical,afternoon
"Can you schedule need ballast renewal on ALD-MGS tonight in the morning, whenever convenient",engg,ALD-MGS,low,morning
Requesting to a quick circuit breaker testing on ALD-MGS next tuesday in the morning,trd,ALD-MGS,medium,morning
"Kindly need OHE snag rectification on the Pandit Deen Dayal Upadhyaya Jn section, important",trd,ALD-MGS,high,unspecified
Kindly signal failure attention on near Bhopal tonight during the afternoon,st,BPL-ET,medium,afternoon
"We need to need interlocking check on Ghaziabad section today during the evening, high priority",st,NDLS-MTJ,high,evening
"Kindly schedule a 2h circuit breaker testing next wednesday early morning on Allahabad to Mughalsarai, routine",trd,ALD-MGS,low,early_morning
Requesting to schedule a 2 hour OHE inspection this weekend during the morning on Agra Cantt section,trd,MTJ-AGC,medium,morning
"We need to schedule a 3h signal maintenance next saturday during the morning on the Mathura-Agra stretch, as soon as possible",st,MTJ-AGC,high,morning
Please a 2h point machine repair on the Prayagraj-Mughalsarai stretch next tuesday during the afternoon,st,ALD-MGS,medium,afternoon
"Requesting to plan signal circuit testing on Kanpur to Allahabad late at night next monday, priority",st,CNB-ALD,high,night
relay room maintenance required near Kanpur to Allahabad next tuesday in the pre-dawn hours,st,CNB-ALD,medium,early_morning
Requesting to need OHE inspection on CNB-ALD tonight in the evening,trd,CNB-ALD,medium,evening
An emergency signal failure attention required near near Mathura next wednesday late at night,st,MTJ-AGC,critical,night
"traction substation check on the Agra-Kanpur stretch in the morning , whenever convenient a 1h next monday",trd,AGC-CNB,low,morning
"Kindly need traction motor check on Prayagraj section next wednesday during the afternoon, top priority",trd,CNB-ALD,critical,afternoon
Critical point machine repair required near CNB-ALD tonight during the evening,st,CNB-ALD,critical,evening
"track circuit fault on Kanpur to Allahabad early morning , low priority a 1h this weekend",engg,CNB-ALD,low,early_morning
Immediately rail welding repair required near NDLS-MTJ next tuesday during the morning,engg,NDLS-MTJ,critical,morning
Kindly plan track geometry check on MTJ-AGC during the evening today,engg,MTJ-AGC,medium,evening
"Can you schedule a 2 hour optical fiber repair on Allahabad to Mughalsarai in a week early morning, an emergency",st,ALD-MGS,critical,early_morning
"Can you schedule a quick deep screening on Mathura to Agra next friday, critical",engg,MTJ-AGC,critical,unspecified
"Can you schedule a 2 hour formation strengthening on Agra to Kanpur in the afternoon, minor",engg,AGC-CNB,low,afternoon
"need rail welding repair on CNB-ALD next wednesday in the afternoon, high priority",engg,CNB-ALD,high,afternoon
"Please need OHE inspection on near New Delhi in a week before dawn, important",trd,NDLS-MTJ,high,early_morning
Immediately signal cable inspection required near Allahabad to Mughalsarai day after tomorrow in the pre-dawn hours,st,ALD-MGS,critical,early_morning
"Kindly a 2h formation strengthening on ALD-MGS in 3 days, high priority",engg,ALD-MGS,high,unspecified
Please schedule a 3h formation strengthening this weekend on the Agra-Kanpur stretch,engg,AGC-CNB,medium,unspecified
"We need to schedule a quick route relay interlocking check today in the pre-dawn hours on Agra Cantt section, high priority",st,MTJ-AGC,high,early_morning
Routine signal circuit testing required near near New Delhi this weekend before dawn,st,NDLS-MTJ,low,early_morning
"Kindly plan traction motor check on Agra Cantt section in the morning next friday, as soon as possible",trd,MTJ-AGC,high,morning
Immediately OHE wire tensioning required near near Prayagraj next thursday,trd,ALD-MGS,critical,unspecified
"Can you schedule block section telephone repair on Ghaziabad section tonight in the afternoon, minor",st,NDLS-MTJ,low,afternoon
"Kindly need traction transformer check on the Delhi-Mathura corridor in 3 days early morning, high priority",trd,NDLS-MTJ,high,early_morning
Kindly schedule a 1h deep screening tonight in the evening on near New Delhi,engg,NDLS-MTJ,medium,evening
"track tamping on MTJ-AGC in the morning , important a 1h",engg,MTJ-AGC,high,morning
"Requesting to a 4h telecom cable repair on NDLS-MTJ in 3 days during the morning, as soon as possible",st,NDLS-MTJ,high,morning
Please schedule a quick track circuit fault in 3 days in the evening on the Kanpur-Prayagraj stretch,engg,CNB-ALD,medium,evening
"need rail grinding on Agra Cantt section in 3 days early morning, priority",engg,MTJ-AGC,high,early_morning
"schedule a 2h traction transformer check in 3 days before dawn on the Bhopal-Itarsi stretch, high priority",trd,BPL-ET,high,early_morning
"Please schedule OHE inspection in the evening on near Kanpur, minor",trd,CNB-ALD,low,evening
"a 1h signal cable inspection on MTJ-AGC day after tomorrow during the morning, whenever convenient",st,MTJ-AGC,low,morning
"plan point machine repair on near Prayagraj before dawn next monday, asap",st,ALD-MGS,critical,early_morning
"ballast renewal on Prayagraj section early morning , top priority a 2h next wednesday",engg,CNB-ALD,critical,early_morning
Minor point machine repair required near near Kanpur in a week in the pre-dawn hours,st,CNB-ALD,low,early_morning
"Please a quick signal cable inspection on New Delhi to Mathura next wednesday in the afternoon, asap",st,NDLS-MTJ,critical,afternoon
deep screening on Allahabad to Mughalsarai before dawn a 1h,engg,ALD-MGS,medium,early_morning
rail fracture repair on Agra to Kanpur overnight a 2h today,engg,AGC-CNB,medium,night
rail fracture repair required near ALD-MGS next thursday,engg,ALD-MGS,medium,unspecified
Requesting to need circuit breaker testing on Bhopal to Itarsi next monday in the evening,trd,BPL-ET,medium,evening
"plan ballast renewal on the Delhi-Mathura corridor this weekend, as soon as possible",engg,NDLS-MTJ,high,unspecified
"We need to plan track patrolling on near New Delhi in the midnight window next wednesday, whenever convenient",engg,NDLS-MTJ,low,night
"schedule a 3h track tamping in a week overnight on Mathura to Agra, minor",engg,MTJ-AGC,low,night
Requesting to plan relay room maintenance on the Bhopal-Itarsi stretch in the morning next thursday,st,BPL-ET,medium,morning
"We need to schedule a quick route relay interlocking check this weekend during the morning on the Prayagraj-Mughalsarai stretch, important",st,ALD-MGS,high,morning
Please need signal failure attention on MTJ-AGC next saturday in the afternoon,st,MTJ-AGC,medium,afternoon
Please schedule a 3h axle counter testing tonight during the evening on near Bhopal,st,BPL-ET,medium,evening
"track circuit fault on AGC-CNB before dawn , asap a quick this weekend",engg,AGC-CNB,critical,early_morning
"point machine repair on Kanpur Central section in the pre-dawn hours , priority a 2h in 3 days",st,AGC-CNB,high,early_morning
"Please plan rail fracture repair on Mathura to Agra overnight next friday, as soon as possible",engg,MTJ-AGC,high,night
Whenever convenient broken rail repair required near the Delhi-Mathura corridor next wednesday in the pre-dawn hours,engg,NDLS-MTJ,low,early_morning
Asap signal maintenance required near near Agra tomorrow during the morning,st,AGC-CNB,critical,morning
"Please need signal circuit testing on NDLS-MTJ next friday at night, high priority",st,NDLS-MTJ,high,night
"Can you schedule schedule sleeper replacement today during the morning on Allahabad to Mughalsarai, important",engg,ALD-MGS,high,morning
"Requesting to a 2 hour block section telephone repair on New Delhi-Ghaziabad stretch next wednesday late at night, immediately",st,NDLS-MTJ,critical,night
Top priority signal cable inspection required near Kanpur Central section in a week,st,AGC-CNB,critical,unspecified
Can you schedule need block section telephone repair on Agra Cantt section,st,MTJ-AGC,medium,unspecified
Requesting to schedule a 2 hour rail welding repair in a week in the midnight window on Mathura to Agra,engg,MTJ-AGC,medium,night
"Can you schedule need rail joint repair on New Delhi to Mathura next saturday at night, priority",engg,NDLS-MTJ,high,night
Kindly need route relay interlocking check on Ghaziabad section today in the pre-dawn hours,st,NDLS-MTJ,medium,early_morning
"Can you schedule need interlocking check on Bhopal to Itarsi next saturday during the afternoon, low priority",st,BPL-ET,low,afternoon
"need signal cable inspection on Ghaziabad section tonight during the evening, as soon as possible",st,NDLS-MTJ,high,evening
We need to plan signal failure attention on Ghaziabad section in the midnight window,st,NDLS-MTJ,medium,night
power supply inspection required near Mathura to Agra day after tomorrow late at night,trd,MTJ-AGC,medium,night
"Kindly schedule a 2 hour block instrument check next monday before dawn on AGC-CNB, low priority",st,AGC-CNB,low,early_morning
Kindly plan auto tensioning device check on the Kanpur-Prayagraj stretch in the evening tonight,trd,CNB-ALD,medium,evening
"We need to schedule a 4h route relay interlocking check day after tomorrow in the evening on Agra Cantt section, priority",st,MTJ-AGC,high,evening
"Please plan sleeper replacement on near Kanpur at night next friday, top priority",engg,CNB-ALD,critical,night
Please need signal circuit testing on Kanpur Central section this weekend in the midnight window,st,AGC-CNB,medium,night
"We need to a 4h power supply inspection on NDLS-MTJ day after tomorrow in the evening, priority",trd,NDLS-MTJ,high,evening
"Kindly need relay room maintenance on Itarsi section next thursday before dawn, an emergency",st,BPL-ET,critical,early_morning
Routine rail welding repair required near Ghaziabad section in a week during the evening,engg,NDLS-MTJ,low,evening
"signal cable inspection on Kanpur to Allahabad in the afternoon , low priority a 4h next monday",st,CNB-ALD,low,afternoon
"Please plan sleeper replacement on the Agra-Kanpur stretch before dawn next wednesday, urgent",engg,AGC-CNB,critical,early_morning
track inspection required near near Prayagraj next saturday,engg,ALD-MGS,medium,unspecified
"Requesting to schedule a 1h rail grinding overnight on near Mathura, whenever convenient",engg,MTJ-AGC,low,night
"block instrument check on the Kanpur-Prayagraj stretch in the midnight window , important a 4h next wednesday",st,CNB-ALD,high,night
Asap track inspection required near Prayagraj section this weekend early morning,engg,CNB-ALD,critical,early_morning
Asap optical fiber repair required near near Bhopal next thursday in the midnight window,st,BPL-ET,critical,night
"Please need axle counter testing on near Prayagraj next friday in the afternoon, immediately",st,ALD-MGS,critical,afternoon
"Kindly a 4h auto tensioning device check on the Mathura-Agra stretch in 3 days overnight, whenever convenient",trd,MTJ-AGC,low,night
"Requesting to plan OHE wire tensioning on the Agra-Kanpur stretch in the midnight window, important",trd,AGC-CNB,high,night
"Please a 1h signal failure attention on BPL-ET next tuesday in the midnight window, whenever convenient",st,BPL-ET,low,night
"Can you schedule plan track geometry check on the Mathura-Agra stretch in the pre-dawn hours next friday, immediately",engg,MTJ-AGC,critical,early_morning
"Kindly schedule a 4h rail joint repair next tuesday late at night on the Prayagraj-Mughalsarai stretch, priority",engg,ALD-MGS,high,night
Asap rail welding repair required near Ghaziabad section next friday during the afternoon,engg,NDLS-MTJ,critical,afternoon
"pantograph inspection on MTJ-AGC late at night , important a 2h next monday",trd,MTJ-AGC,high,night
We need to plan traction transformer check on NDLS-MTJ during the evening next wednesday,trd,NDLS-MTJ,medium,evening
"Can you schedule schedule a 3h rail fracture repair day after tomorrow overnight on near Prayagraj, low priority",engg,ALD-MGS,low,night
axle counter testing on the Prayagraj-Mughalsarai stretch late at night a quick in 3 days,st,ALD-MGS,medium,night
"traction substation check on the Kanpur-Prayagraj stretch in the afternoon , immediately a 4h next tuesday",trd,CNB-ALD,critical,afternoon
Kindly plan signal circuit testing on MTJ-AGC in the midnight window next saturday,st,MTJ-AGC,medium,night
"a quick OHE wire tensioning on the Mathura-Agra stretch next wednesday late at night, an emergency",trd,MTJ-AGC,critical,night
"plan signal maintenance on Allahabad to Mughalsarai in the midnight window, minor",st,ALD-MGS,low,night
"Please plan insulator cleaning on the Delhi-Mathura corridor before dawn tonight, immediately",trd,NDLS-MTJ,critical,early_morning
Can you schedule plan level crossing signal check on near Mathura at night next wednesday,st,MTJ-AGC,medium,night
"We need to plan power supply inspection on the Agra-Kanpur stretch today, priority",trd,AGC-CNB,high,unspecified
"Please a 2 hour track geometry check on ALD-MGS next tuesday before dawn, routine",engg,ALD-MGS,low,early_morning
"Requesting to schedule OHE inspection next wednesday in the evening on Allahabad to Mughalsarai, critical",trd,ALD-MGS,critical,evening
axle counter testing on near Bhopal before dawn a 3h in 3 days,st,BPL-ET,medium,early_morning
catenary wire repair on near Bhopal at night tonight,trd,BPL-ET,medium,night
Can you schedule a 2 hour signal failure attention on Bhopal to Itarsi tomorrow,st,BPL-ET,medium,unspecified
"Kindly plan traction substation check on Mathura to Agra early morning tonight, minor",trd,MTJ-AGC,low,early_morning
"Kindly schedule a 1h signal cable inspection on BPL-ET, priority",st,BPL-ET,high,unspecified
"We need to need telecom cable repair on near Mathura this weekend in the morning, an emergency",st,MTJ-AGC,critical,morning
"OHE snag rectification on New Delhi-Ghaziabad stretch in the morning , minor a quick tomorrow",trd,NDLS-MTJ,low,morning
"Can you schedule need block section telephone repair on the Prayagraj-Mughalsarai stretch next wednesday during the morning, high priority",st,ALD-MGS,high,morning
Important route relay interlocking check required near Prayagraj section next tuesday early morning,st,CNB-ALD,high,early_morning
"Can you schedule need optical fiber repair on the Prayagraj-Mughalsarai stretch tonight in the evening, minor",st,ALD-MGS,low,evening
"We need to schedule a 3h auto tensioning device check next friday in the morning on Kanpur to Allahabad, high priority",trd,CNB-ALD,high,morning
"We need to plan track geometry check on the Prayagraj-Mughalsarai stretch during the afternoon next tuesday, high priority",engg,ALD-MGS,high,afternoon
overhead line repair on Mathura to Agra in the evening a 4h next friday,trd,MTJ-AGC,medium,evening
"We need to plan feeder cable maintenance on near Mathura during the evening this weekend, whenever convenient",trd,MTJ-AGC,low,evening
plan bridge inspection on CNB-ALD before dawn next thursday,engg,CNB-ALD,medium,early_morning
schedule a 3h optical fiber repair in 3 days in the evening on MTJ-AGC,st,MTJ-AGC,medium,evening
"track geometry check on NDLS-MTJ during the morning , urgent a 4h",engg,NDLS-MTJ,critical,morning
"signal cable inspection on the Mathura-Agra stretch , an emergency in a week",st,MTJ-AGC,critical,unspecified
"We need to need traction substation check on near Mathura in 3 days in the pre-dawn hours, urgent",trd,MTJ-AGC,critical,early_morning
Low priority formation strengthening required near the Bhopal-Itarsi stretch next saturday in the midnight window,engg,BPL-ET,low,night
Please schedule a 3h point machine repair in the morning on Bhopal to Itarsi,st,BPL-ET,medium,morning
"Can you schedule plan block section telephone repair on MTJ-AGC in the afternoon next friday, whenever convenient",st,MTJ-AGC,low,afternoon
"a 1h point machine repair on the Prayagraj-Mughalsarai stretch next thursday during the morning, top priority",st,ALD-MGS,critical,morning
Immediately signal circuit testing required near Agra to Kanpur next tuesday during the evening,st,AGC-CNB,critical,evening
We need to need traction motor check on Kanpur to Allahabad in 3 days in the morning,trd,CNB-ALD,medium,morning
"Can you schedule need track patrolling on near Mathura next wednesday, high priority",engg,MTJ-AGC,high,unspecified
Whenever convenient interlocking check required near NDLS-MTJ next saturday in the afternoon,st,NDLS-MTJ,low,afternoon
"Requesting to need signal maintenance on Agra Cantt section, asap",st,MTJ-AGC,critical,unspecified
Asap traction transformer check required near the Prayagraj-Mughalsarai stretch next wednesday in the pre-dawn hours,trd,ALD-MGS,critical,early_morning
Can you schedule a 3h track tamping on Agra to Kanpur day after tomorrow during the morning,engg,AGC-CNB,medium,morning
"Kindly a 1h relay room maintenance on CNB-ALD in 3 days in the afternoon, non-urgent",st,CNB-ALD,low,afternoon
Requesting to a 2 hour track patrolling on Prayagraj section in 3 days in the evening,engg,CNB-ALD,medium,evening
"Can you schedule need insulator cleaning on AGC-CNB in a week, low priority",trd,AGC-CNB,low,unspecified
"Kindly plan rail grinding on Kanpur Central section at night next thursday, as soon as possible",engg,AGC-CNB,high,night
"We need to need bridge inspection on the Agra-Kanpur stretch next monday, top priority",engg,AGC-CNB,critical,unspecified
route relay interlocking check required near the Pandit Deen Dayal Upadhyaya Jn section next tuesday in the evening,st,ALD-MGS,medium,evening
"Kindly need signal maintenance on near New Delhi this weekend early morning, asap",st,NDLS-MTJ,critical,early_morning
"sleeper replacement on AGC-CNB early morning , important a 3h in 3 days",engg,AGC-CNB,high,early_morning
"Can you schedule plan deep screening on Prayagraj section in the pre-dawn hours next monday, high priority",engg,CNB-ALD,high,early_morning
"Kindly schedule a 2 hour signal circuit testing tonight in the evening on AGC-CNB, non-urgent",st,AGC-CNB,low,evening
"Please schedule a 3h traction transformer check this weekend on AGC-CNB, minor",trd,AGC-CNB,low,unspecified
"Kindly need feeder cable maintenance on Kanpur Central section next friday late at night, important",trd,AGC-CNB,high,night
"Please a 3h sleeper replacement on ALD-MGS in the midnight window, whenever convenient",engg,ALD-MGS,low,night
"a 1h traction transformer check on the Delhi-Mathura corridor in a week, asap",trd,NDLS-MTJ,critical,unspecified
"Can you schedule need rail joint repair on Agra Cantt section next thursday overnight, routine",engg,MTJ-AGC,low,night
"OHE inspection on Agra to Kanpur in the pre-dawn hours , low priority today",trd,AGC-CNB,low,early_morning
"signal maintenance on Kanpur Central section overnight , important a 3h tomorrow",st,AGC-CNB,high,night
plan rail welding repair on near Kanpur during the morning this weekend,engg,CNB-ALD,medium,morning
"plan OHE wire tensioning on Mathura to Agra overnight next tuesday, immediately",trd,MTJ-AGC,critical,night
We need to schedule a 1h traction motor check next tuesday during the afternoon on Bhopal to Itarsi,trd,BPL-ET,medium,afternoon
Routine bridge inspection required near the Bhopal-Itarsi stretch in the morning,engg,BPL-ET,low,morning
"We need to a 3h track patrolling on near Prayagraj in a week during the morning, critical",engg,ALD-MGS,critical,morning
Routine formation strengthening required near the Kanpur-Prayagraj stretch next tuesday in the morning,engg,CNB-ALD,low,morning
axle counter testing on CNB-ALD in the pre-dawn hours a 4h next thursday,st,CNB-ALD,medium,early_morning
"schedule a 3h overhead line repair in the pre-dawn hours on AGC-CNB, urgent",trd,AGC-CNB,critical,early_morning
"Kindly need broken rail repair on Bhopal to Itarsi in the morning, critical",engg,BPL-ET,critical,morning
plan track patrolling on Agra Cantt section tomorrow,engg,MTJ-AGC,medium,unspecified
"We need to need auto tensioning device check on Agra Cantt section during the evening, urgent",trd,MTJ-AGC,critical,evening
block instrument check on near Bhopal a 2h,st,BPL-ET,medium,unspecified
power supply inspection on near Agra in the evening a 3h today,trd,AGC-CNB,medium,evening
"Kindly need traction substation check on the Bhopal-Itarsi stretch next thursday, minor",trd,BPL-ET,low,unspecified
"We need to a 3h signal cable inspection on Kanpur to Allahabad next wednesday early morning, as soon as possible",st,CNB-ALD,high,early_morning
"Please need route relay interlocking check on Prayagraj section in 3 days in the afternoon, critical",st,CNB-ALD,critical,afternoon
"We need to a 2 hour overhead line repair on Ghaziabad section in 3 days in the afternoon, an emergency",trd,NDLS-MTJ,critical,afternoon
Requesting to a 1h track tamping on AGC-CNB next monday at night,engg,AGC-CNB,medium,night
"Kindly plan rail welding repair on MTJ-AGC overnight next tuesday, whenever convenient",engg,MTJ-AGC,low,night
"Please plan optical fiber repair on near New Delhi during the morning today, important",st,NDLS-MTJ,high,morning
Requesting to need block instrument check on the Kanpur-Prayagraj stretch day after tomorrow,st,CNB-ALD,medium,unspecified
"plan rail fracture repair on near Bhopal overnight this weekend, non-urgent",engg,BPL-ET,low,night
"We need to plan traction substation check on the Bhopal-Itarsi stretch in a week, whenever convenient",trd,BPL-ET,low,unspecified
Asap track geometry check required near Kanpur Central section next monday early morning,engg,AGC-CNB,critical,early_morning
"We need to a 4h signal circuit testing on the Bhopal-Itarsi stretch next monday in the evening, whenever convenient",st,BPL-ET,low,evening
"track tamping on Itarsi section during the evening , routine a quick tomorrow",engg,BPL-ET,low,evening
"Please schedule a 1h deep screening next wednesday during the morning on Mathura to Agra, asap",engg,MTJ-AGC,critical,morning
"We need to need track patrolling on the Bhopal-Itarsi stretch tomorrow, low priority",engg,BPL-ET,low,unspecified
As soon as possible signal maintenance required near the Mathura-Agra stretch in a week early morning,st,MTJ-AGC,high,early_morning
Requesting to schedule a 3h auto tensioning device check tomorrow during the afternoon on Allahabad to Mughalsarai,trd,ALD-MGS,medium,afternoon
"plan track patrolling on near Prayagraj early morning next saturday, high priority",engg,ALD-MGS,high,early_morning
"Please plan rail grinding on BPL-ET in the evening tomorrow, immediately",engg,BPL-ET,critical,evening
Can you schedule schedule a 3h block instrument check next friday on Mathura to Agra,st,MTJ-AGC,medium,unspecified
Requesting to need OHE inspection on Itarsi section in a week overnight,trd,BPL-ET,medium,night
"Please a 3h formation strengthening on CNB-ALD tomorrow in the afternoon, minor",engg,CNB-ALD,low,afternoon
track inspection on Itarsi section in the pre-dawn hours a 1h tonight,engg,BPL-ET,medium,early_morning
Whenever convenient OHE snag rectification required near Mathura to Agra tomorrow during the afternoon,trd,MTJ-AGC,low,afternoon
"We need to a quick insulator cleaning on BPL-ET during the morning, whenever convenient",trd,BPL-ET,low,morning
"Please plan sleeper replacement on AGC-CNB overnight next friday, priority",engg,AGC-CNB,high,night
Requesting to need OHE snag rectification on Agra to Kanpur next saturday,trd,AGC-CNB,medium,unspecified
Kindly plan OHE inspection on Agra Cantt section next wednesday,trd,MTJ-AGC,medium,unspecified
"Please a 2 hour track geometry check on Prayagraj section in a week in the evening, as soon as possible",engg,CNB-ALD,high,evening
"track tamping on Itarsi section , as soon as possible a 2h in 3 days",engg,BPL-ET,high,unspecified
Please a 3h rail grinding on the Pandit Deen Dayal Upadhyaya Jn section next saturday during the evening,engg,ALD-MGS,medium,evening
"need feeder cable maintenance on the Prayagraj-Mughalsarai stretch in a week during the evening, non-urgent",trd,ALD-MGS,low,evening
"need traction transformer check on the Pandit Deen Dayal Upadhyaya Jn section in a week, asap",trd,ALD-MGS,critical,unspecified
"traction transformer check on Bhopal to Itarsi during the afternoon , priority a 1h tomorrow",trd,BPL-ET,high,afternoon
"deep screening on Kanpur Central section late at night , critical a 3h this weekend",engg,AGC-CNB,critical,night
"Please need OHE snag rectification on BPL-ET next thursday during the evening, an emergency",trd,BPL-ET,critical,evening
"Can you schedule plan track inspection on BPL-ET in the afternoon tonight, priority",engg,BPL-ET,high,afternoon
"Requesting to plan pantograph inspection on near Kanpur during the morning this weekend, important",trd,CNB-ALD,high,morning
"circuit breaker testing on the Delhi-Mathura corridor before dawn , important a 4h next thursday",trd,NDLS-MTJ,high,early_morning
signal maintenance on the Agra-Kanpur stretch in the afternoon a 4h next tuesday,st,AGC-CNB,medium,afternoon
Can you schedule plan track patrolling on near Bhopal during the morning this weekend,engg,BPL-ET,medium,morning
signal cable inspection required near New Delhi-Ghaziabad stretch next friday,st,NDLS-MTJ,medium,unspecified
"We need to a 1h formation strengthening on the Bhopal-Itarsi stretch tonight during the evening, high priority",engg,BPL-ET,high,evening
"a 1h track circuit fault on ALD-MGS next tuesday in the midnight window, priority",engg,ALD-MGS,high,night
"Requesting to plan telecom cable repair on near Agra during the afternoon next monday, non-urgent",st,AGC-CNB,low,afternoon
"We need to need telecom cable repair on near Agra day after tomorrow late at night, minor",st,AGC-CNB,low,night
"Please need track inspection on Ghaziabad section in 3 days during the evening, minor",engg,NDLS-MTJ,low,evening
"Please schedule OHE inspection next monday during the morning on AGC-CNB, whenever convenient",trd,AGC-CNB,low,morning
"Please schedule block section telephone repair day after tomorrow during the evening on near Agra, asap",st,AGC-CNB,critical,evening
"We need to a 2h sleeper replacement on the Kanpur-Prayagraj stretch in a week in the evening, routine",engg,CNB-ALD,low,evening
"Kindly schedule a 2h traction substation check next friday early morning on CNB-ALD, priority",trd,CNB-ALD,high,early_morning
"Can you schedule plan sleeper replacement on Itarsi section overnight this weekend, critical",engg,BPL-ET,critical,night
plan insulator cleaning on MTJ-AGC before dawn next saturday,trd,MTJ-AGC,medium,early_morning
"Kindly need signal circuit testing on the Delhi-Mathura corridor tonight during the afternoon, non-urgent",st,NDLS-MTJ,low,afternoon
"Kindly need sleeper replacement on AGC-CNB next thursday during the afternoon, as soon as possible",engg,AGC-CNB,high,afternoon
"rail welding repair on near Mathura in the morning , whenever convenient a 2h next friday",engg,MTJ-AGC,low,morning
"We need to a 4h feeder cable maintenance on near Prayagraj tonight in the evening, an emergency",trd,ALD-MGS,critical,evening
need track patrolling on near Prayagraj in 3 days,engg,ALD-MGS,medium,unspecified
Please a 2h power supply inspection on near Mathura in a week in the afternoon,trd,MTJ-AGC,medium,afternoon
"Can you schedule need rail fracture repair on the Pandit Deen Dayal Upadhyaya Jn section next wednesday during the morning, whenever convenient",engg,ALD-MGS,low,morning
"Can you schedule plan rail joint repair on AGC-CNB tomorrow, minor",engg,AGC-CNB,low,unspecified
"Please schedule a 2 hour catenary wire repair next friday in the morning on near Prayagraj, non-urgent",trd,ALD-MGS,low,morning
"OHE snag rectification on Mathura to Agra , routine a 3h this weekend",trd,MTJ-AGC,low,unspecified
Whenever convenient OHE snag rectification required near Agra to Kanpur next thursday during the afternoon,trd,AGC-CNB,low,afternoon
"Requesting to a 4h track patrolling on Ghaziabad section next saturday in the evening, low priority",engg,NDLS-MTJ,low,evening
Non-urgent interlocking check required near ALD-MGS day after tomorrow in the evening,st,ALD-MGS,low,evening
Please schedule a 1h block section telephone repair next tuesday in the evening on the Agra-Kanpur stretch,st,AGC-CNB,medium,evening
Routine route relay interlocking check required near Mathura to Agra tonight in the afternoon,st,MTJ-AGC,low,afternoon
"Requesting to plan auto tensioning device check on ALD-MGS during the afternoon in a week, top priority",trd,ALD-MGS,critical,afternoon
OHE wire tensioning on CNB-ALD during the afternoon a 2h this weekend,trd,CNB-ALD,medium,afternoon
Can you schedule plan signal cable inspection on near Kanpur in the evening in a week,st,CNB-ALD,medium,evening
"need OHE wire tensioning on Ghaziabad section next monday in the evening, priority",trd,NDLS-MTJ,high,evening
Can you schedule schedule a 2 hour optical fiber repair tonight during the evening on the Delhi-Mathura corridor,st,NDLS-MTJ,medium,evening
"Please a quick pantograph inspection on the Prayagraj-Mughalsarai stretch in the pre-dawn hours, whenever convenient",trd,ALD-MGS,low,early_morning
"Please circuit breaker testing on CNB-ALD next saturday during the evening, important",trd,CNB-ALD,high,evening
"Can you schedule a quick OHE snag rectification on the Bhopal-Itarsi stretch next thursday in the morning, top priority",trd,BPL-ET,critical,morning
"formation strengthening on the Prayagraj-Mughalsarai stretch in the evening , routine a quick in a week",engg,ALD-MGS,low,evening
Urgent signal maintenance required near Prayagraj section next friday in the midnight window,st,CNB-ALD,critical,night
"Requesting to plan deep screening on Allahabad to Mughalsarai in the evening tomorrow, non-urgent",engg,ALD-MGS,low,evening
Routine auto tensioning device check required near near Kanpur next monday in the pre-dawn hours,trd,CNB-ALD,low,early_morning
"relay room maintenance on the Prayagraj-Mughalsarai stretch , non-urgent a 2h tomorrow",st,ALD-MGS,low,unspecified
"Kindly need signal maintenance on Prayagraj section tomorrow in the pre-dawn hours, high priority",st,CNB-ALD,high,early_morning
Requesting to a 1h signal circuit testing on New Delhi-Ghaziabad stretch next monday,st,NDLS-MTJ,medium,unspecified
"Kindly need circuit breaker testing on the Prayagraj-Mughalsarai stretch day after tomorrow, as soon as possible",trd,ALD-MGS,high,unspecified
"insulator cleaning on MTJ-AGC overnight , an emergency next wednesday",trd,MTJ-AGC,critical,night
need broken rail repair on Mathura to Agra next thursday before dawn,engg,MTJ-AGC,medium,early_morning
Top priority OHE snag rectification required near the Kanpur-Prayagraj stretch in a week in the midnight window,trd,CNB-ALD,critical,night
OHE inspection required near Mathura to Agra next thursday during the morning,trd,MTJ-AGC,medium,morning
"a quick optical fiber repair on AGC-CNB day after tomorrow, priority",st,AGC-CNB,high,unspecified
Please a 4h axle counter testing on the Mathura-Agra stretch next thursday before dawn,st,MTJ-AGC,medium,early_morning
"Please a 2 hour optical fiber repair on near Kanpur next saturday in the evening, low priority",st,CNB-ALD,low,evening
"overhead line repair on Allahabad to Mughalsarai in the evening , critical a 3h next monday",trd,ALD-MGS,critical,evening
"Requesting to need pantograph inspection on Bhopal to Itarsi today before dawn, important",trd,BPL-ET,high,early_morning
"Kindly need sleeper replacement on near Agra next wednesday in the afternoon, priority",engg,AGC-CNB,high,afternoon
"Requesting to plan block section telephone repair on near Kanpur next monday, low priority",st,CNB-ALD,low,unspecified
"We need to level crossing signal check on AGC-CNB next tuesday, minor",st,AGC-CNB,low,unspecified
"Can you schedule a 3h signal maintenance on Mathura to Agra next tuesday, asap",st,MTJ-AGC,critical,unspecified
"auto tensioning device check on AGC-CNB during the morning , as soon as possible a 4h next tuesday",trd,AGC-CNB,high,morning
"pantograph inspection on Allahabad to Mughalsarai in the morning , whenever convenient a 1h this weekend",trd,ALD-MGS,low,morning
"Requesting to need sleeper replacement on near Kanpur next tuesday late at night, important",engg,CNB-ALD,high,night
Low priority OHE inspection required near the Prayagraj-Mughalsarai stretch next tuesday late at night,trd,ALD-MGS,low,night
"deep screening on Itarsi section in the afternoon , whenever convenient a 1h",engg,BPL-ET,low,afternoon
"Please need axle counter testing on Agra to Kanpur next saturday early morning, critical",st,AGC-CNB,critical,early_morning
Critical power supply inspection required near ALD-MGS next tuesday,trd,ALD-MGS,critical,unspecified
"Requesting to need telecom cable repair on ALD-MGS next monday in the afternoon, immediately",st,ALD-MGS,critical,afternoon
Kindly a 1h block section telephone repair on CNB-ALD tomorrow late at night,st,CNB-ALD,medium,night
"plan block instrument check on near Kanpur before dawn in a week, minor",st,CNB-ALD,low,early_morning
"We need to plan axle counter testing on Kanpur to Allahabad overnight this weekend, low priority",st,CNB-ALD,low,night
"Kindly a quick traction motor check on the Agra-Kanpur stretch next tuesday during the afternoon, important",trd,AGC-CNB,high,afternoon
"Kindly need optical fiber repair on NDLS-MTJ this weekend late at night, as soon as possible",st,NDLS-MTJ,high,night
We need to schedule a 2 hour track patrolling next thursday on Bhopal to Itarsi,engg,BPL-ET,medium,unspecified
"Kindly need sleeper replacement on Allahabad to Mughalsarai tomorrow in the afternoon, an emergency",engg,ALD-MGS,critical,afternoon
a 2h signal cable inspection on BPL-ET tonight in the morning,st,BPL-ET,medium,morning
"Requesting to a 1h route relay interlocking check on the Pandit Deen Dayal Upadhyaya Jn section today in the morning, non-urgent",st,ALD-MGS,low,morning
We need to a 2 hour signal maintenance on near Prayagraj next saturday during the afternoon,st,ALD-MGS,medium,afternoon
feeder cable maintenance required near New Delhi-Ghaziabad stretch this weekend at night,trd,NDLS-MTJ,medium,night
An emergency rail fracture repair required near Agra to Kanpur day after tomorrow at night,engg,AGC-CNB,critical,night
"a 2 hour overhead line repair on MTJ-AGC next thursday in the evening, immediately",trd,MTJ-AGC,critical,evening
We need to a quick OHE wire tensioning on the Kanpur-Prayagraj stretch next monday in the morning,trd,CNB-ALD,medium,morning
"Requesting to a quick signal circuit testing on ALD-MGS tomorrow in the evening, priority",st,ALD-MGS,high,evening
"schedule a 1h block instrument check tonight at night on Mathura to Agra, immediately",st,MTJ-AGC,critical,night
"Requesting to a 2h overhead line repair on near Agra tonight in the morning, top priority",trd,AGC-CNB,critical,morning
"need rail grinding on MTJ-AGC today in the afternoon, whenever convenient",engg,MTJ-AGC,low,afternoon
"route relay interlocking check on the Prayagraj-Mughalsarai stretch in the midnight window , high priority a 1h next tuesday",st,ALD-MGS,high,night
"Can you schedule schedule a 1h catenary wire repair next monday at night on Mathura to Agra, as soon as possible",trd,MTJ-AGC,high,night
rail joint repair on MTJ-AGC in the pre-dawn hours,engg,MTJ-AGC,medium,early_morning
"Can you schedule a 1h OHE snag rectification on NDLS-MTJ tomorrow during the morning, critical",trd,NDLS-MTJ,critical,morning
Please schedule a quick track tamping today during the evening on Bhopal to Itarsi,engg,BPL-ET,medium,evening
Please need track patrolling on near Prayagraj next monday,engg,ALD-MGS,medium,unspecified
Can you schedule plan sleeper replacement on near Kanpur in the afternoon tonight,engg,CNB-ALD,medium,afternoon
"signal cable inspection on near Mathura , high priority a 2 hour tomorrow",st,MTJ-AGC,high,unspecified
Please need circuit breaker testing on Bhopal to Itarsi next wednesday in the pre-dawn hours,trd,BPL-ET,medium,early_morning
"Can you schedule a 2h block section telephone repair on near New Delhi in a week during the afternoon, priority",st,NDLS-MTJ,high,afternoon
We need to need relay room maintenance on Kanpur to Allahabad next friday,st,CNB-ALD,medium,unspecified
"We need to need rail grinding on near Kanpur tonight during the afternoon, important",engg,CNB-ALD,high,afternoon
"signal cable inspection on near Bhopal in the pre-dawn hours , as soon as possible a 4h next friday",st,BPL-ET,high,early_morning
point machine repair required near the Bhopal-Itarsi stretch tomorrow before dawn,st,BPL-ET,medium,early_morning
catenary wire repair on AGC-CNB late at night a 2 hour next saturday,trd,AGC-CNB,medium,night
"We need to plan axle counter testing on the Bhopal-Itarsi stretch in the morning next saturday, as soon as possible",st,BPL-ET,high,morning
"Can you schedule schedule a 4h level crossing signal check next tuesday in the afternoon on Itarsi section, high priority",st,BPL-ET,high,afternoon
"optical fiber repair on the Kanpur-Prayagraj stretch in the afternoon , high priority a quick next monday",st,CNB-ALD,high,afternoon
"We need to schedule traction substation check tomorrow at night on Ghaziabad section, priority",trd,NDLS-MTJ,high,night
Low priority point machine repair required near CNB-ALD day after tomorrow at night,st,CNB-ALD,low,night
"schedule a 1h level crossing signal check next friday on BPL-ET, priority",st,BPL-ET,high,unspecified
Kindly schedule a 4h rail grinding next monday in the afternoon on Kanpur to Allahabad,engg,CNB-ALD,medium,afternoon
"Please plan power supply inspection on Bhopal to Itarsi during the morning tomorrow, minor",trd,BPL-ET,low,morning
Kindly plan rail welding repair on the Mathura-Agra stretch before dawn in a week,engg,MTJ-AGC,medium,early_morning
Priority traction substation check required near BPL-ET this weekend,trd,BPL-ET,high,unspecified
"Please plan deep screening on Prayagraj section tomorrow, immediately",engg,CNB-ALD,critical,unspecified
"Requesting to schedule a 2 hour track inspection today in the morning on Ghaziabad section, critical",engg,NDLS-MTJ,critical,morning
"Kindly schedule a 2h power supply inspection tomorrow early morning on the Agra-Kanpur stretch, urgent",trd,AGC-CNB,critical,early_morning
"Can you schedule plan signal circuit testing on Prayagraj section in the evening day after tomorrow, as soon as possible",st,CNB-ALD,high,evening
"a 1h pantograph inspection on New Delhi-Ghaziabad stretch next friday during the afternoon, urgent",trd,NDLS-MTJ,critical,afternoon
"need level crossing signal check on NDLS-MTJ in 3 days in the morning, routine",st,NDLS-MTJ,low,morning
"Requesting to catenary wire repair on New Delhi to Mathura next thursday in the midnight window, whenever convenient",trd,NDLS-MTJ,low,night
Requesting to need power supply inspection on New Delhi to Mathura day after tomorrow late at night,trd,NDLS-MTJ,medium,night
"level crossing signal check on Agra to Kanpur in the morning , critical a 2 hour today",st,AGC-CNB,critical,morning
"a 2 hour optical fiber repair on BPL-ET next thursday late at night, non-urgent",st,BPL-ET,low,night
"Requesting to a quick signal failure attention on CNB-ALD tonight late at night, immediately",st,CNB-ALD,critical,night
"OHE wire tensioning on AGC-CNB in the afternoon , as soon as possible a 3h tonight",trd,AGC-CNB,high,afternoon
"rail grinding on NDLS-MTJ , priority a 1h next monday",engg,NDLS-MTJ,high,unspecified
Whenever convenient broken rail repair required near Allahabad to Mughalsarai next wednesday during the evening,engg,ALD-MGS,low,evening
"deep screening on New Delhi to Mathura , urgent a 3h day after tomorrow",engg,NDLS-MTJ,critical,unspecified
"Kindly a 2h interlocking check on near Prayagraj today, important",st,ALD-MGS,high,unspecified
track patrolling required near MTJ-AGC next tuesday in the morning,engg,MTJ-AGC,medium,morning
"Kindly schedule a 1h catenary wire repair next monday during the morning on CNB-ALD, non-urgent",trd,CNB-ALD,low,morning
"circuit breaker testing on near Bhopal in the pre-dawn hours , urgent a 2h next monday",trd,BPL-ET,critical,early_morning
Can you schedule plan formation strengthening on Itarsi section during the afternoon next friday,engg,BPL-ET,medium,afternoon
feeder cable maintenance on NDLS-MTJ during the evening a 2 hour next tuesday,trd,NDLS-MTJ,medium,evening
axle counter testing required near near Agra next saturday before dawn,st,AGC-CNB,medium,early_morning
track geometry check required near Kanpur to Allahabad day after tomorrow in the morning,engg,CNB-ALD,medium,morning
We need to plan rail joint repair on NDLS-MTJ late at night,engg,NDLS-MTJ,medium,night
"a quick overhead line repair on near Mathura in 3 days during the evening, top priority",trd,MTJ-AGC,critical,evening
"Can you schedule schedule a 1h rail joint repair next wednesday in the morning on Prayagraj section, top priority",engg,CNB-ALD,critical,morning
"Requesting to schedule a quick rail welding repair in a week overnight on Kanpur to Allahabad, high priority",engg,CNB-ALD,high,night
"plan track tamping on the Mathura-Agra stretch in the pre-dawn hours tonight, important",engg,MTJ-AGC,high,early_morning
"Kindly relay room maintenance on Agra to Kanpur during the evening, as soon as possible",st,AGC-CNB,high,evening
"track patrolling on near Prayagraj late at night , non-urgent a quick next monday",engg,ALD-MGS,low,night
"Please schedule a 2 hour formation strengthening in 3 days before dawn on near Mathura, an emergency",engg,MTJ-AGC,critical,early_morning
"Requesting to need insulator cleaning on Allahabad to Mughalsarai next saturday in the morning, immediately",trd,ALD-MGS,critical,morning
"a 3h level crossing signal check on the Delhi-Mathura corridor tonight early morning, non-urgent",st,NDLS-MTJ,low,early_morning
Kindly schedule a 3h formation strengthening today before dawn on AGC-CNB,engg,AGC-CNB,medium,early_morning
OHE snag rectification on New Delhi-Ghaziabad stretch during the afternoon a 2 hour in 3 days,trd,NDLS-MTJ,medium,afternoon
"Please need catenary wire repair on ALD-MGS, high priority",trd,ALD-MGS,high,unspecified
"schedule a 1h level crossing signal check next saturday in the evening on BPL-ET, priority",st,BPL-ET,high,evening
need power supply inspection on Itarsi section next friday,trd,BPL-ET,medium,unspecified
"plan level crossing signal check on near Agra during the evening this weekend, minor",st,AGC-CNB,low,evening
"Kindly schedule a 2h point machine repair this weekend in the afternoon on ALD-MGS, non-urgent",st,ALD-MGS,low,afternoon
Immediately power supply inspection required near the Pandit Deen Dayal Upadhyaya Jn section next tuesday at night,trd,ALD-MGS,critical,night
track tamping required near near Kanpur next tuesday at night,engg,CNB-ALD,medium,night
"interlocking check on Agra Cantt section in the evening , an emergency a 2h tonight",st,MTJ-AGC,critical,evening
"We need to need sleeper replacement on Agra to Kanpur next saturday in the evening, whenever convenient",engg,AGC-CNB,low,evening
"block instrument check on Prayagraj section overnight , as soon as possible a 1h next saturday",st,CNB-ALD,high,night
"Kindly formation strengthening on Agra to Kanpur in 3 days in the evening, as soon as possible",engg,AGC-CNB,high,evening
"We need to plan route relay interlocking check on near Mathura during the morning tomorrow, top priority",st,MTJ-AGC,critical,morning
We need to plan bridge inspection on near Prayagraj in the morning next tuesday,engg,ALD-MGS,medium,morning
"Please schedule a quick signal maintenance tomorrow in the afternoon on near Mathura, as soon as possible",st,MTJ-AGC,high,afternoon
catenary wire repair on near Prayagraj early morning in a week,trd,ALD-MGS,medium,early_morning
"Please plan OHE snag rectification on the Mathura-Agra stretch overnight, low priority",trd,MTJ-AGC,low,night
"Please plan signal cable inspection on the Mathura-Agra stretch early morning next wednesday, immediately",st,MTJ-AGC,critical,early_morning
Please a quick track circuit fault on MTJ-AGC next thursday during the afternoon,engg,MTJ-AGC,medium,afternoon
Priority signal circuit testing required near the Mathura-Agra stretch next wednesday in the afternoon,st,MTJ-AGC,high,afternoon
"need ballast renewal on AGC-CNB tonight in the pre-dawn hours, high priority",engg,AGC-CNB,high,early_morning
"Can you schedule a 4h OHE snag rectification on AGC-CNB today in the midnight window, important",trd,AGC-CNB,high,night
"We need to a 3h deep screening on Mathura to Agra next wednesday in the evening, as soon as possible",engg,MTJ-AGC,high,evening
"We need to schedule OHE inspection next tuesday on NDLS-MTJ, critical",trd,NDLS-MTJ,critical,unspecified
Kindly a 3h track circuit fault on Kanpur Central section next monday overnight,engg,AGC-CNB,medium,night
"circuit breaker testing on the Prayagraj-Mughalsarai stretch overnight , important a quick in 3 days",trd,ALD-MGS,high,night
"Can you schedule a quick ballast renewal on Bhopal to Itarsi next wednesday, immediately",engg,BPL-ET,critical,unspecified
"Requesting to a quick telecom cable repair on near Kanpur before dawn, minor",st,CNB-ALD,low,early_morning
"pantograph inspection on Agra to Kanpur , urgent a 2 hour next wednesday",trd,AGC-CNB,critical,unspecified
"plan telecom cable repair on near New Delhi today, priority",st,NDLS-MTJ,high,unspecified
sleeper replacement on New Delhi-Ghaziabad stretch in the evening a 4h next tuesday,engg,NDLS-MTJ,medium,evening
"Requesting to plan OHE inspection on Mathura to Agra next tuesday, high priority",trd,MTJ-AGC,high,unspecified
"Please schedule a 1h circuit breaker testing tomorrow before dawn on Ghaziabad section, whenever convenient",trd,NDLS-MTJ,low,early_morning
Requesting to plan circuit breaker testing on the Delhi-Mathura corridor late at night next tuesday,trd,NDLS-MTJ,medium,night
Kindly schedule pantograph inspection today before dawn on the Bhopal-Itarsi stretch,trd,BPL-ET,medium,early_morning
"Kindly schedule a quick pantograph inspection next wednesday on MTJ-AGC, urgent",trd,MTJ-AGC,critical,unspecified
Important OHE snag rectification required near the Prayagraj-Mughalsarai stretch tomorrow,trd,ALD-MGS,high,unspecified
"optical fiber repair on the Bhopal-Itarsi stretch in the evening , whenever convenient a 2 hour tonight",st,BPL-ET,low,evening
"Kindly schedule interlocking check next friday during the afternoon on the Kanpur-Prayagraj stretch, priority",st,CNB-ALD,high,afternoon
"Kindly schedule a 2 hour catenary wire repair in a week on NDLS-MTJ, an emergency",trd,NDLS-MTJ,critical,unspecified
"schedule a 2h overhead line repair in a week in the afternoon on near Kanpur, priority",trd,CNB-ALD,high,afternoon
point machine repair required near near Agra in a week before dawn,st,AGC-CNB,medium,early_morning
Whenever convenient signal failure attention required near the Kanpur-Prayagraj stretch next thursday during the morning,st,CNB-ALD,low,morning
Requesting to schedule a 2 hour ballast renewal day after tomorrow at night on the Agra-Kanpur stretch,engg,AGC-CNB,medium,night
"schedule a 2h signal maintenance next thursday during the morning on the Kanpur-Prayagraj stretch, priority",st,CNB-ALD,high,morning
"OHE inspection on Kanpur to Allahabad , whenever convenient a 3h tonight",trd,CNB-ALD,low,unspecified
"Please a 2h route relay interlocking check on the Delhi-Mathura corridor next saturday before dawn, non-urgent",st,NDLS-MTJ,low,early_morning
"Please need deep screening on near New Delhi tonight late at night, minor",engg,NDLS-MTJ,low,night
Kindly a 1h relay room maintenance on ALD-MGS in a week during the afternoon,st,ALD-MGS,medium,afternoon
"Can you schedule schedule a 3h pantograph inspection next saturday early morning on BPL-ET, routine",trd,BPL-ET,low,early_morning
"rail grinding on the Kanpur-Prayagraj stretch before dawn , important a 4h next saturday",engg,CNB-ALD,high,early_morning
formation strengthening required near near Prayagraj next wednesday,engg,ALD-MGS,medium,unspecified
"track geometry check on Agra Cantt section tomorrow during the evening, important",engg,MTJ-AGC,high,evening
Top priority formation strengthening required near MTJ-AGC next thursday,engg,MTJ-AGC,critical,unspecified
"We need to a 3h signal failure attention on Allahabad to Mughalsarai next saturday during the afternoon, important",st,ALD-MGS,high,afternoon
"We need to a 1h catenary wire repair on the Bhopal-Itarsi stretch this weekend, whenever convenient",trd,BPL-ET,low,unspecified
signal circuit testing required near near Bhopal in the evening,st,BPL-ET,medium,evening
"plan optical fiber repair on BPL-ET before dawn next friday, critical",st,BPL-ET,critical,early_morning
Urgent bridge inspection required near New Delhi-Ghaziabad stretch day after tomorrow overnight,engg,NDLS-MTJ,critical,night
"Requesting to a 2h signal failure attention on ALD-MGS day after tomorrow in the evening, critical",st,ALD-MGS,critical,evening
"Kindly a 3h rail grinding on near New Delhi next tuesday during the morning, high priority",engg,NDLS-MTJ,high,morning
"We need to need feeder cable maintenance on Agra to Kanpur next wednesday in the evening, an emergency",trd,AGC-CNB,critical,evening
"Can you schedule need level crossing signal check on New Delhi to Mathura today, asap",st,NDLS-MTJ,critical,unspecified
"Can you schedule block instrument check on CNB-ALD during the evening, whenever convenient",st,CNB-ALD,low,evening
Non-urgent formation strengthening required near CNB-ALD next wednesday in the evening,engg,CNB-ALD,low,evening
"Can you schedule plan rail fracture repair on the Agra-Kanpur stretch during the evening today, whenever convenient",engg,AGC-CNB,low,evening
block section telephone repair required near Prayagraj section tonight,st,CNB-ALD,medium,unspecified
Requesting to plan track patrolling on AGC-CNB in the morning day after tomorrow,engg,AGC-CNB,medium,morning
Please need deep screening on Kanpur Central section next thursday,engg,AGC-CNB,medium,unspecified
"Please a 4h track tamping on the Prayagraj-Mughalsarai stretch next tuesday before dawn, as soon as possible",engg,ALD-MGS,high,early_morning
signal failure attention required near Itarsi section next thursday overnight,st,BPL-ET,medium,night
"Can you schedule need level crossing signal check on the Kanpur-Prayagraj stretch tonight early morning, high priority",st,CNB-ALD,high,early_morning
"ballast renewal on Kanpur to Allahabad in the afternoon , whenever convenient a 2h day after tomorrow",engg,CNB-ALD,low,afternoon
"We need to a 2h signal failure attention on BPL-ET next monday in the pre-dawn hours, as soon as possible",st,BPL-ET,high,early_morning
"track inspection on the Pandit Deen Dayal Upadhyaya Jn section during the evening , high priority a 4h tonight",engg,ALD-MGS,high,evening
"a 4h signal failure attention on the Mathura-Agra stretch next wednesday during the afternoon, priority",st,MTJ-AGC,high,afternoon
"Can you schedule pantograph inspection on near Mathura tomorrow, priority",trd,MTJ-AGC,high,unspecified
"Please schedule a 2h rail welding repair in a week in the pre-dawn hours on New Delhi to Mathura, urgent",engg,NDLS-MTJ,critical,early_morning
"signal circuit testing on Kanpur Central section during the morning , high priority a quick in a week",st,AGC-CNB,high,morning
"relay room maintenance on the Delhi-Mathura corridor , routine a 2 hour today",st,NDLS-MTJ,low,unspecified
"overhead line repair on Kanpur Central section during the afternoon , whenever convenient a 3h",trd,AGC-CNB,low,afternoon
"Requesting to need overhead line repair on Allahabad to Mughalsarai in the morning, as soon as possible",trd,ALD-MGS,high,morning
"Requesting to schedule a 1h ballast renewal next friday before dawn on Agra to Kanpur, minor",engg,AGC-CNB,low,early_morning
"We need to track circuit fault on the Delhi-Mathura corridor this weekend in the pre-dawn hours, an emergency",engg,NDLS-MTJ,critical,early_morning
"Requesting to plan route relay interlocking check on Kanpur Central section at night next monday, priority",st,AGC-CNB,high,night
Urgent rail fracture repair required near AGC-CNB this weekend in the midnight window,engg,AGC-CNB,critical,night
"We need to need track inspection on ALD-MGS next saturday in the morning, priority",engg,ALD-MGS,high,morning
"plan circuit breaker testing on Allahabad to Mughalsarai in the morning next monday, as soon as possible",trd,ALD-MGS,high,morning
"We need to schedule a 2h rail fracture repair in a week in the evening on the Agra-Kanpur stretch, whenever convenient",engg,AGC-CNB,low,evening
insulator cleaning on Prayagraj section early morning tomorrow,trd,CNB-ALD,medium,early_morning
"We need to plan track circuit fault on Itarsi section in the pre-dawn hours tonight, minor",engg,BPL-ET,low,early_morning
"block instrument check on Allahabad to Mughalsarai in the morning , low priority a quick",st,ALD-MGS,low,morning
"OHE wire tensioning on Bhopal to Itarsi in the afternoon , asap a 2h today",trd,BPL-ET,critical,afternoon
Asap signal failure attention required near near New Delhi day after tomorrow overnight,st,NDLS-MTJ,critical,night
"track geometry check on Bhopal to Itarsi , top priority a 2h tomorrow",engg,BPL-ET,critical,unspecified
"Can you schedule track geometry check on Allahabad to Mughalsarai this weekend at night, urgent",engg,ALD-MGS,critical,night
"Requesting to auto tensioning device check on the Prayagraj-Mughalsarai stretch next thursday during the evening, high priority",trd,ALD-MGS,high,evening
"Can you schedule plan block section telephone repair on ALD-MGS during the morning today, important",st,ALD-MGS,high,morning
High priority deep screening required near BPL-ET next saturday in the morning,engg,BPL-ET,high,morning
"track tamping on Prayagraj section in the evening , high priority a 1h tonight",engg,CNB-ALD,high,evening
need level crossing signal check on near New Delhi in 3 days,st,NDLS-MTJ,medium,unspecified
"Requesting to schedule a quick feeder cable maintenance next saturday on NDLS-MTJ, an emergency",trd,NDLS-MTJ,critical,unspecified
"Kindly schedule a 3h track circuit fault next friday during the evening on the Pandit Deen Dayal Upadhyaya Jn section, low priority",engg,ALD-MGS,low,evening
sleeper replacement required near ALD-MGS next friday,engg,ALD-MGS,medium,unspecified
"plan auto tensioning device check on AGC-CNB during the afternoon next wednesday, immediately",trd,AGC-CNB,critical,afternoon
"relay room maintenance on Kanpur to Allahabad before dawn , priority a 3h next thursday",st,CNB-ALD,high,early_morning
"Please schedule a 3h signal maintenance tonight during the afternoon on New Delhi-Ghaziabad stretch, low priority",st,NDLS-MTJ,low,afternoon
"We need to a 4h signal cable inspection on Prayagraj section next wednesday, asap",st,CNB-ALD,critical,unspecified
"Please need block section telephone repair on Agra to Kanpur next friday during the afternoon, high priority",st,AGC-CNB,high,afternoon
insulator cleaning required near New Delhi to Mathura next wednesday during the evening,trd,NDLS-MTJ,medium,evening
Requesting to plan optical fiber repair on Prayagraj section in the evening next thursday,st,CNB-ALD,medium,evening
bridge inspection required near NDLS-MTJ in 3 days in the afternoon,engg,NDLS-MTJ,medium,afternoon
"Kindly a 2 hour power supply inspection on the Mathura-Agra stretch in a week during the evening, critical",trd,MTJ-AGC,critical,evening
"Requesting to need insulator cleaning on CNB-ALD during the evening, an emergency",trd,CNB-ALD,critical,evening
As soon as possible track inspection required near the Bhopal-Itarsi stretch next thursday in the morning,engg,BPL-ET,high,morning
"signal circuit testing on CNB-ALD tomorrow in the pre-dawn hours, high priority",st,CNB-ALD,high,early_morning
Top priority catenary wire repair required near AGC-CNB in a week during the evening,trd,AGC-CNB,critical,evening
"Please schedule a 1h point machine repair tonight in the morning on ALD-MGS, non-urgent",st,ALD-MGS,low,morning
"optical fiber repair on MTJ-AGC early morning , immediately a quick",st,MTJ-AGC,critical,early_morning
"Requesting to plan track inspection on near Mathura tonight, priority",engg,MTJ-AGC,high,unspecified
Requesting to a quick telecom cable repair on Agra Cantt section next wednesday,st,MTJ-AGC,medium,unspecified
"We need to need OHE snag rectification on near Agra next saturday during the morning, non-urgent",trd,AGC-CNB,low,morning
"Please need track patrolling on the Kanpur-Prayagraj stretch day after tomorrow during the morning, low priority",engg,CNB-ALD,low,morning
"Can you schedule schedule a quick route relay interlocking check next monday during the evening on near New Delhi, whenever convenient",st,NDLS-MTJ,low,evening
"Requesting to plan traction transformer check on the Agra-Kanpur stretch in the evening next saturday, as soon as possible",trd,AGC-CNB,high,evening
"Can you schedule need signal circuit testing on Agra Cantt section in a week during the afternoon, low priority",st,MTJ-AGC,low,afternoon
"Can you schedule need ballast renewal on New Delhi-Ghaziabad stretch during the morning, whenever convenient",engg,NDLS-MTJ,low,morning
"We need to plan ballast renewal on Itarsi section in the morning in a week, as soon as possible",engg,BPL-ET,high,morning
need traction motor check on ALD-MGS next monday,trd,ALD-MGS,medium,unspecified
a quick OHE inspection on Allahabad to Mughalsarai this weekend in the afternoon,trd,ALD-MGS,medium,afternoon
High priority axle counter testing required near Agra to Kanpur next wednesday,st,AGC-CNB,high,unspecified
a 3h track circuit fault on near Prayagraj tomorrow,engg,ALD-MGS,medium,unspecified
point machine repair on the Agra-Kanpur stretch in the morning a 1h next saturday,st,AGC-CNB,medium,morning
"Please need OHE inspection on near Agra today in the pre-dawn hours, top priority",trd,AGC-CNB,critical,early_morning
"We need to plan formation strengthening on New Delhi to Mathura in the morning in a week, non-urgent",engg,NDLS-MTJ,low,morning
"Can you schedule a 2h axle counter testing on New Delhi-Ghaziabad stretch next saturday early morning, urgent",st,NDLS-MTJ,critical,early_morning
block section telephone repair on Agra Cantt section during the afternoon a 3h tonight,st,MTJ-AGC,medium,afternoon
"Can you schedule schedule a 1h point machine repair next wednesday overnight on near Bhopal, top priority",st,BPL-ET,critical,night
We need to a 4h traction transformer check on near Bhopal day after tomorrow in the morning,trd,BPL-ET,medium,morning
"Kindly need auto tensioning device check on BPL-ET next wednesday at night, as soon as possible",trd,BPL-ET,high,night
"Can you schedule a 1h telecom cable repair on Bhopal to Itarsi next wednesday in the afternoon, routine",st,BPL-ET,low,afternoon
"relay room maintenance on Mathura to Agra in the afternoon , minor a 1h in a week",st,MTJ-AGC,low,afternoon
"We need to a 1h block section telephone repair on near Kanpur today during the afternoon, low priority",st,CNB-ALD,low,afternoon
Whenever convenient pantograph inspection required near ALD-MGS next friday early morning,trd,ALD-MGS,low,early_morning
"Kindly a 3h feeder cable maintenance on the Delhi-Mathura corridor next friday late at night, low priority",trd,NDLS-MTJ,low,night
Can you schedule plan route relay interlocking check on CNB-ALD overnight this weekend,st,CNB-ALD,medium,night
"Please need formation strengthening on Agra Cantt section tonight, low priority",engg,MTJ-AGC,low,unspecified
"Requesting to need track circuit fault on the Prayagraj-Mughalsarai stretch in a week during the evening, an emergency",engg,ALD-MGS,critical,evening
Requesting to schedule catenary wire repair next monday during the afternoon on New Delhi to Mathura,trd,NDLS-MTJ,medium,afternoon
Critical catenary wire repair required near Bhopal to Itarsi next wednesday in the morning,trd,BPL-ET,critical,morning
"relay room maintenance on the Mathura-Agra stretch , urgent a 3h day after tomorrow",st,MTJ-AGC,critical,unspecified
Asap signal circuit testing required near Agra to Kanpur next saturday,st,AGC-CNB,critical,unspecified
Top priority traction motor check required near MTJ-AGC next saturday,trd,MTJ-AGC,critical,unspecified
rail joint repair on BPL-ET in the afternoon a 3h next saturday,engg,BPL-ET,medium,afternoon
Can you schedule a 1h optical fiber repair on Agra Cantt section in a week in the afternoon,st,MTJ-AGC,medium,afternoon
"Can you schedule schedule a quick point machine repair tomorrow in the midnight window on the Bhopal-Itarsi stretch, top priority",st,BPL-ET,critical,night
"We need to schedule a 2h rail fracture repair in 3 days in the evening on the Prayagraj-Mughalsarai stretch, priority",engg,ALD-MGS,high,evening
Urgent circuit breaker testing required near Prayagraj section next friday in the morning,trd,CNB-ALD,critical,morning
Kindly need signal maintenance on near Kanpur in the morning,st,CNB-ALD,medium,morning
"Can you schedule plan track inspection on MTJ-AGC next thursday, priority",engg,MTJ-AGC,high,unspecified
formation strengthening required near near Mathura next monday in the pre-dawn hours,engg,MTJ-AGC,medium,early_morning
signal maintenance on MTJ-AGC in the evening a 2 hour day after tomorrow,st,MTJ-AGC,medium,evening
"We need to plan signal circuit testing on near Agra tomorrow, asap",st,AGC-CNB,critical,unspecified
"Kindly traction substation check on NDLS-MTJ today in the afternoon, important",trd,NDLS-MTJ,high,afternoon
"a 1h track tamping on Kanpur Central section tonight during the evening, urgent",engg,AGC-CNB,critical,evening
"sleeper replacement on the Bhopal-Itarsi stretch early morning , as soon as possible a quick",engg,BPL-ET,high,early_morning
"schedule a 2 hour rail joint repair tomorrow in the midnight window on BPL-ET, non-urgent",engg,BPL-ET,low,night
"power supply inspection on BPL-ET , low priority next friday",trd,BPL-ET,low,unspecified
"need power supply inspection on near Bhopal in the afternoon, whenever convenient",trd,BPL-ET,low,afternoon
"Please need rail fracture repair on AGC-CNB today in the midnight window, immediately",engg,AGC-CNB,critical,night
Can you schedule need traction motor check on New Delhi-Ghaziabad stretch next wednesday early morning,trd,NDLS-MTJ,medium,early_morning
Asap broken rail repair required near the Delhi-Mathura corridor next monday during the morning,engg,NDLS-MTJ,critical,morning
"Can you schedule schedule circuit breaker testing in a week during the morning on the Mathura-Agra stretch, minor",trd,MTJ-AGC,low,morning
"Requesting to plan signal cable inspection on CNB-ALD in the afternoon this weekend, priority",st,CNB-ALD,high,afternoon
As soon as possible overhead line repair required near Agra Cantt section tonight in the afternoon,trd,MTJ-AGC,high,afternoon
Please plan level crossing signal check on MTJ-AGC in the afternoon next wednesday,st,MTJ-AGC,medium,afternoon
"circuit breaker testing on near Bhopal , critical a 4h tomorrow",trd,BPL-ET,critical,unspecified
We need to schedule a 2 hour signal circuit testing tonight during the afternoon on CNB-ALD,st,CNB-ALD,medium,afternoon
"Requesting to need feeder cable maintenance on near New Delhi in 3 days during the afternoon, urgent",trd,NDLS-MTJ,critical,afternoon
We need to plan rail joint repair on BPL-ET in the morning today,engg,BPL-ET,medium,morning
We need to plan overhead line repair on Agra Cantt section overnight next tuesday,trd,MTJ-AGC,medium,night
"Please a 3h overhead line repair on the Prayagraj-Mughalsarai stretch next thursday before dawn, routine",trd,ALD-MGS,low,early_morning
"rail grinding on Allahabad to Mughalsarai , non-urgent a 4h next tuesday",engg,ALD-MGS,low,unspecified
Important broken rail repair required near the Agra-Kanpur stretch next saturday,engg,AGC-CNB,high,unspecified
"track geometry check on the Agra-Kanpur stretch at night , as soon as possible day after tomorrow",engg,AGC-CNB,high,night
"Please need catenary wire repair on ALD-MGS tonight in the afternoon, asap",trd,ALD-MGS,critical,afternoon
Urgent interlocking check required near Allahabad to Mughalsarai next wednesday in the evening,st,ALD-MGS,critical,evening
"We need to need OHE inspection on near Kanpur in a week during the evening, non-urgent",trd,CNB-ALD,low,evening
"a 2 hour power supply inspection on the Kanpur-Prayagraj stretch today early morning, an emergency",trd,CNB-ALD,critical,early_morning
"level crossing signal check on near Kanpur in the evening , minor a 3h next thursday",st,CNB-ALD,low,evening
"Requesting to need formation strengthening on Ghaziabad section in 3 days in the pre-dawn hours, immediately",engg,NDLS-MTJ,critical,early_morning
"Kindly need block section telephone repair on MTJ-AGC next friday late at night, low priority",st,MTJ-AGC,low,night
Immediately block section telephone repair required near Agra Cantt section next friday during the evening,st,MTJ-AGC,critical,evening
"schedule insulator cleaning this weekend in the afternoon on NDLS-MTJ, high priority",trd,NDLS-MTJ,high,afternoon
"auto tensioning device check on Ghaziabad section during the afternoon , immediately a quick tomorrow",trd,NDLS-MTJ,critical,afternoon
"Can you schedule plan rail fracture repair on Kanpur to Allahabad late at night today, priority",engg,CNB-ALD,high,night
"Requesting to schedule a 2 hour block instrument check tomorrow on ALD-MGS, an emergency",st,ALD-MGS,critical,unspecified
We need to schedule a 4h traction motor check next monday in the evening on near Bhopal,trd,BPL-ET,medium,evening
"power supply inspection on the Prayagraj-Mughalsarai stretch during the afternoon , critical a 1h this weekend",trd,ALD-MGS,critical,afternoon
"ballast renewal on near Agra in the morning , immediately a 3h in a week",engg,AGC-CNB,critical,morning
Requesting to schedule a quick bridge inspection today in the afternoon on ALD-MGS,engg,ALD-MGS,medium,afternoon
"Can you schedule need feeder cable maintenance on CNB-ALD tomorrow during the evening, top priority",trd,CNB-ALD,critical,evening
Please a 2 hour block instrument check on New Delhi to Mathura next monday early morning,st,NDLS-MTJ,medium,early_morning
"feeder cable maintenance on Ghaziabad section , non-urgent a 3h in 3 days",trd,NDLS-MTJ,low,unspecified
plan overhead line repair on near Bhopal in the pre-dawn hours day after tomorrow,trd,BPL-ET,medium,early_morning
Immediately power supply inspection required near Allahabad to Mughalsarai next monday in the afternoon,trd,ALD-MGS,critical,afternoon
"We need to a 2 hour level crossing signal check on NDLS-MTJ tomorrow during the evening, important",st,NDLS-MTJ,high,evening
"Please need route relay interlocking check on MTJ-AGC, low priority",st,MTJ-AGC,low,unspecified
rail joint repair required near Mathura to Agra in 3 days,engg,MTJ-AGC,medium,unspecified
"feeder cable maintenance on Mathura to Agra in the morning , minor a 3h today",trd,MTJ-AGC,low,morning
block instrument check on Agra to Kanpur in the pre-dawn hours next saturday,st,AGC-CNB,medium,early_morning
axle counter testing on AGC-CNB during the afternoon this weekend,st,AGC-CNB,medium,afternoon
Can you schedule need insulator cleaning on CNB-ALD next friday in the morning,trd,CNB-ALD,medium,morning
"rail grinding on near Kanpur before dawn , high priority a 2h",engg,CNB-ALD,high,early_morning
"Requesting to rail grinding on AGC-CNB in a week before dawn, asap",engg,AGC-CNB,critical,early_morning
"Can you schedule plan rail joint repair on near Mathura during the evening tonight, minor",engg,MTJ-AGC,low,evening
Priority track inspection required near Bhopal to Itarsi next tuesday during the afternoon,engg,BPL-ET,high,afternoon
Can you schedule need catenary wire repair on the Mathura-Agra stretch next tuesday in the pre-dawn hours,trd,MTJ-AGC,medium,early_morning
"Kindly schedule a quick track circuit fault in 3 days in the evening on New Delhi-Ghaziabad stretch, high priority",engg,NDLS-MTJ,high,evening
signal circuit testing on Bhopal to Itarsi during the afternoon a 1h next saturday,st,BPL-ET,medium,afternoon
As soon as possible rail grinding required near Kanpur to Allahabad tomorrow,engg,CNB-ALD,high,unspecified
Whenever convenient interlocking check required near the Bhopal-Itarsi stretch this weekend during the evening,st,BPL-ET,low,evening
Please plan signal failure attention on Agra to Kanpur next tuesday,st,AGC-CNB,medium,unspecified
Kindly schedule a quick telecom cable repair next friday in the morning on Ghaziabad section,st,NDLS-MTJ,medium,morning
We need to plan OHE wire tensioning on the Prayagraj-Mughalsarai stretch in the afternoon tomorrow,trd,ALD-MGS,medium,afternoon
block instrument check required near Agra to Kanpur next monday during the afternoon,st,AGC-CNB,medium,afternoon
"Can you schedule plan broken rail repair on the Prayagraj-Mughalsarai stretch overnight day after tomorrow, high priority",engg,ALD-MGS,high,night
"Can you schedule plan axle counter testing on near Agra during the evening next tuesday, whenever convenient",st,AGC-CNB,low,evening
"Requesting to a 4h power supply inspection on Kanpur Central section next wednesday, immediately",trd,AGC-CNB,critical,unspecified
Please plan optical fiber repair on NDLS-MTJ at night,st,NDLS-MTJ,medium,night
An emergency signal failure attention required near Itarsi section in a week during the afternoon,st,BPL-ET,critical,afternoon
traction motor check required near New Delhi-Ghaziabad stretch during the evening,trd,NDLS-MTJ,medium,evening
Important signal circuit testing required near near Agra next monday in the morning,st,AGC-CNB,high,morning
insulator cleaning on AGC-CNB overnight a 2 hour in 3 days,trd,AGC-CNB,medium,night
Requesting to need OHE snag rectification on Agra Cantt section in a week late at night,trd,MTJ-AGC,medium,night
"We need to a quick broken rail repair on the Pandit Deen Dayal Upadhyaya Jn section next monday, immediately",engg,ALD-MGS,critical,unspecified
Top priority signal maintenance required near near Mathura next monday in the pre-dawn hours,st,MTJ-AGC,critical,early_morning
Please plan route relay interlocking check on Agra Cantt section in 3 days,st,MTJ-AGC,medium,unspecified
"Can you schedule need pantograph inspection on Allahabad to Mughalsarai tomorrow in the midnight window, non-urgent",trd,ALD-MGS,low,night
"We need to plan track inspection on BPL-ET before dawn next thursday, urgent",engg,BPL-ET,critical,early_morning
An emergency interlocking check required near Allahabad to Mughalsarai tonight,st,ALD-MGS,critical,unspecified
"Please a 2 hour telecom cable repair on the Pandit Deen Dayal Upadhyaya Jn section next monday before dawn, routine",st,ALD-MGS,low,early_morning
Can you schedule need track patrolling on Kanpur to Allahabad tomorrow,engg,CNB-ALD,medium,unspecified
"Please schedule a 1h level crossing signal check next saturday at night on the Pandit Deen Dayal Upadhyaya Jn section, important",st,ALD-MGS,high,night
Immediately relay room maintenance required near Itarsi section next wednesday,st,BPL-ET,critical,unspecified
"We need to schedule a 1h block instrument check next tuesday in the pre-dawn hours on Kanpur Central section, whenever convenient",st,AGC-CNB,low,early_morning
Asap relay room maintenance required near near Prayagraj in a week during the evening,st,ALD-MGS,critical,evening
"Kindly schedule a 3h optical fiber repair tonight during the evening on near Agra, as soon as possible",st,AGC-CNB,high,evening
Critical route relay interlocking check required near near Kanpur next wednesday during the afternoon,st,CNB-ALD,critical,afternoon
"Kindly plan signal maintenance on Agra to Kanpur during the afternoon next monday, immediately",st,AGC-CNB,critical,afternoon
"Requesting to schedule a 1h telecom cable repair in 3 days during the morning on near Mathura, urgent",st,MTJ-AGC,critical,morning
"deep screening on ALD-MGS , top priority a quick next friday",engg,ALD-MGS,critical,unspecified
"broken rail repair on near Kanpur , minor a 4h tomorrow",engg,CNB-ALD,low,unspecified
telecom cable repair on the Mathura-Agra stretch in the morning a 1h next monday,st,MTJ-AGC,medium,morning
"track geometry check on CNB-ALD during the morning , urgent a quick",engg,CNB-ALD,critical,morning
"a 2 hour rail fracture repair on New Delhi-Ghaziabad stretch in a week during the evening, as soon as possible",engg,NDLS-MTJ,high,evening
"Requesting to need traction transformer check on the Prayagraj-Mughalsarai stretch next thursday at night, minor",trd,ALD-MGS,low,night
feeder cable maintenance required near Itarsi section day after tomorrow in the afternoon,trd,BPL-ET,medium,afternoon
"signal cable inspection on the Delhi-Mathura corridor in the afternoon , non-urgent a 4h day after tomorrow",st,NDLS-MTJ,low,afternoon
High priority overhead line repair required near Prayagraj section this weekend,trd,CNB-ALD,high,unspecified
"optical fiber repair on near Prayagraj , asap a 4h day after tomorrow",st,ALD-MGS,critical,unspecified
"need track patrolling on MTJ-AGC day after tomorrow during the afternoon, important",engg,MTJ-AGC,high,afternoon
"Kindly block section telephone repair on Kanpur to Allahabad day after tomorrow early morning, low priority",st,CNB-ALD,low,early_morning
"We need to schedule a 2h formation strengthening next wednesday overnight on the Delhi-Mathura corridor, whenever convenient",engg,NDLS-MTJ,low,night
We need to need sleeper replacement on ALD-MGS tonight,engg,ALD-MGS,medium,unspecified
"block section telephone repair on MTJ-AGC during the evening , as soon as possible day after tomorrow",st,MTJ-AGC,high,evening
"catenary wire repair on Bhopal to Itarsi in the morning , low priority a 4h next thursday",trd,BPL-ET,low,morning
"Kindly a 1h signal cable inspection on Kanpur Central section today late at night, minor",st,AGC-CNB,low,night
"We need to need OHE wire tensioning on MTJ-AGC tomorrow during the evening, as soon as possible",trd,MTJ-AGC,high,evening
"We need to plan auto tensioning device check on near New Delhi this weekend, as soon as possible",trd,NDLS-MTJ,high,unspecified
"schedule a 4h traction motor check this weekend during the evening on the Agra-Kanpur stretch, asap",trd,AGC-CNB,critical,evening
"Please schedule a 3h overhead line repair in 3 days during the afternoon on near Agra, immediately",trd,AGC-CNB,critical,afternoon
"feeder cable maintenance on the Delhi-Mathura corridor in the evening , as soon as possible a 4h next thursday",trd,NDLS-MTJ,high,evening
Can you schedule schedule a 4h track tamping tonight before dawn on ALD-MGS,engg,ALD-MGS,medium,early_morning
plan point machine repair on New Delhi-Ghaziabad stretch in 3 days,st,NDLS-MTJ,medium,unspecified
need traction substation check on MTJ-AGC day after tomorrow in the afternoon,trd,MTJ-AGC,medium,afternoon
"a 1h overhead line repair on New Delhi to Mathura next monday during the morning, high priority",trd,NDLS-MTJ,high,morning
"Can you schedule a 2 hour axle counter testing on New Delhi to Mathura next wednesday in the morning, an emergency",st,NDLS-MTJ,critical,morning
"Kindly need traction transformer check on NDLS-MTJ next saturday during the evening, minor",trd,NDLS-MTJ,low,evening
"signal cable inspection on Itarsi section during the morning , as soon as possible a quick today",st,BPL-ET,high,morning
Priority deep screening required near ALD-MGS next monday during the evening,engg,ALD-MGS,high,evening
"signal circuit testing on the Delhi-Mathura corridor in the afternoon , urgent a 4h this weekend",st,NDLS-MTJ,critical,afternoon
"Kindly schedule a 4h route relay interlocking check tonight on ALD-MGS, urgent",st,ALD-MGS,critical,unspecified
"traction substation check on the Kanpur-Prayagraj stretch in the evening , priority a 4h tonight",trd,CNB-ALD,high,evening
"Can you schedule schedule telecom cable repair tonight during the evening on Itarsi section, priority",st,BPL-ET,high,evening
"Please schedule a 3h pantograph inspection next monday at night on the Kanpur-Prayagraj stretch, top priority",trd,CNB-ALD,critical,night
"OHE snag rectification on near Bhopal in the pre-dawn hours , low priority a 2 hour next saturday",trd,BPL-ET,low,early_morning
"Can you schedule need ballast renewal on MTJ-AGC in a week, top priority",engg,MTJ-AGC,critical,unspecified
Can you schedule need circuit breaker testing on Bhopal to Itarsi today during the evening,trd,BPL-ET,medium,evening
"Requesting to plan rail grinding on Agra to Kanpur this weekend, an emergency",engg,AGC-CNB,critical,unspecified
We need to need signal maintenance on CNB-ALD day after tomorrow early morning,st,CNB-ALD,medium,early_morning
"need relay room maintenance on Kanpur Central section this weekend in the morning, non-urgent",st,AGC-CNB,low,morning
rail joint repair required near the Prayagraj-Mughalsarai stretch tomorrow during the afternoon,engg,ALD-MGS,medium,afternoon
Important signal circuit testing required near Kanpur Central section next thursday during the evening,st,AGC-CNB,high,evening
"overhead line repair on Kanpur Central section before dawn , high priority next saturday",trd,AGC-CNB,high,early_morning
"need formation strengthening on the Mathura-Agra stretch next thursday late at night, urgent",engg,MTJ-AGC,critical,night
"schedule a 3h block section telephone repair tomorrow in the evening on near Prayagraj, routine",st,ALD-MGS,low,evening
Kindly need interlocking check on near Bhopal this weekend in the evening,st,BPL-ET,medium,evening
deep screening required near BPL-ET next monday in the evening,engg,BPL-ET,medium,evening
Requesting to a 1h sleeper replacement on the Mathura-Agra stretch next wednesday,engg,MTJ-AGC,medium,unspecified
"Kindly plan traction motor check on Bhopal to Itarsi in the afternoon in 3 days, priority",trd,BPL-ET,high,afternoon
"overhead line repair on the Bhopal-Itarsi stretch in the afternoon , minor a 1h next friday",trd,BPL-ET,low,afternoon
"plan insulator cleaning on Bhopal to Itarsi in 3 days, important",trd,BPL-ET,high,unspecified
"Requesting to need ballast renewal on near Mathura next tuesday during the afternoon, high priority",engg,MTJ-AGC,high,afternoon
"Kindly need auto tensioning device check on Prayagraj section next friday in the evening, whenever convenient",trd,CNB-ALD,low,evening
schedule a 1h feeder cable maintenance next monday during the evening on near Kanpur,trd,CNB-ALD,medium,evening
"Please plan signal circuit testing on MTJ-AGC during the morning next friday, minor",st,MTJ-AGC,low,morning
"Kindly plan power supply inspection on near Kanpur at night this weekend, minor",trd,CNB-ALD,low,night
Minor signal circuit testing required near Agra Cantt section in 3 days at night,st,MTJ-AGC,low,night
block instrument check on Agra to Kanpur during the morning a quick today,st,AGC-CNB,medium,morning
"a 4h block instrument check on the Delhi-Mathura corridor tomorrow during the evening, whenever convenient",st,NDLS-MTJ,low,evening
"a 1h feeder cable maintenance on the Agra-Kanpur stretch in 3 days in the midnight window, high priority",trd,AGC-CNB,high,night
"Kindly plan traction motor check on the Pandit Deen Dayal Upadhyaya Jn section in the morning tonight, important",trd,ALD-MGS,high,morning
"feeder cable maintenance on the Agra-Kanpur stretch during the afternoon , priority next thursday",trd,AGC-CNB,high,afternoon
"Please schedule OHE snag rectification day after tomorrow on Kanpur Central section, urgent",trd,AGC-CNB,critical,unspecified
level crossing signal check required near NDLS-MTJ next monday in the afternoon,st,NDLS-MTJ,medium,afternoon
Kindly schedule route relay interlocking check next tuesday during the morning on CNB-ALD,st,CNB-ALD,medium,morning
Whenever convenient catenary wire repair required near CNB-ALD next saturday during the morning,trd,CNB-ALD,low,morning
"a 3h track inspection on near Bhopal next friday, priority",engg,BPL-ET,high,unspecified
traction transformer check on the Mathura-Agra stretch in the afternoon a 3h in 3 days,trd,MTJ-AGC,medium,afternoon
ballast renewal required near near New Delhi in a week in the evening,engg,NDLS-MTJ,medium,evening
"Kindly schedule a 2 hour telecom cable repair tonight before dawn on the Agra-Kanpur stretch, high priority",st,AGC-CNB,high,early_morning
Can you schedule plan traction motor check on Prayagraj section,trd,CNB-ALD,medium,unspecified
Top priority track circuit fault required near near Kanpur next friday in the evening,engg,CNB-ALD,critical,evening
"Can you schedule schedule a 2h telecom cable repair in 3 days in the morning on AGC-CNB, as soon as possible",st,AGC-CNB,high,morning
"Requesting to schedule a quick axle counter testing next thursday in the evening on BPL-ET, minor",st,BPL-ET,low,evening
"We need to need OHE snag rectification on near Bhopal next tuesday during the afternoon, minor",trd,BPL-ET,low,afternoon
Requesting to schedule a quick OHE inspection next saturday during the morning on CNB-ALD,trd,CNB-ALD,medium,morning
"We need to plan auto tensioning device check on Agra to Kanpur during the afternoon today, non-urgent",trd,AGC-CNB,low,afternoon
Kindly a 1h ballast renewal on BPL-ET this weekend during the afternoon,engg,BPL-ET,medium,afternoon
"axle counter testing on the Agra-Kanpur stretch next saturday at night, whenever convenient",st,AGC-CNB,low,night
"signal circuit testing on Kanpur Central section during the morning , low priority a 4h tomorrow",st,AGC-CNB,low,morning
Important route relay interlocking check required near the Pandit Deen Dayal Upadhyaya Jn section next wednesday during the morning,st,ALD-MGS,high,morning
interlocking check on near Mathura in the morning a 3h next tuesday,st,MTJ-AGC,medium,morning
Kindly need relay room maintenance on the Mathura-Agra stretch next thursday early morning,st,MTJ-AGC,medium,early_morning
Kindly plan OHE inspection on the Bhopal-Itarsi stretch in a week,trd,BPL-ET,medium,unspecified
"schedule a 4h rail joint repair next saturday during the evening on Prayagraj section, critical",engg,CNB-ALD,critical,evening
need point machine repair on Mathura to Agra overnight,st,MTJ-AGC,medium,night
"signal failure attention on the Pandit Deen Dayal Upadhyaya Jn section , an emergency a 3h next saturday",st,ALD-MGS,critical,unspecified
Requesting to schedule a 3h feeder cable maintenance during the evening on AGC-CNB,trd,AGC-CNB,medium,evening
"We need to a 3h block instrument check on Kanpur Central section tomorrow in the afternoon, urgent",st,AGC-CNB,critical,afternoon
Top priority rail fracture repair required near near Kanpur next wednesday at night,engg,CNB-ALD,critical,night
"Please plan optical fiber repair on near Bhopal during the evening this weekend, immediately",st,BPL-ET,critical,evening
"telecom cable repair on BPL-ET overnight , low priority a quick next friday",st,BPL-ET,low,night
Whenever convenient OHE snag rectification required near the Pandit Deen Dayal Upadhyaya Jn section next monday,trd,ALD-MGS,low,unspecified
"Please plan bridge inspection on near Bhopal in the afternoon next wednesday, routine",engg,BPL-ET,low,afternoon
"Can you schedule a 1h feeder cable maintenance on AGC-CNB in 3 days in the morning, important",trd,AGC-CNB,high,morning
"Can you schedule schedule a 2h rail grinding next saturday before dawn on MTJ-AGC, minor",engg,MTJ-AGC,low,early_morning
signal cable inspection on Bhopal to Itarsi a quick next wednesday,st,BPL-ET,medium,unspecified
"Please need level crossing signal check on New Delhi to Mathura next saturday in the midnight window, top priority",st,NDLS-MTJ,critical,night
"overhead line repair on the Agra-Kanpur stretch late at night , priority a 2h in a week",trd,AGC-CNB,high,night
axle counter testing required near Itarsi section in a week in the pre-dawn hours,st,BPL-ET,medium,early_morning
"optical fiber repair on NDLS-MTJ early morning , important a 2h today",st,NDLS-MTJ,high,early_morning
"Can you schedule plan bridge inspection on Agra Cantt section during the evening in 3 days, urgent",engg,MTJ-AGC,critical,evening
Requesting to need track circuit fault on the Agra-Kanpur stretch day after tomorrow during the morning,engg,AGC-CNB,medium,morning
"a 2h telecom cable repair on Bhopal to Itarsi day after tomorrow, as soon as possible",st,BPL-ET,high,unspecified
Can you schedule a 1h traction substation check on the Bhopal-Itarsi stretch next wednesday before dawn,trd,BPL-ET,medium,early_morning
High priority traction motor check required near MTJ-AGC next wednesday,trd,MTJ-AGC,high,unspecified
Please schedule a 4h pantograph inspection next tuesday overnight on the Delhi-Mathura corridor,trd,NDLS-MTJ,medium,night
"rail fracture repair on the Agra-Kanpur stretch day after tomorrow before dawn, important",engg,AGC-CNB,high,early_morning
Priority rail welding repair required near the Mathura-Agra stretch late at night,engg,MTJ-AGC,high,night
"Can you schedule schedule relay room maintenance next tuesday on CNB-ALD, immediately",st,CNB-ALD,critical,unspecified
Requesting to a 2 hour signal cable inspection on the Mathura-Agra stretch next saturday during the afternoon,st,MTJ-AGC,medium,afternoon
Low priority overhead line repair required near MTJ-AGC next thursday overnight,trd,MTJ-AGC,low,night
"Requesting to schedule a 1h OHE inspection in the afternoon on near Bhopal, asap",trd,BPL-ET,critical,afternoon
"plan block section telephone repair on near Agra during the evening next wednesday, minor",st,AGC-CNB,low,evening
Kindly plan traction substation check on CNB-ALD in the evening next tuesday,trd,CNB-ALD,medium,evening
"Requesting to a quick deep screening on Itarsi section next monday in the morning, critical",engg,BPL-ET,critical,morning
"schedule a 3h power supply inspection next thursday overnight on CNB-ALD, asap",trd,CNB-ALD,critical,night
"need level crossing signal check on the Mathura-Agra stretch day after tomorrow in the midnight window, whenever convenient",st,MTJ-AGC,low,night
"schedule a quick rail fracture repair next tuesday in the morning on Allahabad to Mughalsarai, low priority",engg,ALD-MGS,low,morning
"Kindly plan rail fracture repair on the Kanpur-Prayagraj stretch next monday, asap",engg,CNB-ALD,critical,unspecified
"Kindly schedule a 3h ballast renewal in 3 days in the evening on Allahabad to Mughalsarai, as soon as possible",engg,ALD-MGS,high,evening
"Kindly a quick auto tensioning device check on ALD-MGS tomorrow during the morning, immediately",trd,ALD-MGS,critical,morning
"a 2h block instrument check on near Agra this weekend in the pre-dawn hours, non-urgent",st,AGC-CNB,low,early_morning
"plan track patrolling on near New Delhi in the pre-dawn hours tomorrow, urgent",engg,NDLS-MTJ,critical,early_morning
Non-urgent telecom cable repair required near the Prayagraj-Mughalsarai stretch tomorrow in the evening,st,ALD-MGS,low,evening
Routine rail welding repair required near CNB-ALD next monday early morning,engg,CNB-ALD,low,early_morning
Critical formation strengthening required near near Prayagraj during the morning,engg,ALD-MGS,critical,morning
Kindly a 3h level crossing signal check on the Mathura-Agra stretch next tuesday before dawn,st,MTJ-AGC,medium,early_morning
"Please need circuit breaker testing on Prayagraj section next tuesday at night, whenever convenient",trd,CNB-ALD,low,night
"schedule a 1h signal circuit testing in 3 days in the midnight window on the Bhopal-Itarsi stretch, low priority",st,BPL-ET,low,night
"Kindly a quick ballast renewal on the Agra-Kanpur stretch day after tomorrow during the morning, whenever convenient",engg,AGC-CNB,low,morning
"Please a quick rail grinding on near Prayagraj this weekend during the morning, asap",engg,ALD-MGS,critical,morning
"We need to plan traction substation check on Kanpur Central section in the morning next wednesday, an emergency",trd,AGC-CNB,critical,morning
"We need to plan traction motor check on near Prayagraj at night today, whenever convenient",trd,ALD-MGS,low,night
We need to schedule a 2h signal cable inspection next tuesday on Kanpur Central section,st,AGC-CNB,medium,unspecified
"Kindly need power supply inspection on Kanpur to Allahabad day after tomorrow, priority",trd,CNB-ALD,high,unspecified
"Can you schedule need OHE inspection on the Mathura-Agra stretch next saturday during the evening, asap",trd,MTJ-AGC,critical,evening
Non-urgent overhead line repair required near Ghaziabad section in a week,trd,NDLS-MTJ,low,unspecified
Non-urgent track tamping required near Allahabad to Mughalsarai next friday in the afternoon,engg,ALD-MGS,low,afternoon
"We need to schedule a 3h relay room maintenance next friday on near Prayagraj, routine",st,ALD-MGS,low,unspecified
"Please need axle counter testing on Prayagraj section at night, priority",st,CNB-ALD,high,night
"We need to plan ballast renewal on the Prayagraj-Mughalsarai stretch in the pre-dawn hours in 3 days, low priority",engg,ALD-MGS,low,early_morning
"schedule a 1h catenary wire repair in 3 days in the pre-dawn hours on Agra to Kanpur, important",trd,AGC-CNB,high,early_morning
Requesting to a 2 hour deep screening on Allahabad to Mughalsarai in 3 days in the afternoon,engg,ALD-MGS,medium,afternoon
"Please need optical fiber repair on Agra to Kanpur next saturday during the evening, immediately",st,AGC-CNB,critical,evening
As soon as possible level crossing signal check required near near Kanpur next thursday late at night,st,CNB-ALD,high,night
"We need to need auto tensioning device check on NDLS-MTJ day after tomorrow during the morning, minor",trd,NDLS-MTJ,low,morning
"Please plan rail fracture repair on the Delhi-Mathura corridor before dawn next monday, an emergency",engg,NDLS-MTJ,critical,early_morning
Minor bridge inspection required near Agra Cantt section next monday before dawn,engg,MTJ-AGC,low,early_morning
"schedule a 1h auto tensioning device check next saturday in the afternoon on the Kanpur-Prayagraj stretch, non-urgent",trd,CNB-ALD,low,afternoon
"power supply inspection on Mathura to Agra in the midnight window , critical",trd,MTJ-AGC,critical,night
"We need to schedule a 3h level crossing signal check next friday during the evening on Prayagraj section, important",st,CNB-ALD,high,evening
Please plan circuit breaker testing on MTJ-AGC during the morning in 3 days,trd,MTJ-AGC,medium,morning
"Please schedule rail welding repair next tuesday in the morning on the Bhopal-Itarsi stretch, minor",engg,BPL-ET,low,morning
"Requesting to sleeper replacement on the Prayagraj-Mughalsarai stretch next monday at night, immediately",engg,ALD-MGS,critical,night
sleeper replacement on near Kanpur early morning a 4h tonight,engg,CNB-ALD,medium,early_morning
"We need to need OHE wire tensioning on NDLS-MTJ day after tomorrow during the morning, minor",trd,NDLS-MTJ,low,morning
"We need to need circuit breaker testing on Allahabad to Mughalsarai next tuesday during the morning, urgent",trd,ALD-MGS,critical,morning
Please a 2h traction transformer check on NDLS-MTJ day after tomorrow during the afternoon,trd,NDLS-MTJ,medium,afternoon
"Can you schedule schedule a 4h track circuit fault day after tomorrow during the evening on Itarsi section, immediately",engg,BPL-ET,critical,evening
"We need to plan track inspection on near Prayagraj in the pre-dawn hours next thursday, low priority",engg,ALD-MGS,low,early_morning
"Please schedule a 3h OHE wire tensioning next wednesday during the morning on Ghaziabad section, urgent",trd,NDLS-MTJ,critical,morning
We need to a 4h track geometry check on CNB-ALD next friday in the evening,engg,CNB-ALD,medium,evening
"bridge inspection on New Delhi-Ghaziabad stretch during the afternoon , asap a quick next friday",engg,NDLS-MTJ,critical,afternoon
Can you schedule schedule track inspection in the evening on Allahabad to Mughalsarai,engg,ALD-MGS,medium,evening
"We need to a 3h traction transformer check on near Bhopal tonight in the pre-dawn hours, important",trd,BPL-ET,high,early_morning
"Kindly plan optical fiber repair on Bhopal to Itarsi in the morning next friday, non-urgent",st,BPL-ET,low,morning
"need traction motor check on AGC-CNB next saturday in the pre-dawn hours, immediately",trd,AGC-CNB,critical,early_morning
Please need catenary wire repair on Ghaziabad section in 3 days in the morning,trd,NDLS-MTJ,medium,morning
"plan OHE snag rectification on Kanpur to Allahabad in the afternoon next monday, low priority",trd,CNB-ALD,low,afternoon
"feeder cable maintenance on BPL-ET , as soon as possible a 2 hour this weekend",trd,BPL-ET,high,unspecified
"route relay interlocking check on Prayagraj section in the morning , as soon as possible a 2h next saturday",st,CNB-ALD,high,morning
"We need to need block section telephone repair on the Agra-Kanpur stretch next friday in the afternoon, non-urgent",st,AGC-CNB,low,afternoon
Can you schedule plan interlocking check on Kanpur Central section in the evening in a week,st,AGC-CNB,medium,evening
Top priority broken rail repair required near near Mathura day after tomorrow in the morning,engg,MTJ-AGC,critical,morning
"rail joint repair on New Delhi-Ghaziabad stretch in the morning , asap next friday",engg,NDLS-MTJ,critical,morning
"relay room maintenance on Agra Cantt section in the morning , low priority a 2 hour next tuesday",st,MTJ-AGC,low,morning
"Please a 3h ballast renewal on near Agra in 3 days before dawn, high priority",engg,AGC-CNB,high,early_morning
Please a 2 hour OHE snag rectification on New Delhi-Ghaziabad stretch tonight overnight,trd,NDLS-MTJ,medium,night
Priority traction substation check required near Kanpur to Allahabad day after tomorrow in the morning,trd,CNB-ALD,high,morning
"Please schedule a quick OHE snag rectification next friday in the morning on NDLS-MTJ, asap",trd,NDLS-MTJ,critical,morning
"Requesting to schedule a 3h optical fiber repair next friday early morning on near Prayagraj, minor",st,ALD-MGS,low,early_morning
"need OHE snag rectification on the Agra-Kanpur stretch in 3 days, whenever convenient",trd,AGC-CNB,low,unspecified
"track circuit fault on ALD-MGS in the afternoon , important a 2h this weekend",engg,ALD-MGS,high,afternoon
"plan track geometry check on AGC-CNB early morning next friday, top priority",engg,AGC-CNB,critical,early_morning
"Requesting to need track patrolling on BPL-ET today during the afternoon, minor",engg,BPL-ET,low,afternoon
"Requesting to a 2h point machine repair on the Kanpur-Prayagraj stretch next monday, low priority",st,CNB-ALD,low,unspecified
"pantograph inspection on Mathura to Agra during the evening , immediately a 1h next friday",trd,MTJ-AGC,critical,evening
"Kindly schedule a 1h OHE inspection next friday in the morning on Itarsi section, minor",trd,BPL-ET,low,morning
"Requesting to plan power supply inspection on the Kanpur-Prayagraj stretch in the morning this weekend, an emergency",trd,CNB-ALD,critical,morning
"Please schedule a 2 hour broken rail repair next monday in the evening on near Bhopal, priority",engg,BPL-ET,high,evening
"traction substation check on Mathura to Agra before dawn , immediately a 1h next monday",trd,MTJ-AGC,critical,early_morning
"We need to need track inspection on Mathura to Agra tonight late at night, minor",engg,MTJ-AGC,low,night
Please schedule rail joint repair tonight on the Prayagraj-Mughalsarai stretch,engg,ALD-MGS,medium,unspecified
"Kindly a 1h signal maintenance on AGC-CNB in a week early morning, routine",st,AGC-CNB,low,early_morning
Can you schedule need rail welding repair on BPL-ET during the morning,engg,BPL-ET,medium,morning
"Kindly a 2 hour traction transformer check on near New Delhi next monday, important",trd,NDLS-MTJ,high,unspecified
Can you schedule a 1h deep screening on Allahabad to Mughalsarai next monday late at night,engg,ALD-MGS,medium,night
"signal failure attention on ALD-MGS , critical a 2h",st,ALD-MGS,critical,unspecified
track patrolling required near near Bhopal today during the evening,engg,BPL-ET,medium,evening
"Requesting to schedule a 4h telecom cable repair next thursday early morning on CNB-ALD, whenever convenient",st,CNB-ALD,low,early_morning
"signal cable inspection on MTJ-AGC , routine a quick tonight",st,MTJ-AGC,low,unspecified
Low priority auto tensioning device check required near near Prayagraj in the morning,trd,ALD-MGS,low,morning
interlocking check required near AGC-CNB next friday overnight,st,AGC-CNB,medium,night
"OHE snag rectification on Kanpur Central section overnight , whenever convenient a 4h tomorrow",trd,AGC-CNB,low,night
"signal maintenance on ALD-MGS at night , urgent a quick day after tomorrow",st,ALD-MGS,critical,night
"Please a 3h track circuit fault on New Delhi-Ghaziabad stretch next thursday in the afternoon, important",engg,NDLS-MTJ,high,afternoon
"signal failure attention on CNB-ALD in the evening , low priority a 3h next tuesday",st,CNB-ALD,low,evening
traction transformer check on AGC-CNB in the evening a 4h next monday,trd,AGC-CNB,medium,evening
Priority overhead line repair required near Kanpur Central section next thursday in the afternoon,trd,AGC-CNB,high,afternoon
Top priority track patrolling required near Kanpur to Allahabad next saturday,engg,CNB-ALD,critical,unspecified
"Can you schedule schedule a 2 hour rail joint repair during the afternoon on Agra Cantt section, as soon as possible",engg,MTJ-AGC,high,afternoon
"Can you schedule plan traction transformer check on BPL-ET during the afternoon next thursday, high priority",trd,BPL-ET,high,afternoon
need power supply inspection on AGC-CNB next tuesday in the morning,trd,AGC-CNB,medium,morning
"plan relay room maintenance on the Agra-Kanpur stretch during the afternoon next wednesday, immediately",st,AGC-CNB,critical,afternoon
"signal failure attention on CNB-ALD during the morning , immediately next tuesday",st,CNB-ALD,critical,morning
"OHE snag rectification on Kanpur Central section early morning , as soon as possible next thursday",trd,AGC-CNB,high,early_morning
Top priority axle counter testing required near Allahabad to Mughalsarai next monday late at night,st,ALD-MGS,critical,night
"Please a 4h signal failure attention on Mathura to Agra in the afternoon, whenever convenient",st,MTJ-AGC,low,afternoon
"need relay room maintenance on the Bhopal-Itarsi stretch in a week in the evening, routine",st,BPL-ET,low,evening
"Please need level crossing signal check on Kanpur to Allahabad next saturday before dawn, urgent",st,CNB-ALD,critical,early_morning
"Requesting to a 4h telecom cable repair on AGC-CNB next thursday in the morning, an emergency",st,AGC-CNB,critical,morning
Priority power supply inspection required near the Prayagraj-Mughalsarai stretch tomorrow during the afternoon,trd,ALD-MGS,high,afternoon
"Kindly schedule a quick rail grinding in 3 days late at night on CNB-ALD, low priority",engg,CNB-ALD,low,night
"Kindly schedule a 1h feeder cable maintenance day after tomorrow in the evening on BPL-ET, urgent",trd,BPL-ET,critical,evening
"Can you schedule plan pantograph inspection on Allahabad to Mughalsarai today, immediately",trd,ALD-MGS,critical,unspecified
"Requesting to schedule a 2 hour overhead line repair next friday in the pre-dawn hours on near Agra, whenever convenient",trd,AGC-CNB,low,early_morning
"interlocking check on the Prayagraj-Mughalsarai stretch before dawn , low priority a 2 hour tonight",st,ALD-MGS,low,early_morning
"need signal maintenance on New Delhi to Mathura tomorrow late at night, important",st,NDLS-MTJ,high,night
"Can you schedule plan route relay interlocking check on Prayagraj section in the morning next saturday, critical",st,CNB-ALD,critical,morning
"We need to a 2 hour OHE inspection on AGC-CNB next tuesday in the morning, high priority",trd,AGC-CNB,high,morning
"insulator cleaning on New Delhi to Mathura during the afternoon , important a 2h in 3 days",trd,NDLS-MTJ,high,afternoon
Low priority OHE inspection required near the Prayagraj-Mughalsarai stretch next monday in the afternoon,trd,ALD-MGS,low,afternoon
traction motor check on near Prayagraj early morning a 1h tonight,trd,ALD-MGS,medium,early_morning
"We need to schedule a quick catenary wire repair tomorrow on the Agra-Kanpur stretch, low priority",trd,AGC-CNB,low,unspecified
"Requesting to schedule interlocking check next thursday at night on near Agra, critical",st,AGC-CNB,critical,night
"We need to a 3h signal circuit testing on the Kanpur-Prayagraj stretch next saturday late at night, an emergency",st,CNB-ALD,critical,night
"Can you schedule plan interlocking check on near New Delhi in the evening in a week, routine",st,NDLS-MTJ,low,evening
"track patrolling on Kanpur Central section , as soon as possible a 3h next tuesday",engg,AGC-CNB,high,unspecified
"plan rail grinding on NDLS-MTJ overnight today, as soon as possible",engg,NDLS-MTJ,high,night
Please schedule a 4h rail fracture repair this weekend in the morning on ALD-MGS,engg,ALD-MGS,medium,morning
An emergency signal circuit testing required near Ghaziabad section during the morning,st,NDLS-MTJ,critical,morning
Immediately deep screening required near near Bhopal day after tomorrow in the afternoon,engg,BPL-ET,critical,afternoon
"Kindly need feeder cable maintenance on NDLS-MTJ in 3 days during the morning, high priority",trd,NDLS-MTJ,high,morning
point machine repair on Agra Cantt section during the evening in 3 days,st,MTJ-AGC,medium,evening
"Please schedule a 3h signal maintenance during the morning on Mathura to Agra, minor",st,MTJ-AGC,low,morning
Non-urgent traction substation check required near Bhopal to Itarsi tonight in the morning,trd,BPL-ET,low,morning
"We need to need interlocking check on Ghaziabad section in 3 days before dawn, critical",st,NDLS-MTJ,critical,early_morning
"Requesting to rail fracture repair on the Bhopal-Itarsi stretch tomorrow during the afternoon, an emergency",engg,BPL-ET,critical,afternoon
"Please need track inspection on the Prayagraj-Mughalsarai stretch in 3 days during the morning, minor",engg,ALD-MGS,low,morning
track geometry check required near Ghaziabad section next wednesday overnight,engg,NDLS-MTJ,medium,night
"Can you schedule a 2h optical fiber repair on the Agra-Kanpur stretch next thursday during the evening, non-urgent",st,AGC-CNB,low,evening
"We need to a quick signal maintenance on Bhopal to Itarsi next wednesday at night, routine",st,BPL-ET,low,night
"Please a 1h rail welding repair on Kanpur to Allahabad next friday during the evening, minor",engg,CNB-ALD,low,evening
"need level crossing signal check on NDLS-MTJ in a week in the midnight window, immediately",st,NDLS-MTJ,critical,night
Kindly plan OHE inspection on MTJ-AGC in the morning in 3 days,trd,MTJ-AGC,medium,morning
Important relay room maintenance required near Agra to Kanpur next saturday,st,AGC-CNB,high,unspecified
"Requesting to schedule a 1h traction motor check in a week in the afternoon on Agra to Kanpur, high priority",trd,AGC-CNB,high,afternoon
axle counter testing required near NDLS-MTJ next monday during the afternoon,st,NDLS-MTJ,medium,afternoon
"Can you schedule need traction substation check on the Bhopal-Itarsi stretch next wednesday early morning, whenever convenient",trd,BPL-ET,low,early_morning
"Kindly plan route relay interlocking check on near Mathura in the pre-dawn hours in 3 days, low priority",st,MTJ-AGC,low,early_morning
"Requesting to a 2 hour block section telephone repair on Agra to Kanpur next thursday, priority",st,AGC-CNB,high,unspecified
We need to a 2 hour route relay interlocking check on New Delhi to Mathura next friday in the midnight window,st,NDLS-MTJ,medium,night
"Please a 3h signal maintenance on near Agra next wednesday before dawn, immediately",st,AGC-CNB,critical,early_morning
traction substation check required near Kanpur to Allahabad next monday in the afternoon,trd,CNB-ALD,medium,afternoon
"Requesting to need signal cable inspection on the Mathura-Agra stretch next saturday overnight, routine",st,MTJ-AGC,low,night
"relay room maintenance on New Delhi to Mathura , as soon as possible a 4h next wednesday",st,NDLS-MTJ,high,unspecified
"Requesting to a quick overhead line repair on the Kanpur-Prayagraj stretch next friday in the morning, as soon as possible",trd,CNB-ALD,high,morning
"signal maintenance on Allahabad to Mughalsarai at night , routine next saturday",st,ALD-MGS,low,night
"We need to schedule a 3h OHE inspection in a week in the afternoon on near New Delhi, routine",trd,NDLS-MTJ,low,afternoon
"pantograph inspection on the Agra-Kanpur stretch late at night , critical",trd,AGC-CNB,critical,night
insulator cleaning on Mathura to Agra in the evening a 4h in 3 days,trd,MTJ-AGC,medium,evening
"auto tensioning device check on Prayagraj section , important today",trd,CNB-ALD,high,unspecified
"level crossing signal check on Ghaziabad section , low priority a 2h in a week",st,NDLS-MTJ,low,unspecified
"We need to schedule interlocking check tonight in the evening on Allahabad to Mughalsarai, high priority",st,ALD-MGS,high,evening
sleeper replacement on Itarsi section during the afternoon a 4h today,engg,BPL-ET,medium,afternoon
"We need to plan feeder cable maintenance on New Delhi to Mathura in the morning this weekend, priority",trd,NDLS-MTJ,high,morning
schedule a 2h track geometry check next tuesday during the afternoon on Allahabad to Mughalsarai,engg,ALD-MGS,medium,afternoon
"track tamping on ALD-MGS in the morning , important a 3h in 3 days",engg,ALD-MGS,high,morning
"Kindly plan signal failure attention on CNB-ALD in the evening next wednesday, priority",st,CNB-ALD,high,evening
"Kindly need power supply inspection on Agra to Kanpur next tuesday in the pre-dawn hours, as soon as possible",trd,AGC-CNB,high,early_morning
"signal circuit testing on near Prayagraj next thursday, priority",st,ALD-MGS,high,unspecified
"Can you schedule a 4h signal failure attention on Mathura to Agra next friday in the morning, immediately",st,MTJ-AGC,critical,morning
"level crossing signal check on Prayagraj section during the morning , an emergency a 4h next friday",st,CNB-ALD,critical,morning
"Please need broken rail repair on Itarsi section next friday during the evening, priority",engg,BPL-ET,high,evening
"We need to schedule a 1h traction substation check next tuesday on Bhopal to Itarsi, top priority",trd,BPL-ET,critical,unspecified
"Can you schedule need track geometry check on Agra Cantt section tomorrow early morning, routine",engg,MTJ-AGC,low,early_morning
sleeper replacement on New Delhi to Mathura a quick next wednesday,engg,NDLS-MTJ,medium,unspecified
plan signal failure attention on Allahabad to Mughalsarai during the evening in 3 days,st,ALD-MGS,medium,evening
"auto tensioning device check on near Mathura , minor today",trd,MTJ-AGC,low,unspecified
Priority track geometry check required near CNB-ALD next tuesday before dawn,engg,CNB-ALD,high,early_morning
plan rail fracture repair on near Mathura early morning,engg,MTJ-AGC,medium,early_morning
"Requesting to need bridge inspection on Kanpur to Allahabad next friday in the evening, top priority",engg,CNB-ALD,critical,evening
"insulator cleaning on the Mathura-Agra stretch early morning , low priority a 2 hour",trd,MTJ-AGC,low,early_morning
"Kindly plan insulator cleaning on MTJ-AGC in the pre-dawn hours next tuesday, priority",trd,MTJ-AGC,high,early_morning
"plan point machine repair on MTJ-AGC at night next friday, low priority",st,MTJ-AGC,low,night
point machine repair required near the Pandit Deen Dayal Upadhyaya Jn section next wednesday in the afternoon,st,ALD-MGS,medium,afternoon
"rail joint repair on near Kanpur during the evening , critical a 2h next monday",engg,CNB-ALD,critical,evening
"Requesting to plan OHE inspection on near New Delhi in the evening next friday, urgent",trd,NDLS-MTJ,critical,evening
Low priority route relay interlocking check required near Mathura to Agra in the pre-dawn hours,st,MTJ-AGC,low,early_morning
"Can you schedule schedule a 4h rail welding repair this weekend late at night on Mathura to Agra, as soon as possible",engg,MTJ-AGC,high,night
"Please plan track patrolling on near Mathura before dawn next monday, as soon as possible",engg,MTJ-AGC,high,early_morning
"Please a 2 hour track geometry check on Allahabad to Mughalsarai this weekend in the midnight window, asap",engg,ALD-MGS,critical,night
"Please a 1h block section telephone repair on the Kanpur-Prayagraj stretch during the afternoon, non-urgent",st,CNB-ALD,low,afternoon
"Kindly plan telecom cable repair on near Agra in the afternoon next tuesday, urgent",st,AGC-CNB,critical,afternoon
need signal maintenance on New Delhi-Ghaziabad stretch next thursday,st,NDLS-MTJ,medium,unspecified
"Requesting to schedule a quick OHE wire tensioning next tuesday in the pre-dawn hours on Ghaziabad section, minor",trd,NDLS-MTJ,low,early_morning
OHE inspection on Allahabad to Mughalsarai overnight a 2h,trd,ALD-MGS,medium,night
"OHE snag rectification on the Kanpur-Prayagraj stretch , routine a 2h today",trd,CNB-ALD,low,unspecified
"Can you schedule schedule a 3h telecom cable repair next monday on Mathura to Agra, important",st,MTJ-AGC,high,unspecified
"Requesting to need signal circuit testing on near Kanpur this weekend in the morning, as soon as possible",st,CNB-ALD,high,morning
"Kindly schedule signal cable inspection today at night on near Mathura, as soon as possible",st,MTJ-AGC,high,night
"Please telecom cable repair on the Pandit Deen Dayal Upadhyaya Jn section next tuesday in the afternoon, priority",st,ALD-MGS,high,afternoon
"Can you schedule plan block instrument check on the Prayagraj-Mughalsarai stretch overnight next monday, critical",st,ALD-MGS,critical,night
"Kindly schedule a quick track patrolling in 3 days in the afternoon on the Pandit Deen Dayal Upadhyaya Jn section, asap",engg,ALD-MGS,critical,afternoon
need deep screening on near Mathura next friday,engg,MTJ-AGC,medium,unspecified
"Can you schedule a 3h OHE snag rectification on the Agra-Kanpur stretch next wednesday during the morning, whenever convenient",trd,AGC-CNB,low,morning
High priority rail joint repair required near Agra Cantt section in 3 days,engg,MTJ-AGC,high,unspecified
"Kindly plan rail welding repair on near Agra in the afternoon next thursday, urgent",engg,AGC-CNB,critical,afternoon
circuit breaker testing required near NDLS-MTJ in 3 days early morning,trd,NDLS-MTJ,medium,early_morning
"insulator cleaning on the Pandit Deen Dayal Upadhyaya Jn section in the evening , urgent a 2 hour day after tomorrow",trd,ALD-MGS,critical,evening
"traction substation check on the Mathura-Agra stretch , high priority a 2 hour day after tomorrow",trd,MTJ-AGC,high,unspecified
"Requesting to need track patrolling on the Mathura-Agra stretch next wednesday in the evening, non-urgent",engg,MTJ-AGC,low,evening
"Can you schedule need overhead line repair on New Delhi to Mathura in a week, priority",trd,NDLS-MTJ,high,unspecified
"Kindly schedule a quick OHE wire tensioning next thursday on the Prayagraj-Mughalsarai stretch, non-urgent",trd,ALD-MGS,low,unspecified
"We need to schedule circuit breaker testing next saturday in the evening on Kanpur to Allahabad, top priority",trd,CNB-ALD,critical,evening
Requesting to need optical fiber repair on the Agra-Kanpur stretch next saturday during the morning,st,AGC-CNB,medium,morning
Whenever convenient block instrument check required near NDLS-MTJ this weekend in the evening,st,NDLS-MTJ,low,evening
As soon as possible OHE snag rectification required near near Agra next friday during the afternoon,trd,AGC-CNB,high,afternoon
"formation strengthening on near Bhopal in the evening , as soon as possible a 3h next friday",engg,BPL-ET,high,evening
Non-urgent traction transformer check required near ALD-MGS next monday,trd,ALD-MGS,low,unspecified
Can you schedule need OHE snag rectification on Agra Cantt section next tuesday,trd,MTJ-AGC,medium,unspecified
"rail grinding on BPL-ET in the midnight window , low priority a 4h next saturday",engg,BPL-ET,low,night
As soon as possible relay room maintenance required near CNB-ALD next saturday,st,CNB-ALD,high,unspecified
"Can you schedule need insulator cleaning on Agra Cantt section this weekend early morning, important",trd,MTJ-AGC,high,early_morning
"signal maintenance on Mathura to Agra during the evening , non-urgent a 3h tonight",st,MTJ-AGC,low,evening
Critical track patrolling required near Mathura to Agra next monday,engg,MTJ-AGC,critical,unspecified
"bridge inspection on near Bhopal during the evening , an emergency a 2h tonight",engg,BPL-ET,critical,evening
"We need to plan track tamping on Mathura to Agra during the afternoon today, as soon as possible",engg,MTJ-AGC,high,afternoon
schedule a 2 hour signal maintenance this weekend during the morning on Allahabad to Mughalsarai,st,ALD-MGS,medium,morning
"Kindly need track inspection on CNB-ALD next tuesday late at night, minor",engg,CNB-ALD,low,night
"pantograph inspection on Prayagraj section late at night , critical a 3h next saturday",trd,CNB-ALD,critical,night
"schedule a 2 hour rail welding repair this weekend in the midnight window on BPL-ET, minor",engg,BPL-ET,low,night
"We need to plan track circuit fault on the Mathura-Agra stretch during the morning day after tomorrow, high priority",engg,MTJ-AGC,high,morning
Can you schedule need traction motor check on MTJ-AGC in 3 days during the morning,trd,MTJ-AGC,medium,morning
Can you schedule plan ballast renewal on Kanpur to Allahabad in the midnight window next wednesday,engg,CNB-ALD,medium,night
"Can you schedule a 4h pantograph inspection on Mathura to Agra next friday in the afternoon, priority",trd,MTJ-AGC,high,afternoon
Asap signal circuit testing required near CNB-ALD this weekend in the pre-dawn hours,st,CNB-ALD,critical,early_morning
"Please a 1h overhead line repair on Bhopal to Itarsi next saturday late at night, non-urgent",trd,BPL-ET,low,night
Immediately circuit breaker testing required near near Agra in 3 days in the midnight window,trd,AGC-CNB,critical,night
"schedule circuit breaker testing tonight on New Delhi-Ghaziabad stretch, an emergency",trd,NDLS-MTJ,critical,unspecified
Please a 2 hour auto tensioning device check on near Mathura next friday during the afternoon,trd,MTJ-AGC,medium,afternoon
"Requesting to a 4h point machine repair on BPL-ET next friday, important",st,BPL-ET,high,unspecified
"Kindly schedule a quick power supply inspection early morning on the Mathura-Agra stretch, non-urgent",trd,MTJ-AGC,low,early_morning
"Please plan rail welding repair on New Delhi to Mathura at night next thursday, priority",engg,NDLS-MTJ,high,night
Can you schedule plan rail joint repair on Prayagraj section in the afternoon next monday,engg,CNB-ALD,medium,afternoon
"Please schedule a 2 hour relay room maintenance in the evening on the Bhopal-Itarsi stretch, low priority",st,BPL-ET,low,evening
"need track patrolling on the Bhopal-Itarsi stretch next friday before dawn, urgent",engg,BPL-ET,critical,early_morning
We need to a 2 hour signal cable inspection on Itarsi section day after tomorrow in the pre-dawn hours,st,BPL-ET,medium,early_morning
"Kindly need overhead line repair on BPL-ET this weekend in the afternoon, minor",trd,BPL-ET,low,afternoon
"Can you schedule plan bridge inspection on Kanpur to Allahabad during the afternoon next wednesday, non-urgent",engg,CNB-ALD,low,afternoon
signal maintenance required near CNB-ALD next wednesday during the morning,st,CNB-ALD,medium,morning
"Can you schedule a 2 hour ballast renewal on the Prayagraj-Mughalsarai stretch tonight during the evening, low priority",engg,ALD-MGS,low,evening
"We need to catenary wire repair on Allahabad to Mughalsarai day after tomorrow, routine",trd,ALD-MGS,low,unspecified
"bridge inspection on Agra Cantt section during the evening , top priority a 2h",engg,MTJ-AGC,critical,evening
"We need to plan overhead line repair on the Prayagraj-Mughalsarai stretch in the midnight window next tuesday, critical",trd,ALD-MGS,critical,night
"Kindly schedule a 1h signal circuit testing today in the evening on New Delhi to Mathura, non-urgent",st,NDLS-MTJ,low,evening
plan OHE wire tensioning on Agra to Kanpur in the midnight window in 3 days,trd,AGC-CNB,medium,night
traction substation check required near the Prayagraj-Mughalsarai stretch during the evening,trd,ALD-MGS,medium,evening
"track patrolling on the Pandit Deen Dayal Upadhyaya Jn section in the morning , routine a 2 hour",engg,ALD-MGS,low,morning
Can you schedule plan track patrolling on Ghaziabad section in the morning tomorrow,engg,NDLS-MTJ,medium,morning
"We need to a 2h route relay interlocking check on the Kanpur-Prayagraj stretch next saturday, whenever convenient",st,CNB-ALD,low,unspecified
"We need to a 4h OHE inspection on AGC-CNB in the evening, urgent",trd,AGC-CNB,critical,evening
"Please need rail welding repair on near Prayagraj next monday early morning, top priority",engg,ALD-MGS,critical,early_morning
"pantograph inspection on the Pandit Deen Dayal Upadhyaya Jn section , important",trd,ALD-MGS,high,unspecified
"deep screening on near Kanpur , minor a 4h next saturday",engg,CNB-ALD,low,unspecified
"Kindly schedule a 2h signal circuit testing this weekend during the evening on the Mathura-Agra stretch, minor",st,MTJ-AGC,low,evening
Kindly a 2 hour point machine repair on the Kanpur-Prayagraj stretch today overnight,st,CNB-ALD,medium,night
Minor signal failure attention required near Bhopal to Itarsi today overnight,st,BPL-ET,low,night
"OHE snag rectification on Agra Cantt section , whenever convenient a 3h next tuesday",trd,MTJ-AGC,low,unspecified
We need to need overhead line repair on the Delhi-Mathura corridor in 3 days in the afternoon,trd,NDLS-MTJ,medium,afternoon
Can you schedule plan OHE wire tensioning on near New Delhi in the evening day after tomorrow,trd,NDLS-MTJ,medium,evening
Requesting to need sleeper replacement on New Delhi to Mathura this weekend before dawn,engg,NDLS-MTJ,medium,early_morning
"Kindly need block instrument check on near Agra tomorrow during the evening, asap",st,AGC-CNB,critical,evening
"Requesting to plan bridge inspection on Agra Cantt section at night this weekend, urgent",engg,MTJ-AGC,critical,night
signal failure attention on BPL-ET a 3h next thursday,st,BPL-ET,medium,unspecified
"We need to a 3h traction motor check on Allahabad to Mughalsarai in a week before dawn, high priority",trd,ALD-MGS,high,early_morning
"Can you schedule a quick OHE wire tensioning on MTJ-AGC this weekend, low priority",trd,MTJ-AGC,low,unspecified
"Requesting to schedule a 2 hour formation strengthening next friday before dawn on Mathura to Agra, minor",engg,MTJ-AGC,low,early_morning
"Please a 3h bridge inspection on near Agra this weekend in the evening, priority",engg,AGC-CNB,high,evening
Please plan relay room maintenance on near Bhopal during the morning,st,BPL-ET,medium,morning
"need formation strengthening on CNB-ALD in 3 days during the morning, non-urgent",engg,CNB-ALD,low,morning
"Kindly schedule a 2h interlocking check in 3 days in the evening on Kanpur to Allahabad, minor",st,CNB-ALD,low,evening
Whenever convenient auto tensioning device check required near Agra Cantt section next friday during the evening,trd,MTJ-AGC,low,evening
Kindly a 1h telecom cable repair on near Agra today during the afternoon,st,AGC-CNB,medium,afternoon
"formation strengthening on Allahabad to Mughalsarai overnight , priority a 2 hour next friday",engg,ALD-MGS,high,night
"a 3h telecom cable repair on BPL-ET next thursday in the afternoon, as soon as possible",st,BPL-ET,high,afternoon
Requesting to need track circuit fault on the Agra-Kanpur stretch next tuesday in the afternoon,engg,AGC-CNB,medium,afternoon
"Requesting to schedule a 1h interlocking check this weekend in the afternoon on near New Delhi, non-urgent",st,NDLS-MTJ,low,afternoon
"Kindly schedule broken rail repair next thursday during the evening on CNB-ALD, minor",engg,CNB-ALD,low,evening
"schedule a 1h track geometry check tomorrow on New Delhi to Mathura, priority",engg,NDLS-MTJ,high,unspecified
"We need to need signal circuit testing on Agra Cantt section day after tomorrow in the afternoon, asap",st,MTJ-AGC,critical,afternoon
"We need to plan axle counter testing on NDLS-MTJ in the pre-dawn hours this weekend, high priority",st,NDLS-MTJ,high,early_morning
"Kindly need sleeper replacement on the Kanpur-Prayagraj stretch next monday in the afternoon, immediately",engg,CNB-ALD,critical,afternoon
"Requesting to need auto tensioning device check on near Prayagraj next tuesday before dawn, whenever convenient",trd,ALD-MGS,low,early_morning
"sleeper replacement on New Delhi to Mathura early morning , as soon as possible a 4h tonight",engg,NDLS-MTJ,high,early_morning
"Requesting to plan overhead line repair on the Kanpur-Prayagraj stretch during the evening next tuesday, an emergency",trd,CNB-ALD,critical,evening
"schedule a 1h OHE snag rectification next monday in the afternoon on Agra to Kanpur, as soon as possible",trd,AGC-CNB,high,afternoon
"Please a 4h rail joint repair on Mathura to Agra tomorrow, routine",engg,MTJ-AGC,low,unspecified
"We need to plan track circuit fault on Prayagraj section before dawn in a week, minor",engg,CNB-ALD,low,early_morning
point machine repair required near the Kanpur-Prayagraj stretch next thursday in the afternoon,st,CNB-ALD,medium,afternoon
Asap track patrolling required near Mathura to Agra next thursday during the afternoon,engg,MTJ-AGC,critical,afternoon
"track patrolling on Ghaziabad section before dawn , important a 4h next saturday",engg,NDLS-MTJ,high,early_morning
traction motor check required near Kanpur to Allahabad next saturday early morning,trd,CNB-ALD,medium,early_morning
Requesting to plan traction transformer check on NDLS-MTJ before dawn next thursday,trd,NDLS-MTJ,medium,early_morning
Low priority axle counter testing required near New Delhi to Mathura tonight,st,NDLS-MTJ,low,unspecified
Kindly need rail grinding on Bhopal to Itarsi next monday,engg,BPL-ET,medium,unspecified
Whenever convenient level crossing signal check required near Allahabad to Mughalsarai day after tomorrow,st,ALD-MGS,low,unspecified
level crossing signal check required near ALD-MGS next tuesday,st,ALD-MGS,medium,unspecified
"Requesting to need sleeper replacement on near Kanpur day after tomorrow overnight, non-urgent",engg,CNB-ALD,low,night
"OHE wire tensioning on Prayagraj section in the pre-dawn hours , important a 3h tonight",trd,CNB-ALD,high,early_morning
a 2 hour rail grinding on the Prayagraj-Mughalsarai stretch this weekend during the evening,engg,ALD-MGS,medium,evening
"Kindly a 2 hour auto tensioning device check on Kanpur to Allahabad tonight during the morning, as soon as possible",trd,CNB-ALD,high,morning
schedule a 4h signal cable inspection tonight at night on New Delhi-Ghaziabad stretch,st,NDLS-MTJ,medium,night
"We need to schedule a quick deep screening today on ALD-MGS, critical",engg,ALD-MGS,critical,unspecified
"a 3h feeder cable maintenance on near Mathura next monday in the evening, non-urgent",trd,MTJ-AGC,low,evening
Please need OHE wire tensioning on NDLS-MTJ day after tomorrow before dawn,trd,NDLS-MTJ,medium,early_morning
"need relay room maintenance on New Delhi to Mathura in 3 days in the pre-dawn hours, whenever convenient",st,NDLS-MTJ,low,early_morning
Kindly plan telecom cable repair on the Pandit Deen Dayal Upadhyaya Jn section next monday,st,ALD-MGS,medium,unspecified
optical fiber repair on near Prayagraj during the morning a 1h next saturday,st,ALD-MGS,medium,morning
"plan point machine repair on ALD-MGS during the morning in a week, routine",st,ALD-MGS,low,morning
deep screening required near Agra to Kanpur tonight,engg,AGC-CNB,medium,unspecified
"plan OHE snag rectification on the Prayagraj-Mughalsarai stretch during the afternoon today, high priority",trd,ALD-MGS,high,afternoon
Kindly schedule a 2h traction transformer check this weekend during the afternoon on MTJ-AGC,trd,MTJ-AGC,medium,afternoon
Priority broken rail repair required near MTJ-AGC in 3 days,engg,MTJ-AGC,high,unspecified
"track inspection on the Prayagraj-Mughalsarai stretch late at night , as soon as possible a 4h in a week",engg,ALD-MGS,high,night
"Please plan ballast renewal on BPL-ET in the morning this weekend, as soon as possible",engg,BPL-ET,high,morning
Requesting to a 1h broken rail repair on Kanpur to Allahabad today during the evening,engg,CNB-ALD,medium,evening
OHE inspection on Agra to Kanpur during the evening a 3h next friday,trd,AGC-CNB,medium,evening
Kindly need rail grinding on the Kanpur-Prayagraj stretch tomorrow in the pre-dawn hours,engg,CNB-ALD,medium,early_morning
"Please need signal maintenance on the Delhi-Mathura corridor this weekend before dawn, urgent",st,NDLS-MTJ,critical,early_morning
Critical traction transformer check required near Kanpur Central section in 3 days in the pre-dawn hours,trd,AGC-CNB,critical,early_morning
"Please a 2h catenary wire repair on Prayagraj section tomorrow before dawn, routine",trd,CNB-ALD,low,early_morning
"Please ballast renewal on New Delhi to Mathura next thursday, top priority",engg,NDLS-MTJ,critical,unspecified
"Requesting to plan rail grinding on near Prayagraj in the evening next thursday, critical",engg,ALD-MGS,critical,evening
"Can you schedule traction substation check on the Pandit Deen Dayal Upadhyaya Jn section tomorrow in the morning, minor",trd,ALD-MGS,low,morning
"We need to plan power supply inspection on ALD-MGS tomorrow, high priority",trd,ALD-MGS,high,unspecified
Immediately auto tensioning device check required near Bhopal to Itarsi in 3 days early morning,trd,BPL-ET,critical,early_morning
"Can you schedule a 3h signal maintenance on AGC-CNB this weekend late at night, routine",st,AGC-CNB,low,night
Requesting to schedule a 1h traction substation check today in the morning on the Pandit Deen Dayal Upadhyaya Jn section,trd,ALD-MGS,medium,morning
Kindly plan track inspection on near Mathura in the afternoon next wednesday,engg,MTJ-AGC,medium,afternoon
"Requesting to schedule a quick signal failure attention next monday during the afternoon on near Kanpur, top priority",st,CNB-ALD,critical,afternoon
"Please a 4h route relay interlocking check on Itarsi section in 3 days in the midnight window, important",st,BPL-ET,high,night
Urgent signal maintenance required near Agra Cantt section next monday,st,MTJ-AGC,critical,unspecified
"We need to a quick track tamping on the Prayagraj-Mughalsarai stretch next tuesday in the midnight window, low priority",engg,ALD-MGS,low,night
Can you schedule schedule a 4h bridge inspection next tuesday during the evening on the Prayagraj-Mughalsarai stretch,engg,ALD-MGS,medium,evening
"Requesting to need catenary wire repair on Mathura to Agra today in the midnight window, routine",trd,MTJ-AGC,low,night
"Please schedule a 2 hour auto tensioning device check next thursday in the morning on NDLS-MTJ, routine",trd,NDLS-MTJ,low,morning
"Requesting to plan track tamping on Agra to Kanpur during the morning day after tomorrow, immediately",engg,AGC-CNB,critical,morning
"plan insulator cleaning on Allahabad to Mughalsarai during the afternoon next friday, important",trd,ALD-MGS,high,afternoon
Requesting to need point machine repair on the Mathura-Agra stretch next thursday,st,MTJ-AGC,medium,unspecified
"Can you schedule schedule a 2h telecom cable repair tomorrow in the afternoon on New Delhi to Mathura, asap",st,NDLS-MTJ,critical,afternoon
"Requesting to schedule a quick track geometry check next friday before dawn on the Kanpur-Prayagraj stretch, priority",engg,CNB-ALD,high,early_morning
"We need to need track tamping on ALD-MGS next tuesday, an emergency",engg,ALD-MGS,critical,unspecified
pantograph inspection required near Prayagraj section this weekend,trd,CNB-ALD,medium,unspecified
"Kindly schedule a 2h rail welding repair next wednesday early morning on New Delhi to Mathura, immediately",engg,NDLS-MTJ,critical,early_morning
"plan circuit breaker testing on Prayagraj section during the morning next thursday, urgent",trd,CNB-ALD,critical,morning
rail fracture repair on near Bhopal during the morning a 3h tonight,engg,BPL-ET,medium,morning
Urgent route relay interlocking check required near Agra Cantt section today during the afternoon,st,MTJ-AGC,critical,afternoon
"Requesting to a 4h track circuit fault on Agra Cantt section next tuesday in the evening, urgent",engg,MTJ-AGC,critical,evening
"Can you schedule schedule a 2 hour telecom cable repair this weekend in the morning on near Agra, minor",st,AGC-CNB,low,morning
"Please need level crossing signal check on Agra to Kanpur in 3 days overnight, whenever convenient",st,AGC-CNB,low,night
We need to a 2 hour pantograph inspection on near Bhopal next saturday during the evening,trd,BPL-ET,medium,evening
"Please schedule a 2 hour track tamping tonight in the afternoon on NDLS-MTJ, asap",engg,NDLS-MTJ,critical,afternoon
overhead line repair required near the Pandit Deen Dayal Upadhyaya Jn section next saturday,trd,ALD-MGS,medium,unspecified
"auto tensioning device check on Agra Cantt section , as soon as possible a 2h next friday",trd,MTJ-AGC,high,unspecified
Kindly a 4h signal maintenance on Allahabad to Mughalsarai next tuesday,st,ALD-MGS,medium,unspecified
"traction substation check on New Delhi to Mathura late at night , minor a quick day after tomorrow",trd,NDLS-MTJ,low,night
Whenever convenient level crossing signal check required near Agra to Kanpur this weekend at night,st,AGC-CNB,low,night
Kindly need traction motor check on the Bhopal-Itarsi stretch next friday in the morning,trd,BPL-ET,medium,morning
traction transformer check required near Prayagraj section this weekend early morning,trd,CNB-ALD,medium,early_morning
"traction transformer check on Kanpur Central section next thursday in the morning, priority",trd,AGC-CNB,high,morning
"Requesting to need route relay interlocking check on BPL-ET next wednesday during the morning, low priority",st,BPL-ET,low,morning
"Requesting to schedule a 2 hour OHE snag rectification in a week in the morning on the Agra-Kanpur stretch, important",trd,AGC-CNB,high,morning
a 4h feeder cable maintenance on Agra Cantt section next saturday,trd,MTJ-AGC,medium,unspecified
Critical rail welding repair required near Ghaziabad section next saturday,engg,NDLS-MTJ,critical,unspecified
"interlocking check on Bhopal to Itarsi during the evening , an emergency a 2h next thursday",st,BPL-ET,critical,evening
point machine repair required near Bhopal to Itarsi tomorrow in the pre-dawn hours,st,BPL-ET,medium,early_morning
rail joint repair on the Pandit Deen Dayal Upadhyaya Jn section a 3h next friday,engg,ALD-MGS,medium,unspecified
a 2 hour track inspection on Agra Cantt section this weekend during the morning,engg,MTJ-AGC,medium,morning
"Can you schedule need level crossing signal check on Allahabad to Mughalsarai next saturday in the afternoon, asap",st,ALD-MGS,critical,afternoon
"need formation strengthening on BPL-ET next tuesday at night, non-urgent",engg,BPL-ET,low,night
Urgent block instrument check required near Kanpur Central section in the evening,st,AGC-CNB,critical,evening
Requesting to plan signal failure attention on Agra to Kanpur in the pre-dawn hours in a week,st,AGC-CNB,medium,early_morning
"auto tensioning device check on near Bhopal during the afternoon , important a 3h day after tomorrow",trd,BPL-ET,high,afternoon
"Kindly schedule a 1h relay room maintenance next saturday in the evening on NDLS-MTJ, non-urgent",st,NDLS-MTJ,low,evening
Top priority bridge inspection required near New Delhi to Mathura next thursday,engg,NDLS-MTJ,critical,unspecified
"We need to need optical fiber repair on ALD-MGS tonight in the afternoon, whenever convenient",st,ALD-MGS,low,afternoon
"auto tensioning device check on the Mathura-Agra stretch in the afternoon , as soon as possible a 2h next tuesday",trd,MTJ-AGC,high,afternoon
"catenary wire repair on New Delhi-Ghaziabad stretch in the pre-dawn hours , urgent a 2 hour this weekend",trd,NDLS-MTJ,critical,early_morning
"auto tensioning device check on Ghaziabad section in the afternoon , critical a 4h next thursday",trd,NDLS-MTJ,critical,afternoon
"Requesting to a quick route relay interlocking check on Itarsi section in 3 days in the midnight window, important",st,BPL-ET,high,night
Kindly plan insulator cleaning on near Mathura next wednesday,trd,MTJ-AGC,medium,unspecified
"Requesting to need block section telephone repair on Kanpur to Allahabad in 3 days in the midnight window, minor",st,CNB-ALD,low,night
"Kindly a 4h signal cable inspection on Kanpur Central section next monday during the afternoon, priority",st,AGC-CNB,high,afternoon
"Can you schedule need insulator cleaning on the Mathura-Agra stretch next wednesday during the evening, immediately",trd,MTJ-AGC,critical,evening
We need to schedule a 1h track circuit fault early morning on New Delhi to Mathura,engg,NDLS-MTJ,medium,early_morning
"Kindly schedule a 2h optical fiber repair next saturday on MTJ-AGC, important",st,MTJ-AGC,high,unspecified
"Kindly a quick relay room maintenance on Mathura to Agra next wednesday, asap",st,MTJ-AGC,critical,unspecified
"Please need overhead line repair on near Mathura tonight during the evening, immediately",trd,MTJ-AGC,critical,evening
signal cable inspection required near Itarsi section this weekend before dawn,st,BPL-ET,medium,early_morning
"We need to plan power supply inspection on ALD-MGS in the morning next tuesday, top priority",trd,ALD-MGS,critical,morning
"Can you schedule need track tamping on Agra Cantt section tonight before dawn, low priority",engg,MTJ-AGC,low,early_morning
"Please schedule a 4h overhead line repair next wednesday early morning on the Mathura-Agra stretch, priority",trd,MTJ-AGC,high,early_morning
"signal failure attention on Allahabad to Mughalsarai early morning , urgent a 2 hour this weekend",st,ALD-MGS,critical,early_morning
OHE inspection on the Delhi-Mathura corridor day after tomorrow,trd,NDLS-MTJ,medium,unspecified
"Requesting to plan signal maintenance on Agra to Kanpur in the pre-dawn hours today, important",st,AGC-CNB,high,early_morning
feeder cable maintenance required near near Prayagraj tonight,trd,ALD-MGS,medium,unspecified
"OHE wire tensioning on near New Delhi in the afternoon , low priority a 3h next friday",trd,NDLS-MTJ,low,afternoon
"traction motor check on BPL-ET during the evening , whenever convenient next thursday",trd,BPL-ET,low,evening
block instrument check on near Agra a 2h today,st,AGC-CNB,medium,unspecified
"Requesting to schedule a 1h insulator cleaning next monday in the morning on Agra Cantt section, priority",trd,MTJ-AGC,high,morning
"auto tensioning device check on Kanpur to Allahabad during the evening , non-urgent a 1h next friday",trd,CNB-ALD,low,evening
"sleeper replacement on Allahabad to Mughalsarai during the evening , critical a 3h next friday",engg,ALD-MGS,critical,evening
"plan insulator cleaning on Mathura to Agra in the morning tomorrow, top priority",trd,MTJ-AGC,critical,morning
traction motor check required near the Pandit Deen Dayal Upadhyaya Jn section tonight at night,trd,ALD-MGS,medium,night
Routine signal cable inspection required near the Bhopal-Itarsi stretch tomorrow during the afternoon,st,BPL-ET,low,afternoon
"Requesting to plan interlocking check on the Agra-Kanpur stretch in the pre-dawn hours next friday, low priority",st,AGC-CNB,low,early_morning
As soon as possible formation strengthening required near BPL-ET tonight before dawn,engg,BPL-ET,high,early_morning
Please plan ballast renewal on near New Delhi in the pre-dawn hours next wednesday,engg,NDLS-MTJ,medium,early_morning
Can you schedule plan overhead line repair on the Mathura-Agra stretch during the evening,trd,MTJ-AGC,medium,evening
"We need to telecom cable repair on near Bhopal tomorrow during the afternoon, minor",st,BPL-ET,low,afternoon
"circuit breaker testing on MTJ-AGC , critical a 4h",trd,MTJ-AGC,critical,unspecified
"We need to schedule a quick axle counter testing next saturday during the morning on Prayagraj section, important",st,CNB-ALD,high,morning
"Please plan traction transformer check on Mathura to Agra during the evening day after tomorrow, as soon as possible",trd,MTJ-AGC,high,evening
"need track geometry check on Itarsi section in the evening, urgent",engg,BPL-ET,critical,evening
Top priority insulator cleaning required near Prayagraj section in a week in the afternoon,trd,CNB-ALD,critical,afternoon
"Requesting to need block instrument check on the Kanpur-Prayagraj stretch next friday during the evening, priority",st,CNB-ALD,high,evening
"rail welding repair on CNB-ALD before dawn , asap a 2 hour today",engg,CNB-ALD,critical,early_morning
"OHE wire tensioning on the Agra-Kanpur stretch during the morning , urgent a 2 hour in 3 days",trd,AGC-CNB,critical,morning
signal cable inspection required near the Kanpur-Prayagraj stretch this weekend in the afternoon,st,CNB-ALD,medium,afternoon
"Kindly a 2 hour OHE inspection on near Bhopal next tuesday, high priority",trd,BPL-ET,high,unspecified
Can you schedule plan feeder cable maintenance on the Kanpur-Prayagraj stretch in the afternoon next friday,trd,CNB-ALD,medium,afternoon
Can you schedule schedule a 2h rail welding repair next thursday in the midnight window on Agra to Kanpur,engg,AGC-CNB,medium,night
OHE inspection on Kanpur to Allahabad early morning a 3h,trd,CNB-ALD,medium,early_morning
Kindly schedule a 1h auto tensioning device check day after tomorrow in the evening on Itarsi section,trd,BPL-ET,medium,evening
Requesting to need block instrument check on the Pandit Deen Dayal Upadhyaya Jn section in a week late at night,st,ALD-MGS,medium,night
Routine signal maintenance required near the Mathura-Agra stretch tomorrow at night,st,MTJ-AGC,low,night
"We need to need pantograph inspection on Prayagraj section tomorrow in the evening, an emergency",trd,CNB-ALD,critical,evening
"Please schedule block instrument check next tuesday on Prayagraj section, top priority",st,CNB-ALD,critical,unspecified
"broken rail repair on AGC-CNB , priority a 3h next monday",engg,AGC-CNB,high,unspecified
"Can you schedule schedule a 3h traction transformer check next monday in the morning on BPL-ET, urgent",trd,BPL-ET,critical,morning
"Can you schedule need track tamping on Agra to Kanpur in a week at night, whenever convenient",engg,AGC-CNB,low,night
"a 3h route relay interlocking check on NDLS-MTJ in 3 days in the afternoon, as soon as possible",st,NDLS-MTJ,high,afternoon
rail fracture repair required near near Mathura next monday at night,engg,MTJ-AGC,medium,night
Requesting to need OHE wire tensioning on the Delhi-Mathura corridor next saturday before dawn,trd,NDLS-MTJ,medium,early_morning
"We need to plan formation strengthening on near Agra late at night in a week, asap",engg,AGC-CNB,critical,night
"Requesting to need interlocking check on the Pandit Deen Dayal Upadhyaya Jn section next thursday in the afternoon, routine",st,ALD-MGS,low,afternoon
As soon as possible catenary wire repair required near Allahabad to Mughalsarai this weekend in the midnight window,trd,ALD-MGS,high,night
"Kindly schedule a 3h ballast renewal day after tomorrow late at night on Allahabad to Mughalsarai, important",engg,ALD-MGS,high,night
"Requesting to a quick track inspection on near Prayagraj next wednesday late at night, top priority",engg,ALD-MGS,critical,night
Can you schedule a 2h relay room maintenance on the Agra-Kanpur stretch next wednesday in the pre-dawn hours,st,AGC-CNB,medium,early_morning
"Requesting to schedule signal cable inspection this weekend on NDLS-MTJ, priority",st,NDLS-MTJ,high,unspecified
"Please track geometry check on near Prayagraj next saturday during the morning, immediately",engg,ALD-MGS,critical,morning
"sleeper replacement on CNB-ALD at night , asap a 4h next saturday",engg,CNB-ALD,critical,night
"OHE wire tensioning on the Mathura-Agra stretch late at night , important a 2h next monday",trd,MTJ-AGC,high,night
"OHE snag rectification on the Kanpur-Prayagraj stretch in the afternoon , high priority tomorrow",trd,CNB-ALD,high,afternoon
Urgent optical fiber repair required near the Kanpur-Prayagraj stretch next saturday during the evening,st,CNB-ALD,critical,evening
"schedule a 1h OHE inspection today early morning on near Agra, an emergency",trd,AGC-CNB,critical,early_morning
Minor signal maintenance required near ALD-MGS day after tomorrow at night,st,ALD-MGS,low,night
"Can you schedule schedule a quick formation strengthening in 3 days in the morning on ALD-MGS, routine",engg,ALD-MGS,low,morning
We need to a quick signal cable inspection on near Prayagraj during the evening,st,ALD-MGS,medium,evening
Immediately OHE wire tensioning required near near Bhopal next wednesday in the pre-dawn hours,trd,BPL-ET,critical,early_morning
Kindly a 3h optical fiber repair on Allahabad to Mughalsarai tonight during the afternoon,st,ALD-MGS,medium,afternoon
An emergency point machine repair required near the Bhopal-Itarsi stretch next wednesday during the evening,st,BPL-ET,critical,evening
Can you schedule need point machine repair on Agra to Kanpur next friday during the afternoon,st,AGC-CNB,medium,afternoon
track inspection required near Ghaziabad section next saturday in the pre-dawn hours,engg,NDLS-MTJ,medium,early_morning
signal circuit testing required near Itarsi section next tuesday in the pre-dawn hours,st,BPL-ET,medium,early_morning
"Please need interlocking check on Ghaziabad section next tuesday, low priority",st,NDLS-MTJ,low,unspecified
"a 4h insulator cleaning on near Mathura next wednesday during the evening, non-urgent",trd,MTJ-AGC,low,evening
"need telecom cable repair on Kanpur to Allahabad, whenever convenient",st,CNB-ALD,low,unspecified
"Kindly schedule a 1h point machine repair tonight before dawn on MTJ-AGC, as soon as possible",st,MTJ-AGC,high,early_morning
"Can you schedule plan block section telephone repair on Itarsi section during the evening this weekend, urgent",st,BPL-ET,critical,evening
"Kindly schedule optical fiber repair in a week overnight on CNB-ALD, low priority",st,CNB-ALD,low,night
Can you schedule need rail joint repair on Agra to Kanpur this weekend late at night,engg,AGC-CNB,medium,night
"signal cable inspection on near New Delhi , as soon as possible a 1h tomorrow",st,NDLS-MTJ,high,unspecified
"traction transformer check on NDLS-MTJ during the evening , critical a 4h day after tomorrow",trd,NDLS-MTJ,critical,evening
broken rail repair on AGC-CNB during the evening a 1h next thursday,engg,AGC-CNB,medium,evening
"Kindly a quick rail joint repair on Itarsi section this weekend in the evening, non-urgent",engg,BPL-ET,low,evening
"rail fracture repair on Ghaziabad section late at night , important a 3h next wednesday",engg,NDLS-MTJ,high,night
Top priority insulator cleaning required near the Delhi-Mathura corridor in 3 days at night,trd,NDLS-MTJ,critical,night
"Requesting to need track circuit fault on Agra to Kanpur in 3 days during the afternoon, minor",engg,AGC-CNB,low,afternoon
Requesting to need level crossing signal check on Prayagraj section tomorrow before dawn,st,CNB-ALD,medium,early_morning
"insulator cleaning on Allahabad to Mughalsarai , priority a 2h next monday",trd,ALD-MGS,high,unspecified
"Requesting to plan ballast renewal on near Bhopal at night next wednesday, as soon as possible",engg,BPL-ET,high,night
"sleeper replacement on near New Delhi during the morning , critical a 1h next monday",engg,NDLS-MTJ,critical,morning
High priority catenary wire repair required near the Pandit Deen Dayal Upadhyaya Jn section next tuesday during the morning,trd,ALD-MGS,high,morning
Priority route relay interlocking check required near the Delhi-Mathura corridor this weekend during the morning,st,NDLS-MTJ,high,morning
"Requesting to schedule track patrolling tomorrow during the afternoon on Bhopal to Itarsi, top priority",engg,BPL-ET,critical,afternoon
"overhead line repair on near Prayagraj in the morning , high priority a 1h next tuesday",trd,ALD-MGS,high,morning
"a 4h OHE inspection on near Kanpur in the morning, an emergency",trd,CNB-ALD,critical,morning
interlocking check required near near Agra day after tomorrow during the evening,st,AGC-CNB,medium,evening
"block instrument check on Mathura to Agra during the evening , asap a quick today",st,MTJ-AGC,critical,evening
axle counter testing required near Mathura to Agra next tuesday in the pre-dawn hours,st,MTJ-AGC,medium,early_morning
As soon as possible rail fracture repair required near NDLS-MTJ day after tomorrow before dawn,engg,NDLS-MTJ,high,early_morning
Can you schedule plan route relay interlocking check on the Bhopal-Itarsi stretch this weekend,st,BPL-ET,medium,unspecified
"Can you schedule plan track circuit fault on the Kanpur-Prayagraj stretch today, routine",engg,CNB-ALD,low,unspecified
"We need to need rail welding repair on near Prayagraj next thursday in the afternoon, priority",engg,ALD-MGS,high,afternoon
"Can you schedule need auto tensioning device check on New Delhi to Mathura tonight early morning, high priority",trd,NDLS-MTJ,high,early_morning
"level crossing signal check on Ghaziabad section in the afternoon , an emergency next saturday",st,NDLS-MTJ,critical,afternoon
"We need to need insulator cleaning on Agra Cantt section this weekend during the afternoon, minor",trd,MTJ-AGC,low,afternoon
"rail welding repair on New Delhi to Mathura during the afternoon , whenever convenient next tuesday",engg,NDLS-MTJ,low,afternoon
"Requesting to plan signal cable inspection on Bhopal to Itarsi late at night in 3 days, important",st,BPL-ET,high,night
Non-urgent rail fracture repair required near Allahabad to Mughalsarai next thursday before dawn,engg,ALD-MGS,low,early_morning
"track geometry check on Agra to Kanpur overnight , important a quick this weekend",engg,AGC-CNB,high,night
"need auto tensioning device check on the Kanpur-Prayagraj stretch next saturday during the afternoon, high priority",trd,CNB-ALD,high,afternoon
"traction motor check on MTJ-AGC during the morning , important a 2h tomorrow",trd,MTJ-AGC,high,morning
"We need to need optical fiber repair on ALD-MGS in a week, asap",st,ALD-MGS,critical,unspecified
"Requesting to a 3h ballast renewal on Agra to Kanpur next wednesday in the afternoon, urgent",engg,AGC-CNB,critical,afternoon
a 3h signal failure attention on BPL-ET next saturday during the afternoon,st,BPL-ET,medium,afternoon
Please a 2h overhead line repair on near Bhopal next friday,trd,BPL-ET,medium,unspecified
"We need to need feeder cable maintenance on the Kanpur-Prayagraj stretch tomorrow before dawn, high priority",trd,CNB-ALD,high,early_morning
"Kindly plan circuit breaker testing on Agra Cantt section during the afternoon next wednesday, whenever convenient",trd,MTJ-AGC,low,afternoon
"Can you schedule a 2h bridge inspection on the Pandit Deen Dayal Upadhyaya Jn section next wednesday in the morning, critical",engg,ALD-MGS,critical,morning
"We need to schedule a 2 hour traction motor check tonight on the Mathura-Agra stretch, asap",trd,MTJ-AGC,critical,unspecified
"a 2h track tamping on the Prayagraj-Mughalsarai stretch today during the afternoon, top priority",engg,ALD-MGS,critical,afternoon
"rail fracture repair on New Delhi to Mathura in the morning , an emergency a 2h day after tomorrow",engg,NDLS-MTJ,critical,morning
"Requesting to plan track geometry check on Kanpur Central section in the morning today, high priority",engg,AGC-CNB,high,morning
"Requesting to plan interlocking check on near Kanpur overnight in a week, non-urgent",st,CNB-ALD,low,night
High priority traction substation check required near Kanpur Central section next friday during the afternoon,trd,AGC-CNB,high,afternoon
"Please schedule feeder cable maintenance today during the evening on Prayagraj section, high priority",trd,CNB-ALD,high,evening
"We need to plan point machine repair on near Kanpur overnight next thursday, important",st,CNB-ALD,high,night
We need to plan circuit breaker testing on near Mathura overnight next monday,trd,MTJ-AGC,medium,night
"Can you schedule a 4h ballast renewal on Prayagraj section day after tomorrow overnight, urgent",engg,CNB-ALD,critical,night
"We need to plan signal circuit testing on Kanpur to Allahabad in the midnight window next thursday, priority",st,CNB-ALD,high,night
"We need to schedule a 3h traction transformer check next saturday overnight on the Prayagraj-Mughalsarai stretch, routine",trd,ALD-MGS,low,night
Kindly need level crossing signal check on Prayagraj section in a week,st,CNB-ALD,medium,unspecified
Important signal maintenance required near Agra Cantt section in a week during the afternoon,st,MTJ-AGC,high,afternoon
Kindly plan optical fiber repair on near Kanpur next tuesday,st,CNB-ALD,medium,unspecified
We need to need pantograph inspection on CNB-ALD day after tomorrow,trd,CNB-ALD,medium,unspecified
"We need to schedule a 2 hour signal circuit testing tomorrow overnight on New Delhi-Ghaziabad stretch, as soon as possible",st,NDLS-MTJ,high,night
Kindly need OHE wire tensioning on the Delhi-Mathura corridor next saturday in the morning,trd,NDLS-MTJ,medium,morning
Can you schedule schedule a 1h track tamping next monday in the afternoon on near Kanpur,engg,CNB-ALD,medium,afternoon
"schedule a 3h track patrolling this weekend early morning on near Prayagraj, non-urgent",engg,ALD-MGS,low,early_morning
"We need to schedule a 1h optical fiber repair next wednesday in the morning on near Kanpur, top priority",st,CNB-ALD,critical,morning
Requesting to need broken rail repair on AGC-CNB tomorrow,engg,AGC-CNB,medium,unspecified
"bridge inspection on NDLS-MTJ in the morning , priority a 3h in a week",engg,NDLS-MTJ,high,morning
overhead line repair on Mathura to Agra during the afternoon a 2 hour next saturday,trd,MTJ-AGC,medium,afternoon
"Can you schedule plan block section telephone repair on CNB-ALD before dawn tomorrow, important",st,CNB-ALD,high,early_morning
"a quick block instrument check on near New Delhi in a week, high priority",st,NDLS-MTJ,high,unspecified
"Can you schedule need track inspection on Agra Cantt section next saturday in the afternoon, routine",engg,MTJ-AGC,low,afternoon
Please schedule a 3h track geometry check tomorrow during the afternoon on the Agra-Kanpur stretch,engg,AGC-CNB,medium,afternoon
Kindly need track geometry check on near New Delhi in a week during the morning,engg,NDLS-MTJ,medium,morning
"circuit breaker testing on the Prayagraj-Mughalsarai stretch overnight , as soon as possible a quick next saturday",trd,ALD-MGS,high,night
"We need to need track geometry check on New Delhi to Mathura in a week, routine",engg,NDLS-MTJ,low,unspecified
"Please schedule a 3h signal failure attention tonight on CNB-ALD, routine",st,CNB-ALD,low,unspecified
"Kindly plan overhead line repair on New Delhi to Mathura before dawn next wednesday, critical",trd,NDLS-MTJ,critical,early_morning
"We need to plan power supply inspection on near Prayagraj tomorrow, top priority",trd,ALD-MGS,critical,unspecified
Immediately signal maintenance required near the Agra-Kanpur stretch in 3 days in the evening,st,AGC-CNB,critical,evening
"Can you schedule schedule a 2 hour traction motor check in the midnight window on NDLS-MTJ, minor",trd,NDLS-MTJ,low,night
"schedule a 1h OHE wire tensioning next thursday on near Bhopal, non-urgent",trd,BPL-ET,low,unspecified
"need level crossing signal check on Kanpur Central section this weekend during the morning, priority",st,AGC-CNB,high,morning
"We need to plan optical fiber repair on Agra Cantt section in the evening tomorrow, high priority",st,MTJ-AGC,high,evening
Requesting to plan feeder cable maintenance on Itarsi section next tuesday,trd,BPL-ET,medium,unspecified
Requesting to plan route relay interlocking check on the Prayagraj-Mughalsarai stretch in the morning next thursday,st,ALD-MGS,medium,morning
"Requesting to need route relay interlocking check on Allahabad to Mughalsarai in the pre-dawn hours, critical",st,ALD-MGS,critical,early_morning
"Kindly schedule a 4h signal maintenance today in the evening on near Bhopal, priority",st,BPL-ET,high,evening
"Can you schedule schedule track circuit fault tomorrow in the afternoon on BPL-ET, priority",engg,BPL-ET,high,afternoon
Requesting to plan bridge inspection on near Kanpur early morning next wednesday,engg,CNB-ALD,medium,early_morning
"a 1h broken rail repair on near Agra tomorrow, critical",engg,AGC-CNB,critical,unspecified
Kindly schedule track circuit fault overnight on the Bhopal-Itarsi stretch,engg,BPL-ET,medium,night
"need rail fracture repair on the Bhopal-Itarsi stretch next thursday, high priority",engg,BPL-ET,high,unspecified
"Can you schedule need auto tensioning device check on New Delhi-Ghaziabad stretch next monday early morning, asap",trd,NDLS-MTJ,critical,early_morning
circuit breaker testing on the Mathura-Agra stretch during the afternoon a 3h tomorrow,trd,MTJ-AGC,medium,afternoon
plan rail grinding on near Bhopal in the evening next monday,engg,BPL-ET,medium,evening
"plan rail welding repair on Mathura to Agra in the morning next friday, priority",engg,MTJ-AGC,high,morning
"Can you schedule a 2h point machine repair on near Agra next monday in the evening, whenever convenient",st,AGC-CNB,low,evening
Non-urgent track inspection required near ALD-MGS day after tomorrow during the morning,engg,ALD-MGS,low,morning
"interlocking check on near Bhopal during the morning , top priority a 4h next friday",st,BPL-ET,critical,morning
"schedule a 2h route relay interlocking check this weekend during the morning on the Delhi-Mathura corridor, as soon as possible",st,NDLS-MTJ,high,morning
Kindly plan signal maintenance on Prayagraj section in the morning next monday,st,CNB-ALD,medium,morning
Important traction substation check required near the Delhi-Mathura corridor in 3 days during the afternoon,trd,NDLS-MTJ,high,afternoon
Requesting to a 2h signal circuit testing on Prayagraj section next monday in the evening,st,CNB-ALD,medium,evening
"We need to plan track tamping on the Pandit Deen Dayal Upadhyaya Jn section next wednesday, as soon as possible",engg,ALD-MGS,high,unspecified
Kindly plan track inspection on CNB-ALD during the morning next thursday,engg,CNB-ALD,medium,morning
Requesting to plan traction transformer check on Prayagraj section during the afternoon tonight,trd,CNB-ALD,medium,afternoon
"Kindly a 1h signal failure attention on Prayagraj section next friday during the morning, critical",st,CNB-ALD,critical,morning
"schedule a 2h broken rail repair next tuesday in the evening on Prayagraj section, minor",engg,CNB-ALD,low,evening
"Kindly a quick rail welding repair on Agra Cantt section day after tomorrow early morning, minor",engg,MTJ-AGC,low,early_morning
"Kindly need OHE wire tensioning on near Mathura, immediately",trd,MTJ-AGC,critical,unspecified
We need to schedule a 2h level crossing signal check in a week during the evening on near Mathura,st,MTJ-AGC,medium,evening
As soon as possible track geometry check required near Allahabad to Mughalsarai this weekend,engg,ALD-MGS,high,unspecified
OHE inspection on the Prayagraj-Mughalsarai stretch in the morning a 3h,trd,ALD-MGS,medium,morning
"Can you schedule need rail grinding on MTJ-AGC next saturday during the morning, routine",engg,MTJ-AGC,low,morning
"We need to a 3h rail fracture repair on the Bhopal-Itarsi stretch next tuesday early morning, non-urgent",engg,BPL-ET,low,early_morning
"a 4h OHE wire tensioning on MTJ-AGC next saturday during the evening, routine",trd,MTJ-AGC,low,evening
"Please schedule a quick bridge inspection next monday at night on the Agra-Kanpur stretch, high priority",engg,AGC-CNB,high,night
"Requesting to schedule a 4h ballast renewal next saturday in the evening on near Kanpur, urgent",engg,CNB-ALD,critical,evening
"feeder cable maintenance on the Pandit Deen Dayal Upadhyaya Jn section in the evening , priority tonight",trd,ALD-MGS,high,evening
High priority sleeper replacement required near the Pandit Deen Dayal Upadhyaya Jn section next thursday in the evening,engg,ALD-MGS,high,evening
"traction substation check on Prayagraj section in the pre-dawn hours , whenever convenient a quick day after tomorrow",trd,CNB-ALD,low,early_morning
Critical sleeper replacement required near near Mathura this weekend in the morning,engg,MTJ-AGC,critical,morning
"Requesting to plan relay room maintenance on Agra to Kanpur in the morning day after tomorrow, minor",st,AGC-CNB,low,morning
"broken rail repair on Bhopal to Itarsi during the afternoon , non-urgent a 2 hour tomorrow",engg,BPL-ET,low,afternoon
"Please need level crossing signal check on New Delhi-Ghaziabad stretch next friday during the morning, whenever convenient",st,NDLS-MTJ,low,morning
level crossing signal check on CNB-ALD in the afternoon a 3h in 3 days,st,CNB-ALD,medium,afternoon
Please plan axle counter testing on near New Delhi during the afternoon next saturday,st,NDLS-MTJ,medium,afternoon
Asap signal maintenance required near Agra Cantt section day after tomorrow during the evening,st,MTJ-AGC,critical,evening
"Can you schedule schedule a 1h signal cable inspection in a week on the Bhopal-Itarsi stretch, urgent",st,BPL-ET,critical,unspecified
schedule a 1h rail joint repair tonight during the evening on Bhopal to Itarsi,engg,BPL-ET,medium,evening
axle counter testing required near Agra Cantt section tomorrow in the afternoon,st,MTJ-AGC,medium,afternoon
"Kindly need route relay interlocking check on near Prayagraj day after tomorrow early morning, non-urgent",st,ALD-MGS,low,early_morning
"We need to plan overhead line repair on near Bhopal in a week, whenever convenient",trd,BPL-ET,low,unspecified
An emergency level crossing signal check required near BPL-ET in a week in the morning,st,BPL-ET,critical,morning
Please schedule a 2 hour traction transformer check tomorrow during the evening on Prayagraj section,trd,CNB-ALD,medium,evening
"Kindly schedule a 2h signal maintenance tomorrow during the afternoon on Kanpur Central section, an emergency",st,AGC-CNB,critical,afternoon
"track inspection on Agra to Kanpur during the evening , top priority a 2h next wednesday",engg,AGC-CNB,critical,evening
"plan track circuit fault on Agra to Kanpur in the morning next saturday, critical",engg,AGC-CNB,critical,morning
Kindly plan traction motor check on BPL-ET in the morning tomorrow,trd,BPL-ET,medium,morning
signal maintenance required near ALD-MGS this weekend early morning,st,ALD-MGS,medium,early_morning
"Please schedule a 2h signal cable inspection in 3 days on Bhopal to Itarsi, priority",st,BPL-ET,high,unspecified
"We need to a quick sleeper replacement on NDLS-MTJ this weekend, routine",engg,NDLS-MTJ,low,unspecified
"Requesting to need bridge inspection on Mathura to Agra next wednesday during the morning, asap",engg,MTJ-AGC,critical,morning
"Please need auto tensioning device check on near Kanpur before dawn, an emergency",trd,CNB-ALD,critical,early_morning
"Please a quick power supply inspection on CNB-ALD next thursday before dawn, an emergency",trd,CNB-ALD,critical,early_morning
Whenever convenient block section telephone repair required near New Delhi-Ghaziabad stretch today,st,NDLS-MTJ,low,unspecified
High priority track inspection required near Allahabad to Mughalsarai day after tomorrow during the afternoon,engg,ALD-MGS,high,afternoon
High priority rail grinding required near Kanpur to Allahabad today in the morning,engg,CNB-ALD,high,morning
"schedule a quick axle counter testing next tuesday during the afternoon on New Delhi to Mathura, whenever convenient",st,NDLS-MTJ,low,afternoon
"Please need track tamping on CNB-ALD next tuesday in the morning, minor",engg,CNB-ALD,low,morning
Priority telecom cable repair required near near Agra in the afternoon,st,AGC-CNB,high,afternoon
"need circuit breaker testing on BPL-ET today, priority",trd,BPL-ET,high,unspecified
"a 2 hour auto tensioning device check on Itarsi section next monday in the afternoon, routine",trd,BPL-ET,low,afternoon
"Please need rail fracture repair on the Bhopal-Itarsi stretch in 3 days in the afternoon, immediately",engg,BPL-ET,critical,afternoon
"Requesting to plan deep screening on Mathura to Agra during the morning next thursday, top priority",engg,MTJ-AGC,critical,morning
Please schedule a 2h traction motor check next friday in the midnight window on Ghaziabad section,trd,NDLS-MTJ,medium,night
Critical track patrolling required near Allahabad to Mughalsarai next tuesday in the morning,engg,ALD-MGS,critical,morning
"Kindly insulator cleaning on near Agra this weekend late at night, asap",trd,AGC-CNB,critical,night
"Please need traction substation check on near Agra next friday at night, an emergency",trd,AGC-CNB,critical,night
"signal failure attention on Agra to Kanpur early morning , priority a 2h",st,AGC-CNB,high,early_morning
"Kindly schedule a 2 hour route relay interlocking check today overnight on Agra to Kanpur, routine",st,AGC-CNB,low,night
High priority relay room maintenance required near New Delhi-Ghaziabad stretch in a week in the afternoon,st,NDLS-MTJ,high,afternoon
Important rail fracture repair required near near Mathura in a week in the pre-dawn hours,engg,MTJ-AGC,high,early_morning
rail welding repair required near the Bhopal-Itarsi stretch next wednesday in the evening,engg,BPL-ET,medium,evening
"Can you schedule schedule a quick signal maintenance this weekend on the Agra-Kanpur stretch, immediately",st,AGC-CNB,critical,unspecified
Top priority broken rail repair required near BPL-ET in a week during the morning,engg,BPL-ET,critical,morning
High priority OHE snag rectification required near Allahabad to Mughalsarai next tuesday in the afternoon,trd,ALD-MGS,high,afternoon
Requesting to need sleeper replacement on near Prayagraj this weekend during the afternoon,engg,ALD-MGS,medium,afternoon
"We need to need block section telephone repair on near Mathura next saturday in the afternoon, as soon as possible",st,MTJ-AGC,high,afternoon
"deep screening on Kanpur Central section during the afternoon , high priority a 1h next tuesday",engg,AGC-CNB,high,afternoon
Priority rail welding repair required near the Delhi-Mathura corridor in a week late at night,engg,NDLS-MTJ,high,night
Non-urgent auto tensioning device check required near NDLS-MTJ at night,trd,NDLS-MTJ,low,night
a 2 hour deep screening on BPL-ET next saturday in the evening,engg,BPL-ET,medium,evening
High priority ballast renewal required near Prayagraj section next wednesday during the morning,engg,CNB-ALD,high,morning
"a 1h rail fracture repair on the Agra-Kanpur stretch next thursday, low priority",engg,AGC-CNB,low,unspecified
"traction motor check on the Kanpur-Prayagraj stretch in the afternoon , minor a 2 hour next wednesday",trd,CNB-ALD,low,afternoon
"schedule a 2h optical fiber repair early morning on Kanpur Central section, asap",st,AGC-CNB,critical,early_morning
Minor signal cable inspection required near the Mathura-Agra stretch next monday,st,MTJ-AGC,low,unspecified
Can you schedule a 2h interlocking check on Prayagraj section tomorrow,st,CNB-ALD,medium,unspecified
"We need to plan catenary wire repair on BPL-ET during the morning day after tomorrow, whenever convenient",trd,BPL-ET,low,morning
We need to plan bridge inspection on the Prayagraj-Mughalsarai stretch in the pre-dawn hours tomorrow,engg,ALD-MGS,medium,early_morning
"Can you schedule schedule power supply inspection in a week early morning on CNB-ALD, as soon as possible",trd,CNB-ALD,high,early_morning
"We need to a quick track patrolling on near Kanpur next tuesday late at night, non-urgent",engg,CNB-ALD,low,night
"traction substation check on the Pandit Deen Dayal Upadhyaya Jn section in the morning , important next saturday",trd,ALD-MGS,high,morning
"track tamping on the Pandit Deen Dayal Upadhyaya Jn section during the morning , high priority a 1h next thursday",engg,ALD-MGS,high,morning
"Requesting to schedule a 2 hour OHE snag rectification tonight during the morning on near Kanpur, important",trd,CNB-ALD,high,morning
"Can you schedule schedule a 1h ballast renewal today in the afternoon on near Prayagraj, minor",engg,ALD-MGS,low,afternoon
"Please plan optical fiber repair on the Bhopal-Itarsi stretch today, as soon as possible",st,BPL-ET,high,unspecified
"Kindly a 2 hour broken rail repair on Mathura to Agra next thursday during the afternoon, high priority",engg,MTJ-AGC,high,afternoon
"deep screening on near Bhopal , minor a 2h next monday",engg,BPL-ET,low,unspecified
"Requesting to need circuit breaker testing on Itarsi section today in the morning, immediately",trd,BPL-ET,critical,morning
"rail grinding on near Bhopal in the pre-dawn hours , as soon as possible this weekend",engg,BPL-ET,high,early_morning
"Can you schedule a 2h relay room maintenance on AGC-CNB next friday early morning, priority",st,AGC-CNB,high,early_morning
Can you schedule need OHE snag rectification on Agra Cantt section next tuesday,trd,MTJ-AGC,medium,unspecified
"Can you schedule plan track tamping on ALD-MGS during the afternoon, non-urgent",engg,ALD-MGS,low,afternoon
a quick telecom cable repair on Ghaziabad section day after tomorrow during the evening,st,NDLS-MTJ,medium,evening
"Please need traction substation check on near New Delhi day after tomorrow, priority",trd,NDLS-MTJ,high,unspecified
"Requesting to plan block section telephone repair on Allahabad to Mughalsarai at night next thursday, urgent",st,ALD-MGS,critical,night
"Kindly schedule a 2 hour optical fiber repair next monday on ALD-MGS, important",st,ALD-MGS,high,unspecified
"Please need pantograph inspection on ALD-MGS during the morning, urgent",trd,ALD-MGS,critical,morning
"Kindly need telecom cable repair on CNB-ALD next tuesday in the morning, immediately",st,CNB-ALD,critical,morning
Critical block instrument check required near Kanpur to Allahabad next monday late at night,st,CNB-ALD,critical,night
Important traction transformer check required near Bhopal to Itarsi during the evening,trd,BPL-ET,high,evening
Kindly need rail joint repair on Agra to Kanpur in 3 days in the afternoon,engg,AGC-CNB,medium,afternoon
"a 3h signal circuit testing on New Delhi-Ghaziabad stretch next friday late at night, immediately",st,NDLS-MTJ,critical,night
"optical fiber repair on AGC-CNB in the morning , low priority a 2h today",st,AGC-CNB,low,morning
"We need to a 2h track patrolling on MTJ-AGC next wednesday in the morning, important",engg,MTJ-AGC,high,morning
Kindly need level crossing signal check on the Delhi-Mathura corridor next thursday in the morning,st,NDLS-MTJ,medium,morning
"Kindly plan track tamping on Mathura to Agra in the morning tonight, whenever convenient",engg,MTJ-AGC,low,morning
Immediately bridge inspection required near near Kanpur next saturday,engg,CNB-ALD,critical,unspecified
Please a 1h catenary wire repair on ALD-MGS next friday,trd,ALD-MGS,medium,unspecified
"Can you schedule need auto tensioning device check on New Delhi-Ghaziabad stretch next friday in the morning, top priority",trd,NDLS-MTJ,critical,morning
traction substation check on AGC-CNB late at night a 3h in a week,trd,AGC-CNB,medium,night
"Please a 2h overhead line repair on the Prayagraj-Mughalsarai stretch next tuesday in the morning, high priority",trd,ALD-MGS,high,morning
"Can you schedule plan track circuit fault on MTJ-AGC in the morning tonight, immediately",engg,MTJ-AGC,critical,morning
"Can you schedule need pantograph inspection on near Bhopal next tuesday during the evening, non-urgent",trd,BPL-ET,low,evening
Priority traction substation check required near the Bhopal-Itarsi stretch today in the pre-dawn hours,trd,BPL-ET,high,early_morning
"Can you schedule a 4h signal circuit testing on the Agra-Kanpur stretch this weekend during the morning, immediately",st,AGC-CNB,critical,morning
"Kindly schedule a 3h axle counter testing late at night on MTJ-AGC, urgent",st,MTJ-AGC,critical,night
"Requesting to a 2h rail fracture repair on Kanpur Central section next thursday in the morning, important",engg,AGC-CNB,high,morning
"Requesting to schedule catenary wire repair in a week during the afternoon on near Mathura, low priority",trd,MTJ-AGC,low,afternoon
"We need to a 2 hour track inspection on near Mathura next thursday early morning, as soon as possible",engg,MTJ-AGC,high,early_morning
relay room maintenance on CNB-ALD in the evening a 4h next saturday,st,CNB-ALD,medium,evening
Whenever convenient OHE snag rectification required near the Pandit Deen Dayal Upadhyaya Jn section during the afternoon,trd,ALD-MGS,low,afternoon
"block section telephone repair on MTJ-AGC , immediately a quick tonight",st,MTJ-AGC,critical,unspecified
"track inspection on Mathura to Agra at night , an emergency a 4h this weekend",engg,MTJ-AGC,critical,night
"Kindly a 2h point machine repair on Kanpur Central section next tuesday in the morning, as soon as possible",st,AGC-CNB,high,morning
"route relay interlocking check on the Bhopal-Itarsi stretch during the afternoon , important a 4h in 3 days",st,BPL-ET,high,afternoon
"Please plan deep screening on near Prayagraj in the evening in 3 days, important",engg,ALD-MGS,high,evening
"feeder cable maintenance on Kanpur to Allahabad during the evening , priority next thursday",trd,CNB-ALD,high,evening
Can you schedule plan rail grinding on Mathura to Agra today,engg,MTJ-AGC,medium,unspecified
"Requesting to schedule optical fiber repair next saturday in the afternoon on MTJ-AGC, top priority",st,MTJ-AGC,critical,afternoon
An emergency axle counter testing required near Kanpur Central section in a week in the midnight window,st,AGC-CNB,critical,night
telecom cable repair required near New Delhi-Ghaziabad stretch tomorrow,st,NDLS-MTJ,medium,unspecified
"Kindly plan level crossing signal check on Prayagraj section in the pre-dawn hours, high priority",st,CNB-ALD,high,early_morning
Can you schedule need interlocking check on near Prayagraj tonight in the morning,st,ALD-MGS,medium,morning
"plan interlocking check on Mathura to Agra in the morning next monday, top priority",st,MTJ-AGC,critical,morning
Top priority axle counter testing required near near Bhopal,st,BPL-ET,critical,unspecified
"Requesting to plan telecom cable repair on New Delhi-Ghaziabad stretch before dawn in 3 days, priority",st,NDLS-MTJ,high,early_morning
Please schedule a 1h track circuit fault next wednesday in the afternoon on AGC-CNB,engg,AGC-CNB,medium,afternoon
"Please schedule a 4h point machine repair in a week on Prayagraj section, routine",st,CNB-ALD,low,unspecified
"Can you schedule plan auto tensioning device check on ALD-MGS in the afternoon in 3 days, high priority",trd,ALD-MGS,high,afternoon
Requesting to need traction transformer check on Allahabad to Mughalsarai this weekend,trd,ALD-MGS,medium,unspecified
Priority track circuit fault required near NDLS-MTJ next friday,engg,NDLS-MTJ,high,unspecified
"We need to schedule a 3h rail fracture repair next thursday at night on near New Delhi, important",engg,NDLS-MTJ,high,night
plan track inspection on near Kanpur late at night in a week,engg,CNB-ALD,medium,night
schedule track tamping next saturday on Itarsi section,engg,BPL-ET,medium,unspecified
"We need to sleeper replacement on near Mathura next thursday in the morning, top priority",engg,MTJ-AGC,critical,morning
"sleeper replacement on Kanpur Central section , immediately a 2 hour next thursday",engg,AGC-CNB,critical,unspecified
"Kindly schedule ballast renewal tonight in the pre-dawn hours on near New Delhi, routine",engg,NDLS-MTJ,low,early_morning
Please a 2h pantograph inspection on Itarsi section day after tomorrow,trd,BPL-ET,medium,unspecified
"track geometry check on AGC-CNB during the morning , urgent",engg,AGC-CNB,critical,morning
"Can you schedule need interlocking check on MTJ-AGC this weekend during the morning, as soon as possible",st,MTJ-AGC,high,morning
"track inspection on Itarsi section , important a 2h next friday",engg,BPL-ET,high,unspecified
Whenever convenient point machine repair required near BPL-ET this weekend in the midnight window,st,BPL-ET,low,night
Requesting to a 2 hour relay room maintenance on Itarsi section next wednesday in the pre-dawn hours,st,BPL-ET,medium,early_morning
"broken rail repair on the Mathura-Agra stretch in the evening , asap a 2 hour next friday",engg,MTJ-AGC,critical,evening
"Can you schedule need track inspection on the Agra-Kanpur stretch next monday overnight, low priority",engg,AGC-CNB,low,night
"Please need telecom cable repair on the Bhopal-Itarsi stretch in a week in the midnight window, non-urgent",st,BPL-ET,low,night
"sleeper replacement on ALD-MGS , non-urgent a 2h in 3 days",engg,ALD-MGS,low,unspecified
Can you schedule a 1h track tamping on BPL-ET next friday during the morning,engg,BPL-ET,medium,morning
"Kindly plan OHE wire tensioning on Agra to Kanpur overnight day after tomorrow, low priority",trd,AGC-CNB,low,night
"We need to schedule broken rail repair day after tomorrow overnight on the Mathura-Agra stretch, priority",engg,MTJ-AGC,high,night
"Kindly schedule traction motor check next saturday in the midnight window on Prayagraj section, critical",trd,CNB-ALD,critical,night
"Requesting to need level crossing signal check on near Bhopal next monday, high priority",st,BPL-ET,high,unspecified
Requesting to plan traction motor check on near Mathura in the midnight window in 3 days,trd,MTJ-AGC,medium,night
"We need to schedule overhead line repair this weekend at night on Prayagraj section, important",trd,CNB-ALD,high,night
"schedule OHE wire tensioning in 3 days during the morning on near New Delhi, asap",trd,NDLS-MTJ,critical,morning
"need signal cable inspection on New Delhi-Ghaziabad stretch next thursday, minor",st,NDLS-MTJ,low,unspecified
We need to need formation strengthening on New Delhi-Ghaziabad stretch today during the afternoon,engg,NDLS-MTJ,medium,afternoon
Can you schedule plan point machine repair on Kanpur to Allahabad in the afternoon this weekend,st,CNB-ALD,medium,afternoon
"schedule a quick relay room maintenance next wednesday during the evening on NDLS-MTJ, urgent",st,NDLS-MTJ,critical,evening
Top priority ballast renewal required near Kanpur Central section tomorrow during the morning,engg,AGC-CNB,critical,morning
"ballast renewal on Kanpur Central section during the evening , non-urgent a 2h next saturday",engg,AGC-CNB,low,evening
We need to plan broken rail repair on MTJ-AGC in the evening in 3 days,engg,MTJ-AGC,medium,evening
"need traction transformer check on the Prayagraj-Mughalsarai stretch day after tomorrow in the afternoon, as soon as possible",trd,ALD-MGS,high,afternoon
"Please schedule a 2h traction substation check in 3 days in the midnight window on New Delhi-Ghaziabad stretch, high priority",trd,NDLS-MTJ,high,night
"Kindly plan rail fracture repair on near Agra at night tonight, minor",engg,AGC-CNB,low,night
"Kindly schedule a 2 hour formation strengthening in 3 days in the morning on CNB-ALD, critical",engg,CNB-ALD,critical,morning
"Requesting to need auto tensioning device check on near Mathura in a week in the morning, whenever convenient",trd,MTJ-AGC,low,morning
"need track geometry check on near Mathura tomorrow, top priority",engg,MTJ-AGC,critical,unspecified
Asap interlocking check required near BPL-ET late at night,st,BPL-ET,critical,night
"Please a 1h track tamping on Itarsi section in a week overnight, high priority",engg,BPL-ET,high,night
"Kindly schedule a quick pantograph inspection this weekend on Agra to Kanpur, whenever convenient",trd,AGC-CNB,low,unspecified
pantograph inspection on Bhopal to Itarsi at night a 2 hour in a week,trd,BPL-ET,medium,night
Requesting to a quick signal circuit testing on the Prayagraj-Mughalsarai stretch next tuesday,st,ALD-MGS,medium,unspecified
"pantograph inspection on near Agra in the morning , priority a 3h next tuesday",trd,AGC-CNB,high,morning
"Please schedule a 1h power supply inspection during the evening on AGC-CNB, an emergency",trd,AGC-CNB,critical,evening
"bridge inspection on near Prayagraj in the evening , as soon as possible a 1h this weekend",engg,ALD-MGS,high,evening
"traction motor check on Bhopal to Itarsi in the midnight window , an emergency next monday",trd,BPL-ET,critical,night
"Kindly schedule a quick insulator cleaning in 3 days during the morning on the Delhi-Mathura corridor, low priority",trd,NDLS-MTJ,low,morning
"Kindly plan point machine repair on Kanpur Central section during the afternoon day after tomorrow, whenever convenient",st,AGC-CNB,low,afternoon
An emergency block instrument check required near Allahabad to Mughalsarai in 3 days during the afternoon,st,ALD-MGS,critical,afternoon
Priority track geometry check required near the Prayagraj-Mughalsarai stretch tonight during the morning,engg,ALD-MGS,high,morning
"Can you schedule need signal failure attention on Agra to Kanpur in 3 days in the evening, whenever convenient",st,AGC-CNB,low,evening
"Kindly auto tensioning device check on Kanpur Central section today late at night, asap",trd,AGC-CNB,critical,night
We need to point machine repair on near Agra during the evening,st,AGC-CNB,medium,evening
As soon as possible auto tensioning device check required near Allahabad to Mughalsarai next wednesday in the afternoon,trd,ALD-MGS,high,afternoon
"schedule a 2 hour bridge inspection next saturday early morning on BPL-ET, minor",engg,BPL-ET,low,early_morning
"Can you schedule plan bridge inspection on New Delhi-Ghaziabad stretch in the pre-dawn hours next saturday, as soon as possible",engg,NDLS-MTJ,high,early_morning
We need to plan block instrument check on Agra Cantt section next tuesday,st,MTJ-AGC,medium,unspecified
optical fiber repair required near near Kanpur this weekend during the evening,st,CNB-ALD,medium,evening
"insulator cleaning on New Delhi to Mathura , low priority a 4h next wednesday",trd,NDLS-MTJ,low,unspecified
"auto tensioning device check on Bhopal to Itarsi in the evening , routine a quick tonight",trd,BPL-ET,low,evening
Priority signal maintenance required near Mathura to Agra next wednesday,st,MTJ-AGC,high,unspecified
Kindly a 4h block section telephone repair on AGC-CNB next monday during the morning,st,AGC-CNB,medium,morning
"ballast renewal on the Pandit Deen Dayal Upadhyaya Jn section at night , high priority next monday",engg,ALD-MGS,high,night
"Kindly plan sleeper replacement on the Bhopal-Itarsi stretch during the afternoon next saturday, high priority",engg,BPL-ET,high,afternoon
"Please schedule a 2h point machine repair in 3 days during the afternoon on Allahabad to Mughalsarai, whenever convenient",st,ALD-MGS,low,afternoon
"feeder cable maintenance on near Agra , important a 4h tomorrow",trd,AGC-CNB,high,unspecified
"a 2h level crossing signal check on the Mathura-Agra stretch in a week early morning, non-urgent",st,MTJ-AGC,low,early_morning
"ballast renewal on CNB-ALD early morning , whenever convenient a 1h day after tomorrow",engg,CNB-ALD,low,early_morning
Minor route relay interlocking check required near the Pandit Deen Dayal Upadhyaya Jn section today before dawn,st,ALD-MGS,low,early_morning
"We need to schedule a 3h rail fracture repair today in the evening on near New Delhi, high priority",engg,NDLS-MTJ,high,evening
Immediately rail joint repair required near near Prayagraj in a week in the evening,engg,ALD-MGS,critical,evening
"Can you schedule need rail fracture repair on the Mathura-Agra stretch this weekend in the morning, low priority",engg,MTJ-AGC,low,morning
Requesting to a 3h formation strengthening on Agra Cantt section next tuesday in the evening,engg,MTJ-AGC,medium,evening
"Please a quick deep screening on Ghaziabad section today in the midnight window, important",engg,NDLS-MTJ,high,night
"schedule a 2 hour power supply inspection next friday during the evening on near Agra, important",trd,AGC-CNB,high,evening
"Can you schedule a 2 hour track tamping on near New Delhi next monday in the midnight window, minor",engg,NDLS-MTJ,low,night
"Kindly a 2 hour ballast renewal on MTJ-AGC today overnight, immediately",engg,MTJ-AGC,critical,night
"Requesting to plan broken rail repair on near Bhopal at night next wednesday, critical",engg,BPL-ET,critical,night
"Kindly plan relay room maintenance on near Bhopal during the morning, minor",st,BPL-ET,low,morning
Can you schedule need rail grinding on AGC-CNB next tuesday early morning,engg,AGC-CNB,medium,early_morning
"overhead line repair on Agra Cantt section in the morning , priority next thursday",trd,MTJ-AGC,high,morning
track inspection required near Agra to Kanpur next tuesday overnight,engg,AGC-CNB,medium,night
block instrument check required near Bhopal to Itarsi today during the evening,st,BPL-ET,medium,evening
"We need to need block instrument check on Ghaziabad section next thursday during the evening, non-urgent",st,NDLS-MTJ,low,evening
"plan traction substation check on NDLS-MTJ in the afternoon next tuesday, whenever convenient",trd,NDLS-MTJ,low,afternoon
"We need to a 2 hour optical fiber repair on the Mathura-Agra stretch tomorrow during the evening, non-urgent",st,MTJ-AGC,low,evening
"Requesting to plan ballast renewal on the Agra-Kanpur stretch during the afternoon next monday, high priority",engg,AGC-CNB,high,afternoon
"Kindly catenary wire repair on Agra to Kanpur next wednesday overnight, non-urgent",trd,AGC-CNB,low,night
"Can you schedule schedule a 2 hour signal circuit testing next monday in the midnight window on Allahabad to Mughalsarai, minor",st,ALD-MGS,low,night
Critical route relay interlocking check required near Allahabad to Mughalsarai next wednesday,st,ALD-MGS,critical,unspecified
"a 1h ballast renewal on Kanpur Central section in a week late at night, low priority",engg,AGC-CNB,low,night
Kindly schedule a 4h OHE snag rectification tonight in the morning on Kanpur Central section,trd,AGC-CNB,medium,morning
"We need to plan signal failure attention on Prayagraj section in the evening in a week, urgent",st,CNB-ALD,critical,evening
"schedule a 2h track geometry check tomorrow early morning on the Bhopal-Itarsi stretch, top priority",engg,BPL-ET,critical,early_morning
As soon as possible overhead line repair required near Agra to Kanpur next friday during the afternoon,trd,AGC-CNB,high,afternoon
Routine OHE snag rectification required near CNB-ALD in the afternoon,trd,CNB-ALD,low,afternoon
"Requesting to plan track circuit fault on Agra to Kanpur at night in 3 days, priority",engg,AGC-CNB,high,night
track patrolling on Itarsi section before dawn a 2 hour next thursday,engg,BPL-ET,medium,early_morning
Whenever convenient OHE wire tensioning required near Kanpur to Allahabad next monday early morning,trd,CNB-ALD,low,early_morning
Can you schedule schedule block section telephone repair next tuesday during the morning on New Delhi-Ghaziabad stretch,st,NDLS-MTJ,medium,morning
Kindly schedule a 3h signal failure attention next wednesday in the morning on the Pandit Deen Dayal Upadhyaya Jn section,st,ALD-MGS,medium,morning
"Requesting to plan traction substation check on AGC-CNB in the afternoon this weekend, low priority",trd,AGC-CNB,low,afternoon
"Can you schedule plan rail fracture repair on Bhopal to Itarsi next friday, important",engg,BPL-ET,high,unspecified
"rail fracture repair on the Agra-Kanpur stretch in the afternoon , urgent a quick tomorrow",engg,AGC-CNB,critical,afternoon
need OHE inspection on near Agra in 3 days during the afternoon,trd,AGC-CNB,medium,afternoon
"We need to plan pantograph inspection on New Delhi-Ghaziabad stretch in the afternoon day after tomorrow, whenever convenient",trd,NDLS-MTJ,low,afternoon
Urgent auto tensioning device check required near the Mathura-Agra stretch next monday during the afternoon,trd,MTJ-AGC,critical,afternoon
Minor signal failure attention required near Itarsi section next tuesday during the afternoon,st,BPL-ET,low,afternoon
"Please plan signal maintenance on near Prayagraj during the evening in a week, high priority",st,ALD-MGS,high,evening
"Can you schedule plan block instrument check on near Agra during the afternoon, high priority",st,AGC-CNB,high,afternoon
"Requesting to need insulator cleaning on the Kanpur-Prayagraj stretch next monday before dawn, priority",trd,CNB-ALD,high,early_morning
"We need to plan ballast renewal on Ghaziabad section this weekend, top priority",engg,NDLS-MTJ,critical,unspecified
Priority deep screening required near the Pandit Deen Dayal Upadhyaya Jn section,engg,ALD-MGS,high,unspecified
"need rail grinding on Prayagraj section in 3 days early morning, high priority",engg,CNB-ALD,high,early_morning
"plan track inspection on MTJ-AGC early morning today, important",engg,MTJ-AGC,high,early_morning
We need to need signal circuit testing on Ghaziabad section next monday during the evening,st,NDLS-MTJ,medium,evening
need point machine repair on near Bhopal today during the evening,st,BPL-ET,medium,evening
We need to plan track geometry check on the Pandit Deen Dayal Upadhyaya Jn section in the afternoon next monday,engg,ALD-MGS,medium,afternoon
Routine feeder cable maintenance required near the Bhopal-Itarsi stretch next monday,trd,BPL-ET,low,unspecified
Requesting to plan overhead line repair on Mathura to Agra today,trd,MTJ-AGC,medium,unspecified
Top priority bridge inspection required near Itarsi section in 3 days at night,engg,BPL-ET,critical,night
rail grinding on the Kanpur-Prayagraj stretch in the afternoon a 1h next friday,engg,CNB-ALD,medium,afternoon
We need to plan pantograph inspection on Agra Cantt section during the afternoon tomorrow,trd,MTJ-AGC,medium,afternoon
"We need to a quick auto tensioning device check on ALD-MGS in a week in the pre-dawn hours, urgent",trd,ALD-MGS,critical,early_morning
We need to schedule a 4h OHE snag rectification next thursday late at night on New Delhi-Ghaziabad stretch,trd,NDLS-MTJ,medium,night
formation strengthening on MTJ-AGC in the evening a 2h next saturday,engg,MTJ-AGC,medium,evening
Low priority point machine repair required near near Agra today early morning,st,AGC-CNB,low,early_morning
"Requesting to schedule a 1h axle counter testing day after tomorrow late at night on Bhopal to Itarsi, as soon as possible",st,BPL-ET,high,night
"We need to need point machine repair on Agra to Kanpur late at night, an emergency",st,AGC-CNB,critical,night
Please need block section telephone repair on the Prayagraj-Mughalsarai stretch tonight,st,ALD-MGS,medium,unspecified
"Requesting to plan pantograph inspection on near Mathura during the morning, immediately",trd,MTJ-AGC,critical,morning
"Kindly need track patrolling on Mathura to Agra, asap",engg,MTJ-AGC,critical,unspecified
"Requesting to plan rail grinding on MTJ-AGC in the midnight window next wednesday, asap",engg,MTJ-AGC,critical,night
Important track tamping required near near Bhopal next saturday during the afternoon,engg,BPL-ET,high,afternoon
Whenever convenient telecom cable repair required near near Agra tonight in the midnight window,st,AGC-CNB,low,night
An emergency bridge inspection required near near Agra tonight in the afternoon,engg,AGC-CNB,critical,afternoon
"Requesting to a 2 hour bridge inspection on Bhopal to Itarsi tonight during the evening, important",engg,BPL-ET,high,evening
"Can you schedule a 1h rail fracture repair on AGC-CNB next saturday in the morning, critical",engg,AGC-CNB,critical,morning
point machine repair on the Kanpur-Prayagraj stretch during the morning a 1h next wednesday,st,CNB-ALD,medium,morning
"schedule a 3h traction substation check this weekend in the afternoon on the Mathura-Agra stretch, critical",trd,MTJ-AGC,critical,afternoon
Please a quick telecom cable repair on Allahabad to Mughalsarai day after tomorrow in the afternoon,st,ALD-MGS,medium,afternoon
"traction substation check on Kanpur to Allahabad , high priority a 4h in a week",trd,CNB-ALD,high,unspecified
"Kindly schedule a 2 hour optical fiber repair tomorrow during the morning on NDLS-MTJ, top priority",st,NDLS-MTJ,critical,morning
"Kindly schedule block instrument check next friday on near Agra, important",st,AGC-CNB,high,unspecified
"track patrolling on BPL-ET , immediately a 2 hour tonight",engg,BPL-ET,critical,unspecified
Non-urgent feeder cable maintenance required near Agra to Kanpur next thursday in the midnight window,trd,AGC-CNB,low,night
"Can you schedule track inspection on Allahabad to Mughalsarai early morning, as soon as possible",engg,ALD-MGS,high,early_morning
"We need to need rail joint repair on Kanpur to Allahabad next saturday during the evening, as soon as possible",engg,CNB-ALD,high,evening
Routine signal cable inspection required near the Agra-Kanpur stretch next thursday in the afternoon,st,AGC-CNB,low,afternoon
Requesting to need OHE inspection on near Mathura tomorrow,trd,MTJ-AGC,medium,unspecified
Requesting to schedule a 2 hour telecom cable repair this weekend during the morning on Itarsi section,st,BPL-ET,medium,morning
"Kindly a 3h interlocking check on near Kanpur in a week in the morning, low priority",st,CNB-ALD,low,morning
Minor auto tensioning device check required near Prayagraj section next friday,trd,CNB-ALD,low,unspecified
Priority track inspection required near Bhopal to Itarsi tonight,engg,BPL-ET,high,unspecified
"Kindly a 1h pantograph inspection on near Prayagraj tonight late at night, high priority",trd,ALD-MGS,high,night
Non-urgent pantograph inspection required near near Agra in a week,trd,AGC-CNB,low,unspecified
Whenever convenient catenary wire repair required near Agra Cantt section today overnight,trd,MTJ-AGC,low,night
"We need to schedule a quick axle counter testing tomorrow in the evening on New Delhi to Mathura, routine",st,NDLS-MTJ,low,evening
"Please need deep screening on Allahabad to Mughalsarai next monday in the evening, urgent",engg,ALD-MGS,critical,evening
"Requesting to need feeder cable maintenance on Allahabad to Mughalsarai this weekend at night, as soon as possible",trd,ALD-MGS,high,night
Requesting to plan overhead line repair on the Mathura-Agra stretch during the afternoon next saturday,trd,MTJ-AGC,medium,afternoon
Non-urgent axle counter testing required near ALD-MGS next saturday in the pre-dawn hours,st,ALD-MGS,low,early_morning
Immediately signal circuit testing required near ALD-MGS day after tomorrow in the evening,st,ALD-MGS,critical,evening
"Requesting to need signal cable inspection on near Prayagraj next saturday, priority",st,ALD-MGS,high,unspecified
"Kindly plan sleeper replacement on the Kanpur-Prayagraj stretch next thursday, as soon as possible",engg,CNB-ALD,high,unspecified
"Please schedule a 3h bridge inspection next tuesday before dawn on Itarsi section, priority",engg,BPL-ET,high,early_morning
"We need to plan bridge inspection on Kanpur to Allahabad this weekend, low priority",engg,CNB-ALD,low,unspecified
"power supply inspection on Bhopal to Itarsi , routine a 1h next wednesday",trd,BPL-ET,low,unspecified
"need feeder cable maintenance on near Agra in the afternoon, whenever convenient",trd,AGC-CNB,low,afternoon
"We need to schedule a 3h traction transformer check in a week in the midnight window on Itarsi section, asap",trd,BPL-ET,critical,night
"Kindly a 3h auto tensioning device check on the Pandit Deen Dayal Upadhyaya Jn section day after tomorrow before dawn, non-urgent",trd,ALD-MGS,low,early_morning
rail joint repair required near the Bhopal-Itarsi stretch next friday during the evening,engg,BPL-ET,medium,evening
Please a 4h track tamping on near Bhopal this weekend in the evening,engg,BPL-ET,medium,evening
"We need to plan feeder cable maintenance on ALD-MGS in the evening day after tomorrow, immediately",trd,ALD-MGS,critical,evening
"Can you schedule a 3h broken rail repair on Mathura to Agra next saturday in the evening, whenever convenient",engg,MTJ-AGC,low,evening
"Can you schedule need broken rail repair on Bhopal to Itarsi tomorrow in the midnight window, high priority",engg,BPL-ET,high,night
"Please a 1h track inspection on New Delhi-Ghaziabad stretch next monday in the evening, important",engg,NDLS-MTJ,high,evening
"We need to a 1h track tamping on Kanpur to Allahabad today late at night, an emergency",engg,CNB-ALD,critical,night
"Please plan track tamping on the Delhi-Mathura corridor early morning in a week, whenever convenient",engg,NDLS-MTJ,low,early_morning
"We need to plan optical fiber repair on New Delhi to Mathura during the afternoon next saturday, top priority",st,NDLS-MTJ,critical,afternoon
"Kindly schedule a 2 hour traction transformer check next wednesday at night on NDLS-MTJ, top priority",trd,NDLS-MTJ,critical,night
"need rail grinding on the Agra-Kanpur stretch in 3 days in the pre-dawn hours, as soon as possible",engg,AGC-CNB,high,early_morning
Requesting to a 2 hour bridge inspection on Kanpur Central section today in the evening,engg,AGC-CNB,medium,evening
"need traction transformer check on the Pandit Deen Dayal Upadhyaya Jn section next thursday in the afternoon, critical",trd,ALD-MGS,critical,afternoon
"Requesting to plan track inspection on Allahabad to Mughalsarai day after tomorrow, asap",engg,ALD-MGS,critical,unspecified
"traction substation check on Mathura to Agra in the afternoon , high priority a 2h",trd,MTJ-AGC,high,afternoon
Important ballast renewal required near AGC-CNB tonight,engg,AGC-CNB,high,unspecified
"We need to plan bridge inspection on MTJ-AGC early morning today, high priority",engg,MTJ-AGC,high,early_morning
"route relay interlocking check on Agra to Kanpur during the afternoon , important next saturday",st,AGC-CNB,high,afternoon
"Requesting to plan track geometry check on the Kanpur-Prayagraj stretch during the afternoon in 3 days, urgent",engg,CNB-ALD,critical,afternoon
Critical route relay interlocking check required near the Mathura-Agra stretch next monday in the morning,st,MTJ-AGC,critical,morning
"Can you schedule plan signal failure attention on Agra Cantt section late at night tonight, low priority",st,MTJ-AGC,low,night
"Please a quick interlocking check on near Kanpur next monday in the morning, high priority",st,CNB-ALD,high,morning
"Kindly a 2h insulator cleaning on AGC-CNB next wednesday in the morning, top priority",trd,AGC-CNB,critical,morning
As soon as possible pantograph inspection required near near Prayagraj next wednesday during the afternoon,trd,ALD-MGS,high,afternoon
"Requesting to schedule a 4h pantograph inspection next thursday on Prayagraj section, routine",trd,CNB-ALD,low,unspecified
Kindly need rail joint repair on Prayagraj section next thursday overnight,engg,CNB-ALD,medium,night
"We need to schedule a 3h OHE inspection next saturday before dawn on Ghaziabad section, priority",trd,NDLS-MTJ,high,early_morning
"Kindly catenary wire repair on Allahabad to Mughalsarai tonight, urgent",trd,ALD-MGS,critical,unspecified
"We need to plan broken rail repair on MTJ-AGC in the midnight window tomorrow, as soon as possible",engg,MTJ-AGC,high,night
"We need to need rail fracture repair on the Prayagraj-Mughalsarai stretch day after tomorrow late at night, an emergency",engg,ALD-MGS,critical,night
rail fracture repair required near Itarsi section next wednesday at night,engg,BPL-ET,medium,night
"Requesting to a 4h level crossing signal check on Kanpur Central section tomorrow during the evening, non-urgent",st,AGC-CNB,low,evening
"formation strengthening on AGC-CNB overnight , non-urgent a 2h next saturday",engg,AGC-CNB,low,night
"Kindly need track tamping on the Prayagraj-Mughalsarai stretch today at night, asap",engg,ALD-MGS,critical,night
"Kindly schedule a quick overhead line repair next friday in the afternoon on Prayagraj section, whenever convenient",trd,CNB-ALD,low,afternoon
Immediately optical fiber repair required near CNB-ALD in 3 days late at night,st,CNB-ALD,critical,night
"Can you schedule a 1h telecom cable repair on Ghaziabad section next saturday early morning, routine",st,NDLS-MTJ,low,early_morning
Requesting to schedule a 2 hour route relay interlocking check next wednesday in the evening on Agra to Kanpur,st,AGC-CNB,medium,evening
"Can you schedule plan block section telephone repair on Mathura to Agra in the morning next thursday, asap",st,MTJ-AGC,critical,morning
"Please schedule a 3h circuit breaker testing next friday in the afternoon on near Mathura, low priority",trd,MTJ-AGC,low,afternoon
"Can you schedule schedule a quick traction transformer check on Kanpur Central section, critical",trd,AGC-CNB,critical,unspecified
"Kindly schedule a 2h insulator cleaning next thursday during the afternoon on Prayagraj section, as soon as possible",trd,CNB-ALD,high,afternoon
"Kindly schedule a 4h circuit breaker testing in 3 days on the Mathura-Agra stretch, as soon as possible",trd,MTJ-AGC,high,unspecified
"We need to schedule a 1h feeder cable maintenance in 3 days in the afternoon on ALD-MGS, whenever convenient",trd,ALD-MGS,low,afternoon
block section telephone repair required near Mathura to Agra in the afternoon,st,MTJ-AGC,medium,afternoon
"axle counter testing on near Mathura in the morning , urgent a 2h today",st,MTJ-AGC,critical,morning
"Can you schedule plan rail grinding on near Bhopal before dawn tonight, priority",engg,BPL-ET,high,early_morning
Kindly need point machine repair on Mathura to Agra day after tomorrow overnight,st,MTJ-AGC,medium,night
As soon as possible traction substation check required near near Bhopal today in the morning,trd,BPL-ET,high,morning
block instrument check on near Prayagraj during the afternoon a quick tonight,st,ALD-MGS,medium,afternoon
"Kindly insulator cleaning on near Bhopal next thursday in the afternoon, as soon as possible",trd,BPL-ET,high,afternoon
"We need to need deep screening on NDLS-MTJ day after tomorrow in the afternoon, minor",engg,NDLS-MTJ,low,afternoon
"Kindly schedule a 1h deep screening this weekend during the morning on the Prayagraj-Mughalsarai stretch, low priority",engg,ALD-MGS,low,morning
"a 1h power supply inspection on the Prayagraj-Mughalsarai stretch next monday, minor",trd,ALD-MGS,low,unspecified
We need to plan telecom cable repair on near New Delhi in the evening in a week,st,NDLS-MTJ,medium,evening
"Requesting to schedule a 2h formation strengthening day after tomorrow in the afternoon on Bhopal to Itarsi, an emergency",engg,BPL-ET,critical,afternoon
Critical track inspection required near the Bhopal-Itarsi stretch day after tomorrow during the morning,engg,BPL-ET,critical,morning
"Requesting to a quick OHE wire tensioning on Itarsi section in the pre-dawn hours, as soon as possible",trd,BPL-ET,high,early_morning
Whenever convenient signal circuit testing required near CNB-ALD today,st,CNB-ALD,low,unspecified
"plan OHE wire tensioning on Kanpur to Allahabad in the evening in 3 days, minor",trd,CNB-ALD,low,evening
Minor optical fiber repair required near BPL-ET today in the midnight window,st,BPL-ET,low,night
"Requesting to schedule a 1h bridge inspection before dawn on ALD-MGS, urgent",engg,ALD-MGS,critical,early_morning
Can you schedule plan track geometry check on NDLS-MTJ before dawn tonight,engg,NDLS-MTJ,medium,early_morning
"need signal failure attention on Allahabad to Mughalsarai next thursday early morning, high priority",st,ALD-MGS,high,early_morning
traction transformer check required near the Prayagraj-Mughalsarai stretch in a week in the morning,trd,ALD-MGS,medium,morning
Kindly optical fiber repair on the Pandit Deen Dayal Upadhyaya Jn section next saturday at night,st,ALD-MGS,medium,night
We need to schedule a quick block section telephone repair tomorrow in the midnight window on Agra to Kanpur,st,AGC-CNB,medium,night
"Requesting to need track patrolling on the Pandit Deen Dayal Upadhyaya Jn section tonight during the morning, top priority",engg,ALD-MGS,critical,morning
power supply inspection required near the Bhopal-Itarsi stretch this weekend during the morning,trd,BPL-ET,medium,morning
"We need to plan OHE snag rectification on the Prayagraj-Mughalsarai stretch overnight next monday, important",trd,ALD-MGS,high,night
"signal circuit testing on the Prayagraj-Mughalsarai stretch during the afternoon , priority a 2 hour",st,ALD-MGS,high,afternoon
"Kindly schedule traction substation check next monday on near New Delhi, as soon as possible",trd,NDLS-MTJ,high,unspecified
"OHE inspection on near Mathura in the pre-dawn hours , routine a quick next monday",trd,MTJ-AGC,low,early_morning
"optical fiber repair on Itarsi section during the evening , routine a 2h tomorrow",st,BPL-ET,low,evening
Can you schedule need signal cable inspection on Ghaziabad section early morning,st,NDLS-MTJ,medium,early_morning
"schedule a 3h track geometry check today on Mathura to Agra, minor",engg,MTJ-AGC,low,unspecified
"Kindly schedule a 2 hour telecom cable repair next monday in the morning on near Prayagraj, asap",st,ALD-MGS,critical,morning
"point machine repair on Agra to Kanpur , whenever convenient a quick",st,AGC-CNB,low,unspecified
"signal circuit testing on near Agra during the afternoon , low priority a quick next thursday",st,AGC-CNB,low,afternoon
Requesting to plan route relay interlocking check on Bhopal to Itarsi early morning next monday,st,BPL-ET,medium,early_morning
"Please schedule a 2h signal cable inspection in 3 days on the Kanpur-Prayagraj stretch, urgent",st,CNB-ALD,critical,unspecified
optical fiber repair required near Bhopal to Itarsi tomorrow in the morning,st,BPL-ET,medium,morning
"Kindly need block instrument check on the Bhopal-Itarsi stretch next saturday late at night, critical",st,BPL-ET,critical,night
rail welding repair required near NDLS-MTJ tonight in the morning,engg,NDLS-MTJ,medium,morning
traction transformer check on Kanpur Central section a 4h today,trd,AGC-CNB,medium,unspecified
"need auto tensioning device check on Prayagraj section day after tomorrow in the pre-dawn hours, as soon as possible",trd,CNB-ALD,high,early_morning
"We need to schedule track patrolling tonight overnight on Kanpur to Allahabad, an emergency",engg,CNB-ALD,critical,night
Asap rail grinding required near CNB-ALD next thursday during the evening,engg,CNB-ALD,critical,evening
need sleeper replacement on Agra Cantt section this weekend,engg,MTJ-AGC,medium,unspecified
"track patrolling on ALD-MGS in the afternoon , routine a 1h tomorrow",engg,ALD-MGS,low,afternoon
track inspection required near near Prayagraj tomorrow overnight,engg,ALD-MGS,medium,night
"rail joint repair on MTJ-AGC before dawn , high priority a 3h next thursday",engg,MTJ-AGC,high,early_morning
Priority rail joint repair required near NDLS-MTJ next wednesday during the afternoon,engg,NDLS-MTJ,high,afternoon
"Kindly plan track circuit fault on near Kanpur during the morning next monday, whenever convenient",engg,CNB-ALD,low,morning
"track tamping on the Agra-Kanpur stretch during the morning , asap a 2h tomorrow",engg,AGC-CNB,critical,morning
"Please schedule a 2h rail fracture repair next monday in the pre-dawn hours on New Delhi to Mathura, non-urgent",engg,NDLS-MTJ,low,early_morning
"sleeper replacement on Allahabad to Mughalsarai in the pre-dawn hours , important a 1h today",engg,ALD-MGS,high,early_morning
traction substation check required near the Agra-Kanpur stretch next wednesday,trd,AGC-CNB,medium,unspecified
"need signal maintenance on Kanpur to Allahabad day after tomorrow during the afternoon, routine",st,CNB-ALD,low,afternoon
